permit_nbr,area,zip_code,community_plan_area,hillside,use_desc,submitted_date,issue_date,cofo_date,status,status_desc,status_date,construction_type,construction_class,square_footage,valuation_usd,height_ft,wildfire_rebuild,primary_address,lat,lon
25010-30000-00157,Bel Air / Beverly Crest,90077,Bel Air - Beverly Crest,yes,Accessory Living Quarters,2025-01-14,,,In plan check,Verifications in Progress,2025-03-12,Type V-B Construction,Type V (wood-frame),177.0,5000.0,,no,1492 N STONE CANYON ROAD,34.1005,-118.4542
25010-30000-00158,Bel Air / Beverly Crest,90077,Bel Air - Beverly Crest,yes,,2025-01-14,,,In plan check,Verifications in Progress,2025-03-12,,Not stated,,10000.0,,no,1492 N STONE CANYON ROAD,34.1005,-118.4542
25010-30000-00159,Bel Air / Beverly Crest,90077,Bel Air - Beverly Crest,yes,Accessory Dwelling Unit,2025-01-14,,,In plan check,Verifications in Progress,2025-03-12,Type V-B Construction,Type V (wood-frame),834.0,85000.0,,no,1492 N STONE CANYON ROAD,34.1005,-118.4542
25010-10000-00167,Encino / Tarzana,91316,Encino - Tarzana,no,Dwelling - Single Family,2025-01-15,2025-02-26,2025-08-29,Completed (CofO / finaled),CofO Issued,2025-08-29,Type V-B Construction,Type V (wood-frame),1498.5,144127.0,23.4,no,17457 W BULLOCK ST,34.1798,-118.5138
25010-30000-00168,Pacific Palisades,90272,Brentwood - Pacific Palisades,yes,Dwelling - Single Family,2025-01-15,2025-10-16,,Issued (under construction),Issued,2025-10-16,Type V-B Construction,Type V (wood-frame),3792.0,380265.0,28.0,yes,668 N JACON WAY,34.0491,-118.547
25020-30000-00072,Bel Air / Beverly Crest,90210,Bel Air - Beverly Crest,yes,Patio Cover,2025-01-16,2026-05-06,,Issued (under construction),Issued,2026-05-06,Type V-B Construction,Type V (wood-frame),,15000.0,9.83,no,1558 N TOWER GROVE DR,34.0988,-118.4258
25010-20000-00265,Encino / Tarzana,91316,Encino - Tarzana,yes,Patio Cover,2025-01-21,2025-09-05,,Issued (under construction),Issued,2025-09-05,Type V-B Construction,Type V (wood-frame),394.0,68000.0,15.75,no,18060 W RANCHO ST,34.1562,-118.5272
25010-20000-01723,Bel Air / Beverly Crest,90077,Bel Air - Beverly Crest,yes,Recreation Room,2025-01-21,2025-05-13,,Issued (under construction),Issued,2025-05-13,Type V-B Construction,Type V (wood-frame),67.0,7500.0,12.17,no,1641 N STRADELLA ROAD,34.1011,-118.4602
25010-30000-00246,Bel Air / Beverly Crest,90210,Bel Air - Beverly Crest,yes,Dwelling - Single Family,2025-01-21,,,In plan check,Verifications in Progress,2025-04-30,Type V-B Construction,Type V (wood-frame),,7000000.0,,no,50 W BEVERLY PARK WAY,34.1193,-118.4185
25010-30000-00248,Bel Air / Beverly Crest,90210,Bel Air - Beverly Crest,yes,Accessory Dwelling Unit,2025-01-21,,,In plan check,Verifications in Progress,2025-04-30,Type V-B Construction,Type V (wood-frame),,195000.0,,no,50 1/2 W BEVERLY PARK WAY,34.1189,-118.4183
25010-30000-00249,Bel Air / Beverly Crest,90210,Bel Air - Beverly Crest,yes,Recreation Room,2025-01-21,,,In plan check,Verifications in Progress,2025-04-30,Type V-B Construction,Type V (wood-frame),,210000.0,,no,50 W BEVERLY PARK WAY,34.1193,-118.4185
25010-30000-00260,Bel Air / Beverly Crest,90210,Bel Air - Beverly Crest,yes,Dwelling - Single Family,2025-01-21,,,In plan check,Quality Review Completed,2025-02-04,Type V-B Construction,Type V (wood-frame),14615.0,1900000.0,36.0,no,1695 N CLEAR VIEW DR,34.1035,-118.4342
25010-30000-00261,Bel Air / Beverly Crest,90210,Bel Air - Beverly Crest,yes,Accessory Living Quarters,2025-01-21,,,In plan check,Quality Review Completed,2025-02-04,Type V-B Construction,Type V (wood-frame),2816.0,540000.0,,no,1695 N CLEAR VIEW DR,34.1035,-118.4342
25014-20000-00269,Encino / Tarzana,91316,Encino - Tarzana,yes,Dwelling - Single Family,2025-01-21,2025-09-05,,Issued (under construction),Issued,2025-09-05,Type V-B Construction,Type V (wood-frame),6181.0,687000.0,29.08,no,18058-18060 W RANCHO ST,34.1562,-118.527
25010-10000-00274,Pacific Palisades,90272,Brentwood - Pacific Palisades,no,Dwelling - Single Family,2025-01-22,2025-07-14,2026-09-09,Completed (CofO / finaled),CofO Issued,2026-09-09,Type V-B Construction,Type V (wood-frame),3315.5,358000.0,26.17,yes,954 N EMBURY ST,34.0469,-118.5227
25010-30000-00292,Pacific Palisades,90272,Brentwood - Pacific Palisades,yes,Dwelling - Single Family,2025-01-23,2025-11-13,,Issued (under construction),Issued,2025-11-13,Type V-B Construction,Type V (wood-frame),2430.0,600000.0,29.97,yes,1026-1028 N VILLA GROVE DR,34.0488,-118.5137
25010-30000-00297,Pacific Palisades,90272,Brentwood - Pacific Palisades,yes,Dwelling - Single Family,2025-01-23,2025-05-28,,Issued (under construction),Issued,2025-05-28,Type V-B Construction,Type V (wood-frame),2759.0,520000.0,28.0,yes,1311 N GOUCHER ST,34.0526,-118.5214
25010-10000-00583,Encino / Tarzana,91436,Encino - Tarzana,no,Accessory Dwelling Unit,2025-01-24,2026-07-22,,Issued (under construction),Issued,2026-07-22,Type V-B Construction,Type V (wood-frame),743.0,100000.0,16.0,no,5126 N SOPHIA AVE,34.1627,-118.4866
25010-20000-00322,Encino / Tarzana,91356,Encino - Tarzana,no,Patio Cover,2025-01-24,2025-02-24,2025-05-30,Completed (CofO / finaled),CofO Issued,2025-05-30,Type V-B Construction,Type V (wood-frame),567.0,28800.0,11.5,no,5352 N TAMPA AVE,34.1686,-118.5533
25010-10000-00316,Bel Air / Beverly Crest,90210,Bel Air - Beverly Crest,yes,Garage - Private,2025-01-25,2025-11-20,,Issued (under construction),Issued,2025-11-20,Type V-B Construction,Type V (wood-frame),407.0,80000.0,15.2,no,9797 W EASTON DR,34.1088,-118.4312
25010-10000-00641,Encino / Tarzana,91316,Encino - Tarzana,no,Accessory Dwelling Unit,2025-01-25,2026-07-28,,Issued (under construction),Issued,2026-07-28,Type V-B Construction,Type V (wood-frame),740.0,120000.0,15.33,no,17417 W BURBANK BLVD,34.1724,-118.5127
25010-20000-00363,Pacific Palisades,90272,Brentwood - Pacific Palisades,no,Dwelling - Single Family,2025-01-27,2025-06-11,,Issued (under construction),Issued,2025-06-11,Type V-B Construction,Type V (wood-frame),3619.5,700000.0,27.0,yes,1023 N GALLOWAY ST,34.048,-118.5214
25010-10000-00370,Pacific Palisades,90272,Brentwood - Pacific Palisades,yes,Dwelling - Single Family,2025-01-28,2025-07-16,,Issued (under construction),Issued,2025-07-16,Type V-B Construction,Type V (wood-frame),5417.76,515000.0,29.0,yes,539 N RADCLIFFE AVE,34.0395,-118.5318
25010-30000-00388,Pacific Palisades,90272,Brentwood - Pacific Palisades,yes,Dwelling - Single Family,2025-01-29,2025-04-07,2026-08-27,Completed (CofO / finaled),CofO Issued,2026-08-27,Type V-A Construction,Type V (wood-frame),4674.0,760000.0,28.0,yes,549 N MUSKINGUM AVE,34.0441,-118.5392
25010-10000-00163,Bel Air / Beverly Crest,90077,Bel Air - Beverly Crest,yes,,2025-01-30,,,In plan check,Verifications in Progress,2025-11-17,,Not stated,10237.17,1930000.0,,no,1111 N STRADELLA ROAD,34.0919,-118.4545
25010-10000-00165,Bel Air / Beverly Crest,90077,Bel Air - Beverly Crest,yes,,2025-01-30,,,In plan check,Quality Review Completed,2025-02-28,,Not stated,,2000000.0,,no,1121 N STRADELLA ROAD,34.0921,-118.4546
25010-10000-00372,Pacific Palisades,90272,Brentwood - Pacific Palisades,yes,Dwelling - Single Family,2025-01-30,2025-06-12,,Issued (under construction),Issued,2025-06-12,Type V-B Construction,Type V (wood-frame),5439.0,593000.0,30.0,yes,630 N LAS CASAS AVE,34.0468,-118.5423
25010-10000-00413,Pacific Palisades,90272,Brentwood - Pacific Palisades,no,Accessory Dwelling Unit,2025-01-30,2025-06-25,2026-06-29,Completed (CofO / finaled),CofO Issued,2026-06-29,Type V-B Construction,Type V (wood-frame),767.0,80000.0,24.42,yes,635 N ERSKINE DR,34.0439,-118.533
25010-10000-00796,Bel Air / Beverly Crest,90077,Bel Air - Beverly Crest,yes,,2025-01-30,,,In plan check,Quality Review Completed,2025-02-28,,Not stated,,20000.0,,no,1121 N STRADELLA ROAD,34.0921,-118.4546
25016-20000-02737,Encino / Tarzana,91356,Encino - Tarzana,no,Accessory Dwelling Unit,2025-01-30,2025-07-31,,Issued (under construction),Issued,2025-07-31,Type V-B Construction,Type V (wood-frame),2451.0,270000.0,21.25,no,5931 N MELVIN AVE,34.1783,-118.5603
25010-10000-00444,Pacific Palisades,90272,Brentwood - Pacific Palisades,no,Dwelling - Single Family,2025-02-03,2025-06-12,,Issued (under construction),Issued,2025-06-12,Type V-B Construction,Type V (wood-frame),4026.0,800000.0,28.0,yes,413 N VIA DE LA PAZ,34.0375,-118.5297
25010-20000-00471,Encino / Tarzana,91316,Encino - Tarzana,yes,Dwelling - Single Family,2025-02-03,2025-06-10,2026-06-25,Completed (CofO / finaled),CofO Issued,2026-06-25,Type V-A Construction,Type V (wood-frame),4336.0,380000.0,29.5,no,3801-3803 N VISTA LINDA DR,34.1429,-118.5298
25010-10000-00473,Pacific Palisades,90272,Brentwood - Pacific Palisades,no,Dwelling - Single Family,2025-02-04,2025-08-27,,Issued (under construction),Issued,2025-08-27,Type V-B Construction,Type V (wood-frame),7557.0,1511400.0,30.58,yes,321 N SWARTHMORE AVE,34.0363,-118.5288
25010-10000-00485,Pacific Palisades,90272,Brentwood - Pacific Palisades,no,Dwelling - Single Family,2025-02-04,2025-06-27,,Issued (under construction),Issued,2025-06-27,Type V-B Construction,Type V (wood-frame),4079.0,500000.0,30.5,yes,15155 W ALBRIGHT ST,34.0489,-118.5241
25010-10000-00490,Pacific Palisades,90272,Brentwood - Pacific Palisades,no,Accessory Dwelling Unit,2025-02-04,2025-05-28,2026-06-23,Completed (CofO / finaled),CofO Issued,2026-06-23,Type V-B Construction,Type V (wood-frame),761.0,43000.0,13.0,no,523 N SWARTHMORE AVE,34.0386,-118.5284
25010-20000-00480,Encino / Tarzana,91316,Encino - Tarzana,no,Accessory Dwelling Unit,2025-02-04,,,In plan check,PC Info Complete,2025-04-03,Type V-B Construction,Type V (wood-frame),560.0,70000.0,13.67,no,5956 N HESPERIA AVE,34.1794,-118.5261
25010-20000-00494,Encino / Tarzana,91356,Encino - Tarzana,no,Patio Cover,2025-02-04,2025-03-06,,Issued (under construction),Issued,2025-03-06,Type V-B Construction,Type V (wood-frame),216.0,5500.0,13.0,no,5726 N CALVIN AVE,34.1751,-118.5555
25010-20000-00496,Pacific Palisades,90272,Brentwood - Pacific Palisades,yes,Dwelling - Single Family,2025-02-04,2025-07-17,,Issued (under construction),Issued,2025-07-17,Type V-B Construction,Type V (wood-frame),5028.5,535000.0,27.25,yes,807 N RADCLIFFE AVE,34.0456,-118.5301
25010-20000-00497,Pacific Palisades,90272,Brentwood - Pacific Palisades,no,Dwelling - Single Family,2025-02-04,2025-12-17,,Issued (under construction),Issued,2025-12-17,Type V-B Construction,Type V (wood-frame),4465.0,693000.0,28.0,yes,1047 N KAGAWA ST,34.0491,-118.5185
25010-30000-00487,Pacific Palisades,90272,Brentwood - Pacific Palisades,no,Dwelling - Single Family,2025-02-04,2025-03-14,,Issued (under construction),Issued,2025-03-14,Type V-B Construction,Type V (wood-frame),3372.0,485850.0,26.1,yes,810 N GALLOWAY ST,34.0436,-118.5202
25010-10000-00482,Pacific Palisades,90272,Brentwood - Pacific Palisades,no,Dwelling - Single Family,2025-02-05,2025-08-29,,Issued (under construction),Issued,2025-08-29,Type V-B Construction,Type V (wood-frame),3260.8,330000.0,28.0,yes,533 N LOMBARD AVE,34.0388,-118.5267
25010-10000-00508,Pacific Palisades,90272,Brentwood - Pacific Palisades,no,Dwelling - Single Family,2025-02-05,2025-06-27,,Issued (under construction),Issued,2025-06-27,Type V-B Construction,Type V (wood-frame),4575.0,450000.0,27.75,yes,771 N ILIFF ST,34.0433,-118.5183
25010-10000-00509,Pacific Palisades,90272,Brentwood - Pacific Palisades,no,Dwelling - Single Family,2025-02-05,,,In plan check,Quality Review Completed,2025-02-07,Type V-B Construction,Type V (wood-frame),3306.0,600000.0,,yes,870 N FISKE ST,34.045,-118.5215
25010-10000-00624,Pacific Palisades,90272,Brentwood - Pacific Palisades,no,Garage - Private,2025-02-05,2025-08-29,,Issued (under construction),Issued,2025-08-29,Type V-B Construction,Type V (wood-frame),337.0,90299.0,17.0,no,533 N LOMBARD AVE,34.0388,-118.5267
25010-20000-00520,Pacific Palisades,90272,Brentwood - Pacific Palisades,no,Dwelling - Single Family,2025-02-05,2025-08-18,,Issued (under construction),Issued,2025-08-18,Type V-B Construction,Type V (wood-frame),5557.0,619449.0,28.0,yes,770 N ILIFF ST,34.0434,-118.518
25010-20000-00524,Pacific Palisades,90272,Brentwood - Pacific Palisades,no,Dwelling - Single Family,2025-02-05,2025-06-23,,Issued (under construction),Issued,2025-06-23,Type V-B Construction,Type V (wood-frame),4149.0,420000.0,27.83,yes,831 N ILIFF ST,34.0444,-118.5185
25010-10000-00537,Pacific Palisades,90272,Brentwood - Pacific Palisades,no,,2025-02-06,,,In plan check,Quality Review Completed,2025-02-11,,Not stated,,0.0,,no,827 N HARTZELL ST,34.0441,-118.5195
25010-10000-00540,Pacific Palisades,90272,Brentwood - Pacific Palisades,no,Dwelling - Single Family,2025-02-06,,,In plan check,Quality Review Completed,2025-02-11,Type V-B Construction,Type V (wood-frame),3800.0,582500.0,28.0,yes,831 N HARTZELL ST,34.0469,-118.5227
25010-30000-00549,Pacific Palisades,90272,Brentwood - Pacific Palisades,yes,Dwelling - Single Family,2025-02-06,2025-09-03,,Issued (under construction),Issued,2025-09-03,Type V-B Construction,Type V (wood-frame),4375.0,450000.0,31.96,yes,516 N ERSKINE DR,34.0416,-118.534
25010-30000-00554,Pacific Palisades,90272,Brentwood - Pacific Palisades,yes,Dwelling - Single Family,2025-02-06,2025-07-17,,Issued (under construction),Issued,2025-07-17,Type V-B Construction,Type V (wood-frame),4682.0,800000.0,33.0,yes,283 N TRINO WAY,34.0412,-118.5445
25016-30000-03546,Pacific Palisades,90272,Brentwood - Pacific Palisades,no,Dwelling - Single Family,2025-02-07,2025-04-24,2026-07-09,Completed (CofO / finaled),CofO Issued,2026-07-09,Type V-B Construction,Type V (wood-frame),2075.0,158700.0,,yes,14816-14818 W DRUMMOND ST,34.0431,-118.5198
25010-10000-00491,Pacific Palisades,90272,Brentwood - Pacific Palisades,yes,,2025-02-08,,,In plan check,Quality Review Completed,2025-02-12,,Not stated,,400000.0,,no,536 N BIENVENEDA AVE,34.0452,-118.5405
25010-10000-00538,Pacific Palisades,90272,Brentwood - Pacific Palisades,no,,2025-02-10,,,In plan check,Quality Review Completed,2025-02-12,,Not stated,,0.0,,yes,850 N GALLOWAY ST,34.0446,-118.5204
25010-10000-00539,Pacific Palisades,90272,Brentwood - Pacific Palisades,no,,2025-02-10,,,In plan check,Quality Review Completed,2025-02-12,,Not stated,,0.0,,no,1027 N GALLOWAY ST,34.0481,-118.5214
25010-10000-00552,Bel Air / Beverly Crest,90210,Bel Air - Beverly Crest,yes,,2025-02-10,,,In plan check,Quality Review Completed,2025-02-25,,Not stated,,400000.0,,no,1450 N SEABRIGHT PL,34.0969,-118.4242
25010-20000-00604,Pacific Palisades,90272,Brentwood - Pacific Palisades,no,Dwelling - Single Family,2025-02-10,2025-08-07,,Issued (under construction),Issued,2025-08-07,Type V-B Construction,Type V (wood-frame),4328.0,500000.0,27.75,yes,1107 N GALLOWAY ST,34.0494,-118.5219
25010-10000-00613,Pacific Palisades,90272,Brentwood - Pacific Palisades,no,Dwelling - Single Family,2025-02-11,2026-03-11,,Issued (under construction),Issued,2026-03-11,Type V-B Construction,Type V (wood-frame),4483.78,461234.6,27.9,yes,776 N RADCLIFFE AVE 1-2,34.045,-118.53
25010-20000-00622,Encino / Tarzana,91356,Encino - Tarzana,yes,Accessory Dwelling Unit,2025-02-11,2025-06-30,,Issued (under construction),Issued,2025-06-30,Type V-B Construction,Type V (wood-frame),1310.0,140000.0,16.67,no,4615 N CONCHITA WAY,34.1544,-118.5593
25010-30000-00629,Pacific Palisades,90272,Brentwood - Pacific Palisades,no,Dwelling - Single Family,2025-02-11,2025-03-07,2026-07-23,Completed (CofO / finaled),CofO Issued,2026-07-23,Type V-B Construction,Type V (wood-frame),4065.0,570000.0,28.1,yes,15256 W DE PAUW ST,34.038,-118.5257
25014-10000-00622,Pacific Palisades,90272,Brentwood - Pacific Palisades,no,Dwelling - Single Family,2025-02-11,2025-04-28,2026-01-27,Completed (CofO / finaled),CofO Issued,2026-01-27,Type V-B Construction,Type V (wood-frame),3885.3,450000.0,29.58,yes,668 N MUSKINGUM AVE,34.0469,-118.5369
25014-30000-00616,Pacific Palisades,90272,Brentwood - Pacific Palisades,no,Dwelling - Single Family,2025-02-11,2025-05-08,2026-08-06,Completed (CofO / finaled),CofO Issued,2026-08-06,Type V-B Construction,Type V (wood-frame),3174.0,400000.0,28.0,yes,956 N KAGAWA ST,34.0477,-118.5178
25010-10000-00648,Brentwood,90049,Brentwood - Pacific Palisades,no,Recreation Room,2025-02-12,2025-09-19,,Issued (under construction),Issued,2025-09-19,Type V-B Construction,Type V (wood-frame),271.0,33000.0,13.2,no,543 S MORENO AVE,34.0468,-118.4876
25010-10000-00650,Encino / Tarzana,91436,Encino - Tarzana,no,Dwelling - Single Family,2025-02-12,2025-05-15,2026-05-22,Completed (CofO / finaled),CofO Issued,2026-05-22,Type V-B Construction,Type V (wood-frame),5622.0,600000.0,27.5,no,16252-16254 W ADDISON ST,34.1618,-118.4877
25010-30000-00637,Bel Air / Beverly Crest,90210,Bel Air - Beverly Crest,yes,Dwelling - Single Family,2025-02-12,,,In plan check,Verifications in Progress,2025-07-16,Type V-B Construction,Type V (wood-frame),679.0,150000.0,24.1,no,1450 N SEABRIGHT PL,34.0969,-118.4242
25010-10000-00661,Bel Air / Beverly Crest,90077,Bel Air - Beverly Crest,yes,Dwelling - Single Family,2025-02-13,2025-11-13,,Issued (under construction),Issued,2025-11-13,Type V-A Construction,Type V (wood-frame),7059.0,850000.0,36.0,no,1145 N ROBERTO LANE NONE,34.094,-118.4598
25010-20000-00682,Pacific Palisades,90272,Brentwood - Pacific Palisades,no,Dwelling - Single Family,2025-02-13,2025-04-18,,Issued (under construction),Issued,2026-05-06,Type V-B Construction,Type V (wood-frame),3262.0,400000.0,27.67,no,843 N HARTZELL ST,34.0445,-118.5198
25010-10000-00562,Pacific Palisades,90272,Brentwood - Pacific Palisades,yes,Recreation Room,2025-02-14,,,In plan check,Quality Review Completed,2025-03-25,Type V-B Construction,Type V (wood-frame),,200000.0,,no,1570 N CASALE ROAD,34.0609,-118.5042
25010-10000-00693,Bel Air / Beverly Crest,90210,Bel Air - Beverly Crest,yes,Dwelling - Single Family,2025-02-14,2026-08-13,,Issued (under construction),Issued,2026-08-13,Type V-B Construction,Type V (wood-frame),2283.14,530000.0,26.3,no,1373 N RIDGECREST DR,34.0955,-118.4017
25010-30000-00684,Pacific Palisades,90272,Brentwood - Pacific Palisades,no,Dwelling - Single Family,2025-02-14,,,In plan check,PC Info Complete,2026-01-21,Type V-B Construction,Type V (wood-frame),2422.0,325000.0,17.11,yes,514-516 N BEIRUT AVE,34.0389,-118.5302
25010-20000-00716,Encino / Tarzana,91436,Encino - Tarzana,yes,Accessory Dwelling Unit,2025-02-18,2025-04-08,,Issued (under construction),Issued,2025-04-08,Type V-B Construction,Type V (wood-frame),1816.0,100000.0,14.75,no,16659 W ADLON ROAD,34.1467,-118.4964
25010-20000-00734,Brentwood,90049,Encino - Tarzana,yes,Accessory Dwelling Unit,2025-02-18,,,In plan check,Not Ready to Issue,2025-05-29,Type V-B Construction,Type V (wood-frame),1196.0,121000.0,15.5,no,16399 W MULHOLLAND DR,34.1316,-118.4895
25010-20000-00736,Pacific Palisades,90272,Brentwood - Pacific Palisades,no,Dwelling - Single Family,2025-02-18,2025-04-11,2026-08-31,Completed (CofO / finaled),CofO Issued,2026-08-31,Type V-B Construction,Type V (wood-frame),4079.0,500000.0,25.5,no,1121 N EMBURY ST,34.0495,-118.5238
25010-20000-00737,Pacific Palisades,90272,Brentwood - Pacific Palisades,no,Dwelling - Single Family,2025-02-18,2025-07-17,,Issued (under construction),Issued,2025-07-17,Type V-B Construction,Type V (wood-frame),3692.0,505000.0,27.75,yes,1101 N MONUMENT ST,34.0489,-118.5248
25010-30000-00732,Pacific Palisades,90272,Brentwood - Pacific Palisades,yes,Dwelling - Single Family,2025-02-18,2025-09-05,,Issued (under construction),Issued,2025-09-05,Type V-B Construction,Type V (wood-frame),4339.29,500000.0,33.0,yes,15224 W EARLHAM ST,34.0366,-118.5262
25010-10000-00785,Pacific Palisades,90272,Brentwood - Pacific Palisades,no,Accessory Dwelling Unit,2025-02-20,2025-08-15,,Issued (under construction),Issued,2025-08-15,Type V-B Construction,Type V (wood-frame),800.0,100000.0,13.5,no,1015 1/2 N EMBURY ST,34.0475,-118.5235
25014-30000-00786,Pacific Palisades,90272,Brentwood - Pacific Palisades,no,Dwelling - Single Family,2025-02-20,2026-03-23,,Issued (under construction),Issued,2026-03-23,Type V-B Construction,Type V (wood-frame),3689.0,500000.0,27.5,yes,1011 N HARTZELL ST,34.0478,-118.5203
25010-10000-00797,Pacific Palisades,90272,Brentwood - Pacific Palisades,no,Dwelling - Single Family,2025-02-21,2025-07-03,,Issued (under construction),Issued,2025-07-03,Type V-B Construction,Type V (wood-frame),9732.0,1100800.0,32.0,yes,14801 W PAMPAS RICAS BLVD,34.0412,-118.519
25010-10000-02710,Pacific Palisades,90272,Brentwood - Pacific Palisades,no,Accessory Living Quarters,2025-02-21,2025-07-07,,Issued (under construction),Issued,2025-07-07,Type V-B Construction,Type V (wood-frame),284.0,30000.0,13.92,no,14801 W PAMPAS RICAS BLVD,34.0412,-118.519
25010-20000-00802,Encino / Tarzana,91356,Encino - Tarzana,no,Accessory Dwelling Unit,2025-02-21,2025-06-20,2026-05-26,Completed (CofO / finaled),CofO Issued,2026-05-26,Type V-B Construction,Type V (wood-frame),800.0,88000.0,14.5,no,5423 N BOTHWELL ROAD,34.1692,-118.5614
25010-20000-00803,Encino / Tarzana,91356,Encino - Tarzana,no,Recreation Room,2025-02-21,2025-06-20,,Issued (under construction),Issued,2025-06-20,Type V-B Construction,Type V (wood-frame),200.0,21000.0,13.33,no,5421 N BOTHWELL ROAD,34.169,-118.5614
25010-20000-00824,Pacific Palisades,90272,Brentwood - Pacific Palisades,yes,Dwelling - Single Family,2025-02-24,2025-05-14,,Issued (under construction),Issued,2025-05-14,Type V-B Construction,Type V (wood-frame),10778.2,1500000.0,33.0,no,765 N AMALFI DR,34.0429,-118.5109
25010-10000-00795,Pacific Palisades,90272,Brentwood - Pacific Palisades,yes,Dwelling - Single Family,2025-02-25,2025-08-05,,Issued (under construction),Issued,2025-08-05,Type V-B Construction,Type V (wood-frame),10953.0,1594700.0,27.5,yes,910 N CHAUTAUQUA BLVD,34.0469,-118.5227
25010-20000-00838,Encino / Tarzana,91436,Encino - Tarzana,yes,Miscellaneous Bldg/Structure,2025-02-25,2025-10-15,,Issued (under construction),Issued,2025-10-15,Type V-B Construction,Type V (wood-frame),,73000.0,12.83,no,4467 N WOODLEY AVE,34.1529,-118.4849
25010-20000-00843,Pacific Palisades,90272,Brentwood - Pacific Palisades,no,Dwelling - Single Family,2025-02-25,2025-05-02,,Issued (under construction),Issued,2025-05-02,Type V-B Construction,Type V (wood-frame),3172.43,332000.0,27.75,yes,1027 N HARTZELL ST,34.0482,-118.5204
25010-20000-00847,Pacific Palisades,90272,Brentwood - Pacific Palisades,no,Dwelling - Single Family,2025-02-25,2025-05-16,,Issued (under construction),Issued,2025-05-16,Type V-B Construction,Type V (wood-frame),3119.0,310000.0,27.67,yes,1050 N GALLOWAY ST,34.0488,-118.5213
25010-20000-00849,Pacific Palisades,90272,Brentwood - Pacific Palisades,no,Dwelling - Single Family,2025-02-25,,,In plan check,PC Info Complete,2025-06-17,Type V-B Construction,Type V (wood-frame),6113.0,618423.0,27.58,yes,1047 N CHAUTAUQUA BLVD,34.0491,-118.5174
25010-20000-00850,Pacific Palisades,90272,Brentwood - Pacific Palisades,no,Recreation Room,2025-02-25,,,In plan check,PC Info Complete,2025-06-17,Type V-B Construction,Type V (wood-frame),192.0,15000.0,14.16,yes,1047 N CHAUTAUQUA BLVD,34.0491,-118.5174
25010-20000-00854,Encino / Tarzana,91356,Encino - Tarzana,no,Accessory Dwelling Unit,2025-02-25,2025-07-24,,Issued (under construction),Issued,2025-07-24,Type V-A Construction,Type V (wood-frame),772.19,85645.0,17.67,no,5116 N AVENIDA HACIENDA,34.1637,-118.5339
25010-20000-00855,Encino / Tarzana,91356,Encino - Tarzana,no,Patio Cover,2025-02-25,2025-07-24,,Issued (under construction),Issued,2025-07-24,Type V-B Construction,Type V (wood-frame),187.0,20000.0,11.5,no,5114 N AVENIDA HACIENDA,34.1635,-118.5339
25014-30000-00830,Pacific Palisades,90272,Brentwood - Pacific Palisades,yes,Dwelling - Single Family,2025-02-25,2025-10-21,,Issued (under construction),Issued,2025-10-21,Type V-B Construction,Type V (wood-frame),3238.0,615000.0,28.0,yes,680 N LAS CASAS AVE,34.0481,-118.5416
25010-20000-00880,Encino / Tarzana,91316,Encino - Tarzana,yes,Recreation Room,2025-02-26,2026-01-28,,Issued (under construction),Issued,2026-01-28,Type V-B Construction,Type V (wood-frame),209.0,20000.0,16.0,no,17655 W BELINDA ST,34.1527,-118.5179
25010-30000-00876,Pacific Palisades,90272,Brentwood - Pacific Palisades,no,Dwelling - Single Family,2025-02-26,2025-04-04,2026-02-10,Completed (CofO / finaled),CofO Issued,2026-02-10,Type V-B Construction,Type V (wood-frame),3811.0,560000.0,27.92,yes,1050 N ILIFF ST,34.0491,-118.5193
25014-10000-00887,Pacific Palisades,90272,Brentwood - Pacific Palisades,no,Dwelling - Single Family,2025-02-27,2025-05-05,2026-06-22,Completed (CofO / finaled),CofO Issued,2026-06-22,Type V-B Construction,Type V (wood-frame),4919.57,750000.0,,yes,656 N MUSKINGUM AVE,34.0467,-118.537
25010-10000-00910,Brentwood,90049,Westwood,no,Dwelling - Single Family,2025-02-28,2025-08-28,,Issued (under construction),Issued,2025-08-28,Type V-B Construction,Type V (wood-frame),3385.0,589575.0,28.0,no,257 S DENSLOW AVE,34.0713,-118.458
25010-20000-00882,Encino / Tarzana,91356,Encino - Tarzana,yes,Patio Cover,2025-02-28,2025-05-14,2026-02-25,Completed (CofO / finaled),CofO Issued,2026-02-25,Type V-B Construction,Type V (wood-frame),196.0,48179.0,9.83,no,18565 W SILVER HAWK LANE,34.1436,-118.537
25010-20000-00903,Bel Air / Beverly Crest,90077,Bel Air - Beverly Crest,yes,Recreation Room,2025-02-28,2025-05-06,,Issued (under construction),Issued,2025-05-06,Type V-B Construction,Type V (wood-frame),652.0,62000.0,16.46,no,362 N COPA DE ORO ROAD,34.0821,-118.4408
25010-20000-00904,Bel Air / Beverly Crest,90077,Bel Air - Beverly Crest,yes,Patio Cover,2025-02-28,2025-05-06,,Issued (under construction),Issued,2025-05-06,Type V-B Construction,Type V (wood-frame),0.0,7000.0,9.0,no,362 N COPA DE ORO ROAD,34.0821,-118.4408
25014-30000-00926,Pacific Palisades,90272,Brentwood - Pacific Palisades,no,Dwelling - Single Family,2025-02-28,2025-05-16,,Issued (under construction),Issued,2025-05-16,Type V-B Construction,Type V (wood-frame),4177.0,575000.0,28.0,yes,836 N RADCLIFFE AVE,34.0463,-118.5295
25010-10000-00765,Encino / Tarzana,91436,Encino - Tarzana,no,Dwelling - Single Family,2025-03-03,2025-08-11,,Issued (under construction),Issued,2025-08-11,Type V-B Construction,Type V (wood-frame),3668.0,400000.0,27.8,no,16658 W ADDISON ST,34.1638,-118.4965
25010-10000-00943,Pacific Palisades,90272,Brentwood - Pacific Palisades,no,Dwelling - Single Family,2025-03-03,2025-04-10,2026-04-15,Completed (CofO / finaled),CofO Issued,2026-04-15,Type V-B Construction,Type V (wood-frame),2586.0,310000.0,26.3,yes,547 N ERSKINE DR,34.0422,-118.5337
25010-10000-00944,Pacific Palisades,90272,Brentwood - Pacific Palisades,no,Garage - Private,2025-03-03,2025-04-10,2026-04-15,Completed (CofO / finaled),CofO Issued,2026-04-15,Type V-B Construction,Type V (wood-frame),391.0,20000.0,13.83,no,547 N ERSKINE DR,34.0422,-118.5337
25010-10000-01127,Encino / Tarzana,91436,Encino - Tarzana,no,Accessory Dwelling Unit,2025-03-03,2025-08-01,,Issued (under construction),Issued,2025-08-01,Type V-B Construction,Type V (wood-frame),654.0,100000.0,15.16,no,16660 W ADDISON ST,34.1638,-118.4966
25010-20000-00947,Pacific Palisades,90272,Brentwood - Pacific Palisades,no,Dwelling - Single Family,2025-03-03,2025-05-27,,Issued (under construction),Issued,2025-05-27,Type V-B Construction,Type V (wood-frame),3653.0,480000.0,25.29,yes,16764 W BOLLINGER DR,34.0455,-118.5447
22014-30002-05446,Pacific Palisades,90272,Brentwood - Pacific Palisades,yes,Dwelling - Single Family,2025-03-04,2026-04-13,,Issued (under construction),Issued,2026-04-13,Type V-B Construction,Type V (wood-frame),5779.8,745000.0,28.5,yes,16604-16606 W PEQUENO PL,34.0544,-118.5446
25016-10000-06204,Pacific Palisades,90272,Brentwood - Pacific Palisades,no,Dwelling - Single Family,2025-03-06,,,In plan check,Verifications in Progress,2026-08-20,Type V-B Construction,Type V (wood-frame),,900000.0,,yes,418 N VIA DE LA PAZ,34.0376,-118.5293
25016-10000-06835,Pacific Palisades,90272,Brentwood - Pacific Palisades,no,Recreation Room,2025-03-06,,,In plan check,Verifications in Progress,2026-08-20,Type V-B Construction,Type V (wood-frame),,25000.0,,yes,418 N VIA DE LA PAZ,34.0376,-118.5293
25010-10000-00937,Bel Air / Beverly Crest,90077,Bel Air - Beverly Crest,yes,Dwelling - Single Family,2025-03-07,,,In plan check,Verifications in Progress,2026-06-16,,Not stated,,700000.0,,no,375 N CAROLWOOD DR,34.0855,-118.4292
25010-10000-01342,Bel Air / Beverly Crest,90077,Bel Air - Beverly Crest,yes,Accessory Living Quarters,2025-03-07,,,In plan check,Verifications in Progress,2026-06-16,Type II-A Construction,Type I/II (non-combustible),,100000.0,,no,375 N CAROLWOOD DR,34.0855,-118.4292
25010-30000-01004,Pacific Palisades,90272,Brentwood - Pacific Palisades,no,Dwelling - Single Family,2025-03-07,,,In plan check,PC Info Complete,2026-01-23,Type V-B Construction,Type V (wood-frame),3340.14,500000.0,27.96,yes,878 N HARTZELL ST,34.0455,-118.5196
25010-30000-01008,Pacific Palisades,90272,Brentwood - Pacific Palisades,no,Dwelling - Single Family,2025-03-07,2025-06-30,,Issued (under construction),Issued,2025-06-30,Type V-B Construction,Type V (wood-frame),3584.0,500000.0,27.33,yes,854 N GALLOWAY ST,34.0448,-118.5204
25010-30000-01128,Encino / Tarzana,91356,Encino - Tarzana,no,Patio Cover,2025-03-07,2025-05-19,,Issued (under construction),Issued,2025-05-19,Type V-B Construction,Type V (wood-frame),,30000.0,12.0,no,5150 N AVENIDA HACIENDA,34.1645,-118.5336
25010-20000-01020,Pacific Palisades,90272,Brentwood - Pacific Palisades,no,Dwelling - Single Family,2025-03-10,2025-09-29,,Issued (under construction),Issued,2025-09-29,Type V-B Construction,Type V (wood-frame),3567.0,700000.0,27.0,yes,1144 N KAGAWA ST,34.0508,-118.5187
25010-20000-01022,Pacific Palisades,90272,Brentwood - Pacific Palisades,no,Dwelling - Single Family,2025-03-10,2025-09-03,,Issued (under construction),Issued,2025-09-03,Type V-B Construction,Type V (wood-frame),5503.0,830000.0,27.5,yes,15014 W BESTOR BLVD,34.0514,-118.5235
25010-30000-01026,Brentwood,90049,Brentwood - Pacific Palisades,no,Dwelling - Single Family,2025-03-10,2026-04-07,,Issued (under construction),Issued,2026-04-07,Type V-B Construction,Type V (wood-frame),3988.0,1700000.0,21.17,no,209 S 1ST ANITA DR,34.0541,-118.4832
25010-10000-01038,Encino / Tarzana,91316,Encino - Tarzana,no,Accessory Dwelling Unit,2025-03-11,2025-08-27,,Issued (under construction),Issued,2025-08-27,Type V-B Construction,Type V (wood-frame),1131.0,121200.0,20.0,no,17949 W BULLOCK ST,34.1798,-118.5247
25010-10000-01050,Encino / Tarzana,91316,Encino - Tarzana,yes,Accessory Dwelling Unit,2025-03-11,2025-07-29,,Issued (under construction),Issued,2025-07-29,Type V-B Construction,Type V (wood-frame),765.0,130000.0,13.0,no,4703 N WHITE OAK PL,34.1558,-118.5194
25010-30000-01049,Pacific Palisades,90272,Brentwood - Pacific Palisades,yes,Dwelling - Single Family,2025-03-11,2025-09-15,,Issued (under construction),Issued,2025-09-15,Type V-B Construction,Type V (wood-frame),3450.0,500000.0,32.41,yes,16526 W AKRON ST,34.0507,-118.5424
25010-30000-01071,Pacific Palisades,90272,Brentwood - Pacific Palisades,yes,Dwelling - Single Family,2025-03-12,2025-05-12,2026-02-17,Completed (CofO / finaled),CofO Issued,2026-02-17,Type V-B Construction,Type V (wood-frame),2742.0,415000.0,28.0,yes,15034 W MCKENDREE AVE,34.0522,-118.5239
25010-30000-01092,Pacific Palisades,90272,Brentwood - Pacific Palisades,no,Dwelling - Single Family,2025-03-13,,,In plan check,PC Info Complete,2025-07-25,Type V-B Construction,Type V (wood-frame),4026.0,560000.0,29.0,yes,567 N TAHQUITZ PL,34.0442,-118.5379
25010-20000-01103,Pacific Palisades,90272,Brentwood - Pacific Palisades,no,Dwelling - Single Family,2025-03-14,2025-05-23,,Issued (under construction),Issued,2025-05-23,Type V-B Construction,Type V (wood-frame),4148.0,500000.0,27.5,yes,1176 N EMBURY ST,34.051,-118.5239
25010-30000-01102,Pacific Palisades,90272,Brentwood - Pacific Palisades,no,Dwelling - Single Family,2025-03-14,2025-05-08,2026-06-25,Completed (CofO / finaled),CofO Issued,2026-06-25,Type V-B Construction,Type V (wood-frame),3229.0,500000.0,27.5,yes,951 N EMBURY ST,34.0466,-118.5232
25010-30000-01122,Bel Air / Beverly Crest,90210,Bel Air - Beverly Crest,yes,Dwelling - Single Family,2025-03-14,,,In plan check,Verifications in Progress,2025-08-19,Type V-B Construction,Type V (wood-frame),5670.0,1200000.0,22.67,no,2221 N BENEDICT CANYON DR,34.1104,-118.4354
25010-10000-01146,Bel Air / Beverly Crest,90210,Bel Air - Beverly Crest,yes,Dwelling - Single Family,2025-03-17,,,In plan check,Verifications in Progress,2025-09-24,Type V-B Construction,Type V (wood-frame),,1100000.0,,no,9785 W DRAKE LANE,34.1235,-118.4257
25010-30000-01136,Pacific Palisades,90272,Brentwood - Pacific Palisades,yes,Dwelling - Single Family,2025-03-17,2025-05-15,2026-07-02,Completed (CofO / finaled),CofO Issued,2026-07-02,Type V-B Construction,Type V (wood-frame),7662.25,1050000.0,26.08,yes,1419 N MONTE GRANDE PL,34.0754,-118.5579
25010-20000-01166,Brentwood,90049,Brentwood - Pacific Palisades,no,Dwelling - Single Family,2025-03-18,2025-06-10,,Issued (under construction),Issued,2025-06-10,Type V-B Construction,Type V (wood-frame),15299.0,2000000.0,34.75,no,301-303 S ROCKINGHAM AVE,34.051,-118.4935
23016-10001-36405,Pacific Palisades,90272,Brentwood - Pacific Palisades,yes,Dwelling - Single Family,2025-03-19,2025-05-23,,Issued (under construction),Issued,2025-05-23,Type V-B Construction,Type V (wood-frame),0.0,850000.0,,yes,734 N JACON WAY,34.0499,-118.5466
25010-20000-01185,Brentwood,90049,Westwood,no,Recreation Room,2025-03-19,2025-07-11,,Issued (under construction),Issued,2025-07-11,Type V-B Construction,Type V (wood-frame),187.0,11000.0,13.0,no,133 S GLENROY AVE,34.072,-118.4614
25014-10000-01196,Pacific Palisades,90272,Brentwood - Pacific Palisades,no,Dwelling - Single Family,2025-03-19,2025-04-28,,Issued (under construction),Issued,2025-04-28,Type V-B Construction,Type V (wood-frame),3205.05,650000.0,16.25,yes,16966 W LIVORNO DR,34.0427,-118.5487
25010-10000-01204,Pacific Palisades,90272,Brentwood - Pacific Palisades,no,Dwelling - Single Family,2025-03-20,2025-12-15,,Issued (under construction),Issued,2025-12-15,Type V-B Construction,Type V (wood-frame),3765.64,700000.0,28.63,yes,610 N VIA DE LA PAZ,34.0408,-118.5285
25010-10000-01311,Pacific Palisades,90272,Brentwood - Pacific Palisades,no,Accessory Dwelling Unit,2025-03-20,2025-12-15,,Issued (under construction),Issued,2025-12-15,Type V-B Construction,Type V (wood-frame),379.86,100000.0,12.33,yes,608 N VIA DE LA PAZ,34.0407,-118.5284
25010-20000-01199,Pacific Palisades,90272,Brentwood - Pacific Palisades,no,Dwelling - Single Family,2025-03-20,2026-03-12,,Issued (under construction),Issued,2026-03-12,Type V-B Construction,Type V (wood-frame),3267.0,600000.0,27.0,yes,1018 N GALLOWAY ST,34.0479,-118.5211
25010-20000-01203,Pacific Palisades,90272,Brentwood - Pacific Palisades,yes,Dwelling - Single Family,2025-03-20,2026-01-21,,Issued (under construction),Issued,2026-01-21,Type V-B Construction,Type V (wood-frame),8773.2,700000.0,15.5,yes,1444 N LACHMAN LANE,34.0616,-118.5495
25010-30000-01196,Pacific Palisades,90272,Brentwood - Pacific Palisades,yes,Dwelling - Single Family,2025-03-20,2025-05-13,2026-06-11,Completed (CofO / finaled),CofO Issued,2026-06-11,Type V-B Construction,Type V (wood-frame),4841.0,750000.0,30.75,yes,720 N HAVERFORD AVE,34.0435,-118.5292
25010-30000-01197,Pacific Palisades,90272,Brentwood - Pacific Palisades,no,Dwelling - Single Family,2025-03-20,2025-05-02,2026-05-07,Completed (CofO / finaled),CofO Issued,2026-05-07,Type V-B Construction,Type V (wood-frame),2851.0,490000.0,28.52,yes,906 N EMBURY ST,34.0455,-118.5227
25016-30000-08456,Pacific Palisades,90272,Brentwood - Pacific Palisades,yes,Dwelling - Single Family,2025-03-22,2025-09-11,,Issued (under construction),Issued,2025-09-11,Type V-B Construction,Type V (wood-frame),3433.0,450000.0,56.0,yes,842 N LAS CASAS AVE,34.0495,-118.541
25010-10000-01224,Encino / Tarzana,91436,Encino - Tarzana,yes,Accessory Dwelling Unit,2025-03-24,2025-06-30,,Issued (under construction),Issued,2025-06-30,Type V-B Construction,Type V (wood-frame),799.5,110000.0,12.5,no,3503 N ALGINET DR,34.1337,-118.4975
25010-10000-01254,Pacific Palisades,90272,Brentwood - Pacific Palisades,yes,Dwelling - Single Family,2025-03-24,,,In plan check,Quality Review Completed,2025-04-03,,Not stated,,1000000.0,,yes,16933 W DULCE YNEZ LANE,34.0467,-118.5502
25010-20000-01245,Pacific Palisades,90272,Brentwood - Pacific Palisades,no,Dwelling - Single Family,2025-03-24,,,In plan check,PC Info Complete,2025-04-25,Type V-B Construction,Type V (wood-frame),3306.25,356000.0,27.0,yes,870 N FISKE ST,34.045,-118.5215
25010-20000-01246,Pacific Palisades,90272,Brentwood - Pacific Palisades,no,Dwelling - Single Family,2025-03-24,,,In plan check,Corrections Issued,2025-03-27,Type V-B Construction,Type V (wood-frame),3383.0,400000.0,27.75,no,1047 N HARTZELL ST,34.0488,-118.5205
25010-30000-01255,Pacific Palisades,90272,Brentwood - Pacific Palisades,no,Dwelling - Single Family,2025-03-24,2025-07-07,,Issued (under construction),Issued,2025-07-07,Type V-B Construction,Type V (wood-frame),2115.0,320000.0,17.5,yes,1058 N KAGAWA ST,34.0494,-118.5183
25010-30000-01278,Pacific Palisades,90272,Brentwood - Pacific Palisades,yes,Accessory Dwelling Unit,2025-03-25,,,In plan check,Verifications in Progress,2025-06-06,,Not stated,,80000.0,,no,15300 W WHITFIELD AVE,34.0519,-118.5256
25014-30000-01309,Pacific Palisades,90272,Brentwood - Pacific Palisades,yes,Dwelling - Single Family,2025-03-25,2025-05-30,,Issued (under construction),Issued,2025-05-30,Type V-B Construction,Type V (wood-frame),3289.71,450000.0,28.42,yes,15021 W BESTOR BLVD,34.0516,-118.5238
25016-30000-08867,Pacific Palisades,90272,Brentwood - Pacific Palisades,yes,Dwelling - Single Family,2025-03-25,2025-06-18,,Issued (under construction),Issued,2025-06-18,Type V-B Construction,Type V (wood-frame),3929.0,550000.0,27.42,yes,1264 N MONUMENT ST,34.053,-118.5246
25010-10000-01099,Pacific Palisades,90272,Brentwood - Pacific Palisades,yes,,2025-03-26,,,In plan check,Quality Review Completed,2025-04-01,,Not stated,,2117000.0,,no,437 N MOUNT HOLYOKE AVE,34.0383,-118.5314
25010-10000-01287,Pacific Palisades,90272,Brentwood - Pacific Palisades,yes,Storage Building,2025-03-26,,,In plan check,Verifications in Progress,2025-12-17,Type V-B Construction,Type V (wood-frame),360.0,18500.0,10.68,no,15551 W SUNSET BLVD,34.0496,-118.5288
25010-10000-04840,Pacific Palisades,90272,Brentwood - Pacific Palisades,yes,Storage Building,2025-03-26,,,In plan check,Verifications in Progress,2025-12-17,Type V-B Construction,Type V (wood-frame),160.0,501.0,,no,15551 W SUNSET BLVD,34.0496,-118.5288
25010-20000-01198,Encino / Tarzana,91356,Encino - Tarzana,yes,Miscellaneous Bldg/Structure,2025-03-26,,,In plan check,Corrections Issued,2025-03-28,,Not stated,0.0,10000.0,,no,19256 W NORTHFLEET WAY,34.1395,-118.5531
25010-30000-01298,Pacific Palisades,90272,Brentwood - Pacific Palisades,no,Dwelling - Single Family,2025-03-26,2025-07-14,,Issued (under construction),Issued,2025-07-14,Type V-B Construction,Type V (wood-frame),3890.0,413900.0,27.5,yes,1107 N EMBURY ST,34.0491,-118.5238
23014-30001-04077,Pacific Palisades,90272,Brentwood - Pacific Palisades,yes,Dwelling - Single Family,2025-03-28,2025-07-03,,Issued (under construction),Issued,2025-07-03,Type V-B Construction,Type V (wood-frame),4341.0,2000000.0,16.5,yes,1014 N MARONEY LANE,34.0513,-118.5368
25010-20000-01336,Pacific Palisades,90272,Brentwood - Pacific Palisades,yes,Dwelling - Single Family,2025-03-28,2025-12-12,,Issued (under construction),Issued,2025-12-12,Type V-B Construction,Type V (wood-frame),2997.0,300000.0,39.58,no,505 N BIENVENEDA AVE,34.0445,-118.541
25010-30000-01325,Pacific Palisades,90272,Brentwood - Pacific Palisades,no,Dwelling - Single Family,2025-03-28,2025-09-23,,Issued (under construction),Issued,2025-09-23,Type V-B Construction,Type V (wood-frame),4798.0,241000.0,29.5,yes,1130 N ILIFF ST,34.0503,-118.5196
25010-30000-01327,Pacific Palisades,90272,Brentwood - Pacific Palisades,yes,Dwelling - Single Family,2025-03-28,,,In plan check,Verifications in Progress,2025-05-14,Type V-B Construction,Type V (wood-frame),,501.0,,no,449 N ALMAR AVE,34.0412,-118.5384
22010-10001-02231,Bel Air / Beverly Crest,90077,Bel Air - Beverly Crest,yes,,2025-04-01,,,In plan check,Verifications in Progress,2025-07-29,,Not stated,,1250000.0,,no,698 N NIMES ROAD,34.0899,-118.44
25010-30000-01364,Pacific Palisades,90272,Brentwood - Pacific Palisades,yes,Dwelling - Single Family,2025-04-01,2025-05-27,,Issued (under construction),Issued,2025-05-27,Type V-B Construction,Type V (wood-frame),3135.0,470000.0,24.12,yes,1125 N RAVOLI DR,34.0503,-118.5086
25014-30000-01414,Pacific Palisades,90272,Brentwood - Pacific Palisades,yes,Dwelling - Single Family,2025-04-01,2025-08-07,,Issued (under construction),Issued,2025-08-07,Type V-B Construction,Type V (wood-frame),4345.0,440320.0,26.38,yes,569 N MOUNT HOLYOKE AVE,34.04,-118.5299
24010-30001-02745,Pacific Palisades,90272,Brentwood - Pacific Palisades,yes,,2025-04-02,,,In plan check,PC Approved,2025-11-25,,Not stated,,501.0,,no,1334 N MONUMENT ST,34.0541,-118.5241
25010-10000-01376,Pacific Palisades,90272,Brentwood - Pacific Palisades,yes,Dwelling - Single Family,2025-04-02,2025-06-25,,Issued (under construction),Issued,2025-06-25,Type V-B Construction,Type V (wood-frame),3169.0,286335.0,16.58,yes,742 N ENCHANTED WAY,34.0495,-118.5491
25010-10000-01378,Pacific Palisades,90272,Brentwood - Pacific Palisades,yes,Dwelling - Single Family,2025-04-02,,,In plan check,PC Info Complete,2025-08-14,Type V-B Construction,Type V (wood-frame),4662.0,650760.0,28.0,yes,325 N ADERNO WAY,34.0418,-118.5446
25010-20000-01387,Pacific Palisades,90272,Brentwood - Pacific Palisades,no,Dwelling - Single Family,2025-04-02,2025-09-09,,Issued (under construction),Issued,2025-09-09,Type V-B Construction,Type V (wood-frame),4068.0,431000.0,28.0,yes,762 N VIA DE LA PAZ,34.0443,-118.5276
25010-30000-01400,Pacific Palisades,90272,Brentwood - Pacific Palisades,yes,Accessory Dwelling Unit,2025-04-02,2026-07-30,,Issued (under construction),Issued,2026-07-30,Type V-B Construction,Type V (wood-frame),836.0,60000.0,28.0,yes,662 N HAVERFORD AVE,34.0426,-118.5292
25010-10000-01395,Pacific Palisades,90272,Brentwood - Pacific Palisades,no,Dwelling - Single Family,2025-04-03,2025-06-27,,Issued (under construction),Issued,2025-06-27,Type V-B Construction,Type V (wood-frame),3511.0,500000.0,28.0,yes,1022 N HARTZELL ST,34.0482,-118.5202
25010-20000-01389,Encino / Tarzana,91356,Reseda - West Van Nuys,no,Accessory Dwelling Unit,2025-04-03,2025-12-17,,Issued (under construction),Issued,2025-12-17,Type V-B Construction,Type V (wood-frame),1170.0,228000.0,21.17,no,7858 N WILBUR AVE,34.2134,-118.5444
25010-10000-01429,Pacific Palisades,90272,Brentwood - Pacific Palisades,no,Dwelling - Single Family,2025-04-04,2025-09-24,,Issued (under construction),Issued,2025-09-24,Type V-B Construction,Type V (wood-frame),4473.14,500000.0,27.83,yes,1156 N FISKE ST,34.0506,-118.5228
25010-20000-01427,Encino / Tarzana,91436,Encino - Tarzana,yes,Patio Cover,2025-04-04,,,In plan check,Corrections Issued,2025-04-04,Type V-B Construction,Type V (wood-frame),,25000.0,,no,3148 N FOND DR,34.1318,-118.4834
25010-30000-01433,Bel Air / Beverly Crest,90210,Bel Air - Beverly Crest,yes,Dwelling - Single Family,2025-04-04,2025-09-15,,Issued (under construction),Issued,2025-09-15,Type V-B Construction,Type V (wood-frame),2428.39,400000.0,34.5,no,1563 N BEVERLY DR,34.0996,-118.4152
25014-30000-01501,Pacific Palisades,90272,Brentwood - Pacific Palisades,no,Dwelling - Single Family,2025-04-04,2025-07-08,,Issued (under construction),Issued,2025-07-08,Type V-B Construction,Type V (wood-frame),3376.0,400000.0,27.5,yes,859 N HARTZELL ST,34.045,-118.5197
25010-10000-01447,Pacific Palisades,90272,Brentwood - Pacific Palisades,yes,Dwelling - Single Family,2025-04-05,2025-05-21,,Issued (under construction),Issued,2025-05-21,Type V-B Construction,Type V (wood-frame),3199.0,1000000.0,17.5,yes,777 N RADCLIFFE AVE,34.0449,-118.5303
25010-10000-01432,Encino / Tarzana,91316,Reseda - West Van Nuys,no,Dwelling - Single Family,2025-04-06,,,In plan check,PC Approved,2026-07-14,Type V-B Construction,Type V (wood-frame),1175.0,162150.0,,no,17816 W ERWIN ST,34.1837,-118.5215
25010-10000-01456,Encino / Tarzana,91316,Reseda - West Van Nuys,no,Accessory Dwelling Unit,2025-04-06,,,In plan check,Verifications in Progress,2026-06-12,Type V-B Construction,Type V (wood-frame),800.0,120000.0,17.3,no,17815 W DELANO ST,34.1831,-118.5215
25010-10000-02388,Encino / Tarzana,91316,Reseda - West Van Nuys,no,Accessory Dwelling Unit,2025-04-06,,,In plan check,PC Approved,2026-07-14,Type V-B Construction,Type V (wood-frame),,110400.0,,no,17820 W ERWIN ST,34.1837,-118.5216
24014-30001-03190,Pacific Palisades,90272,Brentwood - Pacific Palisades,yes,Dwelling - Single Family,2025-04-07,2025-09-04,,Issued (under construction),Issued,2025-09-04,Type V-B Construction,Type V (wood-frame),3138.0,200000.0,19.0,yes,748 N HAVERFORD AVE,34.0443,-118.529
25010-20000-01474,Pacific Palisades,90272,Brentwood - Pacific Palisades,yes,Dwelling - Single Family,2025-04-07,2025-07-14,,Issued (under construction),Issued,2025-07-14,Type V-B Construction,Type V (wood-frame),3314.0,450000.0,17.0,yes,18020 W SEA REEF DR,34.0466,-118.5691
25014-30000-01521,Pacific Palisades,90272,Brentwood - Pacific Palisades,yes,Dwelling - Single Family,2025-04-07,2025-09-23,,Issued (under construction),Issued,2025-09-23,Type V-A Construction,Type V (wood-frame),8917.0,1750000.0,31.25,yes,16660 W CUMBRE VERDE CT,34.0712,-118.5502
25010-20000-01488,Pacific Palisades,90272,Brentwood - Pacific Palisades,no,Dwelling - Single Family,2025-04-08,2025-05-23,,Issued (under construction),Issued,2025-05-23,Type V-B Construction,Type V (wood-frame),6242.0,10000.0,27.83,yes,1116 N MONUMENT ST,34.0492,-118.5246
25010-20000-01490,Pacific Palisades,90272,Brentwood - Pacific Palisades,no,Dwelling - Single Family,2025-04-08,2025-08-01,,Issued (under construction),Issued,2025-08-01,Type V-B Construction,Type V (wood-frame),3124.0,700000.0,27.0,yes,757 N HARTZELL ST,34.0428,-118.5192
25014-30000-01547,Pacific Palisades,90272,Brentwood - Pacific Palisades,yes,Dwelling - Single Family,2025-04-08,2025-07-14,2026-08-14,Completed (CofO / finaled),CofO Issued,2026-08-14,Type V-B Construction,Type V (wood-frame),3788.0,590000.0,28.25,yes,1003 N BIENVENEDA AVE,34.0518,-118.5402
25010-10000-01509,Pacific Palisades,90272,Brentwood - Pacific Palisades,no,Dwelling - Single Family,2025-04-09,2025-06-04,,Issued (under construction),Issued,2025-06-04,Type V-B Construction,Type V (wood-frame),3426.6,470184.0,24.21,yes,1046 N ILIFF ST,34.0491,-118.5193
25010-10000-01511,Encino / Tarzana,91436,Encino - Tarzana,yes,,2025-04-09,,,In plan check,Verifications in Progress,2025-10-11,,Not stated,,10000.0,,no,16506 W ADLON ROAD,34.145,-118.4931
25010-30000-01528,Pacific Palisades,90272,Brentwood - Pacific Palisades,no,Dwelling - Single Family,2025-04-09,2025-09-10,,Issued (under construction),Issued,2025-09-10,Type V-B Construction,Type V (wood-frame),6378.0,700000.0,27.56,yes,715 N ALMA REAL DR,34.0411,-118.5233
25010-10000-01533,Bel Air / Beverly Crest,90210,Sherman Oaks-Studio City-Toluca Lake-Cahuenga Pass,yes,Security Patrol Office,2025-04-10,,,In plan check,PC Info Complete,2026-09-04,Type V-B Construction,Type V (wood-frame),287.0,80000.0,12.1,no,12001 W MULHOLLAND DR,34.1237,-118.3999
25010-10000-01539,Pacific Palisades,90272,Brentwood - Pacific Palisades,no,Dwelling - Single Family,2025-04-10,2025-05-16,,Issued (under construction),Issued,2025-05-16,Type V-B Construction,Type V (wood-frame),4438.2,900000.0,26.0,yes,565 N OCAMPO DR,34.0386,-118.5202
25010-10000-01541,Pacific Palisades,90272,Brentwood - Pacific Palisades,no,Dwelling - Single Family,2025-04-10,2025-06-03,2026-06-17,Completed (CofO / finaled),CofO Issued,2026-06-17,Type V-B Construction,Type V (wood-frame),1819.0,455060.0,16.5,yes,710 N ILIFF ST,34.0418,-118.5177
25010-10000-01633,Pacific Palisades,90272,Brentwood - Pacific Palisades,no,Garage - Private,2025-04-10,2025-06-05,2026-06-17,Completed (CofO / finaled),CofO Issued,2026-06-17,Type V-B Construction,Type V (wood-frame),255.0,48000.0,13.75,no,710 N ILIFF ST,34.0418,-118.5177
25010-10000-01677,Bel Air / Beverly Crest,90210,Sherman Oaks-Studio City-Toluca Lake-Cahuenga,yes,Mail Order House,2025-04-10,,,In plan check,PC Info Complete,2026-09-04,Type V-B Construction,Type V (wood-frame),176.0,30000.0,10.7,no,12001 W MULHOLLAND DR,34.1237,-118.3999
25010-20000-01545,Pacific Palisades,90272,Brentwood - Pacific Palisades,yes,Accessory Dwelling Unit,2025-04-10,2025-08-22,,Issued (under construction),Issued,2025-08-22,Type V-B Construction,Type V (wood-frame),1155.0,117000.0,26.58,yes,805 N RADCLIFFE AVE,34.0455,-118.5302
25014-30000-01585,Pacific Palisades,90272,Brentwood - Pacific Palisades,no,Dwelling - Single Family,2025-04-10,2025-06-24,,Issued (under construction),Issued,2025-06-24,Type V-B Construction,Type V (wood-frame),4029.0,402900.0,28.0,yes,1126 N MONUMENT ST,34.0495,-118.5246
25010-10000-01550,Pacific Palisades,90272,Brentwood - Pacific Palisades,no,Dwelling - Single Family,2025-04-11,2025-12-04,,Issued (under construction),Issued,2025-12-04,Type V-B Construction,Type V (wood-frame),2464.0,500000.0,23.0,yes,16800 W BOLLINGER DR,34.0449,-118.5454
25010-10000-01551,Pacific Palisades,90272,Brentwood - Pacific Palisades,yes,Dwelling - Single Family,2025-04-11,2025-05-29,2026-07-21,Completed (CofO / finaled),CofO Issued,2026-07-21,Type V-B Construction,Type V (wood-frame),2220.0,350000.0,16.0,yes,909 N ENCHANTED WAY,34.0527,-118.5489
25010-20000-01562,Encino / Tarzana,91356,Encino - Tarzana,no,Dwelling - Single Family,2025-04-11,2025-05-30,,Issued (under construction),Issued,2025-05-30,Type V-B Construction,Type V (wood-frame),1600.0,162000.0,16.5,no,5932-5932 1/2 N TOPEKA DR,34.178,-118.546
25010-20000-01571,Encino / Tarzana,91436,Encino - Tarzana,no,Accessory Dwelling Unit,2025-04-11,2025-06-02,,Issued (under construction),Issued,2025-06-02,Type V-B Construction,Type V (wood-frame),460.54,60000.0,11.75,no,4477 N LIBBIT AVE,34.1534,-118.4932
25010-20000-01573,Encino / Tarzana,91436,Encino - Tarzana,yes,Accessory Dwelling Unit,2025-04-11,2025-09-05,,Issued (under construction),Issued,2025-09-05,Type V-B Construction,Type V (wood-frame),982.0,73000.0,22.5,no,4257 N CLEAR VALLEY DR,34.1484,-118.4857
25010-30000-01591,Pacific Palisades,90272,Brentwood - Pacific Palisades,no,Dwelling - Single Family,2025-04-14,2025-05-28,,Issued (under construction),Issued,2025-05-28,Type V-B Construction,Type V (wood-frame),3496.0,358000.0,27.5,yes,16948 W LIVORNO DR,34.0429,-118.5483
25014-30000-01631,Pacific Palisades,90272,Brentwood - Pacific Palisades,yes,Dwelling - Single Family,2025-04-14,2025-06-09,2025-12-29,Completed (CofO / finaled),CofO Issued,2025-12-29,Type V-B Construction,Type V (wood-frame),6247.12,1260000.0,30.0,yes,1263 N MONUMENT ST,34.0532,-118.5249
25010-10000-01597,Pacific Palisades,90272,Brentwood - Pacific Palisades,yes,Dwelling - Single Family,2025-04-15,2025-06-12,,Issued (under construction),Issued,2025-06-12,Type V-B Construction,Type V (wood-frame),4363.0,500000.0,15.67,yes,16900 W SCENIC PL,34.0523,-118.5482
25010-10000-01617,Pacific Palisades,90272,Brentwood - Pacific Palisades,no,Dwelling - Single Family,2025-04-15,2025-09-03,,Issued (under construction),Issued,2025-09-03,Type V-B Construction,Type V (wood-frame),3197.0,310000.0,26.5,yes,420 N BEIRUT AVE,34.0378,-118.5304
25010-20000-01605,Encino / Tarzana,91436,Encino - Tarzana,yes,Dwelling - Single Family,2025-04-15,2025-06-18,,Issued (under construction),Issued,2025-06-18,Type V-B Construction,Type V (wood-frame),4208.0,458338.0,31.33,no,4650-4652 N LIBBIT AVE,34.1544,-118.4886
25010-20000-01606,Encino / Tarzana,91436,Encino - Tarzana,yes,Dwelling - Single Family,2025-04-15,2025-06-18,,Issued (under construction),Issued,2025-06-18,Type V-B Construction,Type V (wood-frame),1980.0,250000.0,25.5,no,16284 W BERTELLA DR,34.1542,-118.4883
25010-20000-01607,Encino / Tarzana,91436,Encino - Tarzana,yes,Recreation Room,2025-04-15,2025-06-18,,Issued (under construction),Issued,2025-06-18,Type V-B Construction,Type V (wood-frame),330.0,25000.0,12.16,no,4650 N LIBBIT AVE,34.1544,-118.4886
25010-30000-01614,Pacific Palisades,90272,Brentwood - Pacific Palisades,yes,Dwelling - Single Family,2025-04-15,2025-12-04,,Issued (under construction),Issued,2025-12-04,Type V-B Construction,Type V (wood-frame),3898.0,384000.0,24.08,yes,825-825 1/2 N RADCLIFFE AVE,34.0462,-118.53
25014-30000-01664,Pacific Palisades,90272,Brentwood - Pacific Palisades,no,Dwelling - Single Family,2025-04-15,2025-06-12,,Issued (under construction),Issued,2025-06-12,Type V-B Construction,Type V (wood-frame),7251.0,1250000.0,32.19,yes,15228 W DE PAUW ST,34.0371,-118.5251
25010-10000-01377,Pacific Palisades,90272,Brentwood - Pacific Palisades,yes,Dwelling - Single Family,2025-04-16,2026-06-29,,Issued (under construction),Issued,2026-06-29,Type V-B Construction,Type V (wood-frame),6000.0,701263.0,26.75,yes,1226 N MONUMENT ST -,34.052,-118.5248
25010-10000-01601,Pacific Palisades,90272,Brentwood - Pacific Palisades,no,Dwelling - Single Family,2025-04-17,2025-06-25,2026-04-15,Completed (CofO / finaled),CofO Issued,2026-04-15,Type V-B Construction,Type V (wood-frame),1341.0,163000.0,12.5,yes,559 N LAS CASAS AVE,34.0457,-118.5434
25010-20000-01645,Pacific Palisades,90272,Brentwood - Pacific Palisades,no,Dwelling - Single Family,2025-04-17,2025-06-24,,Issued (under construction),Issued,2025-06-24,Type V-B Construction,Type V (wood-frame),10651.0,1400000.0,29.71,no,990 N CORSICA DR,34.0458,-118.5072
25010-30000-01642,Bel Air / Beverly Crest,90077,Bel Air - Beverly Crest,yes,Miscellaneous Bldg/Structure,2025-04-17,2025-06-26,,Issued (under construction),Issued,2025-06-26,Type V-B Construction,Type V (wood-frame),0.0,45000.0,12.0,no,11782 W SOUTHAMPTON CT,34.1099,-118.4749
25014-30000-01691,Pacific Palisades,90272,Brentwood - Pacific Palisades,yes,Dwelling - Single Family,2025-04-17,2025-05-29,,Issued (under construction),Issued,2025-05-29,Type V-B Construction,Type V (wood-frame),4981.0,500000.0,23.0,yes,16157 W ANOKA DR,34.0531,-118.5348
25014-30000-01694,Pacific Palisades,90272,Brentwood - Pacific Palisades,no,Dwelling - Single Family,2025-04-17,2025-06-12,,Issued (under construction),Issued,2025-06-12,Type V-B Construction,Type V (wood-frame),5903.0,600000.0,28.0,yes,1056 N ILIFF ST,34.0493,-118.5194
25010-10000-01653,Pacific Palisades,90272,Brentwood - Pacific Palisades,no,Dwelling - Single Family,2025-04-18,,,In plan check,Corrections Issued,2025-04-22,Type V-B Construction,Type V (wood-frame),3185.5,1500000.0,28.0,no,15515 W CARTHAGE ST,34.043,-118.5299
25010-30000-01654,Pacific Palisades,90272,Brentwood - Pacific Palisades,no,Dwelling - Single Family,2025-04-18,2025-10-29,,Issued (under construction),Issued,2025-10-29,Type V-B Construction,Type V (wood-frame),8527.0,892000.0,30.25,yes,15319 W EARLHAM ST,34.038,-118.5276
25010-10000-01650,Pacific Palisades,90272,Brentwood - Pacific Palisades,no,Dwelling - Single Family,2025-04-21,2025-05-23,,Issued (under construction),Issued,2025-05-23,Type V-B Construction,Type V (wood-frame),5361.0,1608300.0,29.0,yes,15447 W ALBRIGHT ST,34.0502,-118.5272
25010-30000-01688,Pacific Palisades,90272,Brentwood - Pacific Palisades,no,Dwelling - Single Family,2025-04-21,2026-03-03,,Issued (under construction),Issued,2026-03-03,Type V-B Construction,Type V (wood-frame),2456.7,370500.0,29.0,yes,15210 W DE PAUW ST,34.0368,-118.5252
25010-30000-01680,Pacific Palisades,90272,Brentwood - Pacific Palisades,no,Dwelling - Single Family,2025-04-22,2025-06-18,,Issued (under construction),Issued,2025-06-18,Type V-B Construction,Type V (wood-frame),3111.0,470000.0,25.58,yes,930 N EMBURY ST,34.0461,-118.5228
25010-30000-01712,Pacific Palisades,90272,Brentwood - Pacific Palisades,yes,Dwelling - Single Family,2025-04-22,2025-08-06,,Issued (under construction),Issued,2025-08-06,Type V-B Construction,Type V (wood-frame),4554.24,740000.0,30.92,yes,955 N BIENVENEDA AVE,34.0516,-118.54
25010-30000-01713,Pacific Palisades,90272,Brentwood - Pacific Palisades,no,Dwelling - Single Family,2025-04-22,2025-11-19,,Issued (under construction),Issued,2025-11-19,Type V-B Construction,Type V (wood-frame),3494.0,600000.0,28.0,yes,1145 N CHAUTAUQUA BLVD,34.0511,-118.518
25010-30000-01714,Bel Air / Beverly Crest,90210,Bel Air - Beverly Crest,yes,Dwelling - Single Family,2025-04-22,,,In plan check,Verifications in Progress,2025-06-16,Type V-B Construction,Type V (wood-frame),885.0,150000.0,27.08,no,1079 N MAYBROOK DR,34.0902,-118.4284
25010-30000-01637,Pacific Palisades,90272,Brentwood - Pacific Palisades,no,Dwelling - Single Family,2025-04-23,2025-06-02,,Issued (under construction),Issued,2025-06-02,Type V-B Construction,Type V (wood-frame),3400.0,400000.0,28.0,yes,814 N HARTZELL ST,34.0469,-118.5227
25010-30000-01736,Pacific Palisades,90272,Brentwood - Pacific Palisades,no,Dwelling - Single Family,2025-04-23,2025-05-29,,Issued (under construction),Issued,2025-05-29,Type V-B Construction,Type V (wood-frame),3732.0,900000.0,26.25,yes,946 N GALLOWAY ST,34.0469,-118.5209
25010-10000-01718,Pacific Palisades,90272,Brentwood - Pacific Palisades,no,Dwelling - Single Family,2025-04-24,2025-08-05,,Issued (under construction),Issued,2025-08-05,Type V-B Construction,Type V (wood-frame),4152.0,500000.0,28.0,yes,1000 N GALLOWAY ST,34.0475,-118.5211
25010-10000-01720,Pacific Palisades,90272,Brentwood - Pacific Palisades,no,Dwelling - Single Family,2025-04-24,2025-07-07,,Issued (under construction),Issued,2025-07-07,Type V-B Construction,Type V (wood-frame),3228.0,330000.0,28.75,yes,16738 W BOLLINGER DR,34.0464,-118.5444
25010-10000-01757,Pacific Palisades,90272,Brentwood - Pacific Palisades,no,Dwelling - Single Family,2025-04-24,2025-07-28,,Issued (under construction),Issued,2025-07-28,Type V-B Construction,Type V (wood-frame),1745.0,300000.0,18.0,yes,1107 N ILIFF ST,34.0497,-118.5197
25010-10000-01760,Bel Air / Beverly Crest,90077,Bel Air - Beverly Crest,yes,Accessory Dwelling Unit,2025-04-24,2026-02-12,,Issued (under construction),Issued,2026-02-12,Type V-B Construction,Type V (wood-frame),409.0,42000.0,15.87,no,346 N COPA DE ORO ROAD,34.0817,-118.4406
25010-20000-01763,Encino / Tarzana,91356,Encino - Tarzana,no,Accessory Dwelling Unit,2025-04-24,2025-09-09,,Issued (under construction),Issued,2025-09-09,Type V-B Construction,Type V (wood-frame),800.0,80000.0,17.58,no,6126 1/2 N MELVIN AVE,34.1817,-118.5599
25010-20000-01764,Encino / Tarzana,91356,Encino - Tarzana,no,Dwelling - Single Family,2025-04-24,2025-09-09,,Issued (under construction),Issued,2025-09-09,Type V-B Construction,Type V (wood-frame),2665.0,300000.0,18.0,no,6128-6128 1/2 N MELVIN AVE,34.1818,-118.5599
25010-30000-01756,Pacific Palisades,90272,Brentwood - Pacific Palisades,no,,2025-04-24,,,In plan check,Quality Review Completed,2025-04-30,Type V-B Construction,Type V (wood-frame),,501.0,,yes,1115 N VIA DE LA PAZ,34.0496,-118.5266
25010-30000-01758,Pacific Palisades,90272,Brentwood - Pacific Palisades,no,Dwelling - Single Family,2025-04-24,2025-05-29,,Issued (under construction),Issued,2025-05-29,Type V-B Construction,Type V (wood-frame),7915.0,501.0,29.67,yes,531 N CHAPALA DR,34.0385,-118.5212
25010-30000-01759,Pacific Palisades,90272,Brentwood - Pacific Palisades,no,Accessory Living Quarters,2025-04-24,2025-06-03,,Issued (under construction),Issued,2025-06-03,Type V-B Construction,Type V (wood-frame),1413.0,501.0,27.75,yes,531 N CHAPALA DR,34.0385,-118.5212
25014-20000-01815,Encino / Tarzana,91356,Encino - Tarzana,no,Dwelling - Single Family,2025-04-24,2025-09-09,,Issued (under construction),Issued,2025-09-09,Type V-B Construction,Type V (wood-frame),2762.0,250000.0,19.91,no,6126 N MELVIN AVE,34.1817,-118.5599
25010-10000-01762,Pacific Palisades,90272,Brentwood - Pacific Palisades,yes,Dwelling - Single Family,2025-04-25,,,In plan check,PC Info Complete,2025-09-30,Type V-B Construction,Type V (wood-frame),4991.0,918344.0,31.0,yes,16810 W GLYNN DR,34.0627,-118.5502
25010-10000-01767,Brentwood,90049,Brentwood - Pacific Palisades,no,Dwelling - Single Family,2025-04-25,2025-09-26,,Issued (under construction),Issued,2025-09-26,Type V-B Construction,Type V (wood-frame),7690.98,1400000.0,32.17,no,287 S ROCKINGHAM AVE,34.0515,-118.4933
25010-20000-01779,Pacific Palisades,90272,Brentwood - Pacific Palisades,yes,Dwelling - Single Family,2025-04-25,2025-10-09,,Issued (under construction),Issued,2026-03-03,Type V-B Construction,Type V (wood-frame),1835.0,220000.0,15.5,yes,964 N JACON WAY,34.0541,-118.5482
25010-20000-01781,Brentwood,90049,Brentwood - Pacific Palisades,no,Dwelling - Single Family,2025-04-25,2025-08-14,,Issued (under construction),Issued,2025-08-14,Type V-B Construction,Type V (wood-frame),4832.0,531000.0,27.67,no,234 N BOWLING GREEN WAY,34.0625,-118.4773
25010-20000-01782,Brentwood,90049,Brentwood - Pacific Palisades,no,Accessory Dwelling Unit,2025-04-25,2025-08-14,,Issued (under construction),Issued,2025-08-14,Type V-B Construction,Type V (wood-frame),752.3,84000.0,14.83,no,236 N BOWLING GREEN WAY,34.0624,-118.4771
25010-10000-01694,Pacific Palisades,90272,Brentwood - Pacific Palisades,yes,Dwelling - Single Family,2025-04-28,2026-08-04,,Issued (under construction),Issued,2026-08-04,Type V-B Construction,Type V (wood-frame),3036.0,250000.0,23.5,yes,17105 W AVENIDA DE LA HERRADURA,34.0771,-118.5585
25010-10000-01947,Brentwood,90049,Brentwood - Pacific Palisades,yes,Storage Building,2025-04-28,,,In plan check,PC Info Complete,2025-09-24,Type V-B Construction,Type V (wood-frame),170.0,200000.0,16.0,no,991 N OAKMONT DR,34.0714,-118.494
25010-10000-01828,Pacific Palisades,90272,Brentwood - Pacific Palisades,no,Dwelling - Single Family,2025-04-29,2025-06-17,2026-08-06,Completed (CofO / finaled),CofO Issued,2026-08-06,Type V-B Construction,Type V (wood-frame),3315.0,700000.0,26.33,yes,1112 N HARTZELL ST,34.0469,-118.5227
25010-10000-01836,Encino / Tarzana,91436,Encino - Tarzana,no,Accessory Dwelling Unit,2025-04-29,2026-07-23,,Issued (under construction),Issued,2026-07-23,Type V-B Construction,Type V (wood-frame),1340.0,200000.0,21.98,no,4724 N HAYVENHURST AVE,34.1563,-118.4922
23014-10001-00544,Pacific Palisades,90272,Brentwood - Pacific Palisades,yes,Dwelling - Single Family,2025-04-30,2025-06-27,,Issued (under construction),Issued,2025-06-27,Type V-B Construction,Type V (wood-frame),3490.0,117017.0,28.0,yes,607 N MUSKINGUM AVE,34.0454,-118.5382
25010-20000-01870,Pacific Palisades,90272,Brentwood - Pacific Palisades,no,Dwelling - Single Family,2025-04-30,2025-05-27,2026-07-27,Completed (CofO / finaled),CofO Issued,2026-07-27,Type V-A Construction,Type V (wood-frame),4204.0,500000.0,29.58,yes,632 N RADCLIFFE AVE,34.042,-118.5307
25010-20000-01873,Pacific Palisades,90272,Brentwood - Pacific Palisades,no,Dwelling - Single Family,2025-04-30,2025-08-18,,Issued (under construction),Issued,2025-08-18,Type V-B Construction,Type V (wood-frame),5962.0,682585.0,27.75,yes,1160 N MONUMENT ST,34.0504,-118.5248
25010-20000-01883,Pacific Palisades,90272,Brentwood - Pacific Palisades,no,Dwelling - Single Family,2025-04-30,2025-06-30,,Issued (under construction),Issued,2025-06-30,Type V-B Construction,Type V (wood-frame),2740.0,260000.0,26.5,yes,16032 W AIGLON ST,34.0445,-118.5376
25010-20000-01884,Pacific Palisades,90272,Brentwood - Pacific Palisades,no,Accessory Dwelling Unit,2025-04-30,2025-06-30,,Issued (under construction),Issued,2025-06-30,Type V-B Construction,Type V (wood-frame),417.0,41000.0,13.04,yes,16030 W AIGLON ST,34.0444,-118.5377
25010-30000-01869,Pacific Palisades,90272,Brentwood - Pacific Palisades,yes,Dwelling - Single Family,2025-04-30,2025-08-05,,Issued (under construction),Issued,2025-08-05,Type V-B Construction,Type V (wood-frame),2933.0,500000.0,33.0,yes,776 N HAVERFORD AVE,34.0449,-118.5288
25010-10000-01858,Pacific Palisades,90272,Brentwood - Pacific Palisades,no,Accessory Dwelling Unit,2025-05-01,2025-07-15,,Issued (under construction),Issued,2025-07-15,Type V-B Construction,Type V (wood-frame),651.0,54641.0,18.0,yes,1044 N ILIFF ST,34.049,-118.5193
25010-10000-01890,Pacific Palisades,90272,Brentwood - Pacific Palisades,no,Dwelling - Single Family,2025-05-01,2025-09-02,,Issued (under construction),Issued,2025-09-02,Type V-B Construction,Type V (wood-frame),3381.0,336000.0,26.0,yes,905 N GALLOWAY ST,34.0457,-118.5209
25010-20000-01902,Encino / Tarzana,91356,Encino - Tarzana,no,Accessory Dwelling Unit,2025-05-01,,,In plan check,Corrections Issued,2025-05-06,Type V-B Construction,Type V (wood-frame),,75000.0,13.33,no,5418 N CREBS AVE,34.1694,-118.5435
25014-30000-01854,Pacific Palisades,90272,Brentwood - Pacific Palisades,no,Dwelling - Single Family,2025-05-01,2025-06-05,,Issued (under construction),Issued,2025-06-05,Type V-B Construction,Type V (wood-frame),5185.0,500000.0,28.0,yes,847 N GALLOWAY ST,34.0445,-118.5207
22014-10003-06285,Pacific Palisades,90272,Brentwood - Pacific Palisades,yes,Dwelling - Single Family,2025-05-02,2025-05-04,,Issued (under construction),Issued,2025-05-04,,Not stated,,5000.0,,yes,943 N ENCHANTED WAY,34.0534,-118.5489
25010-10000-01905,Pacific Palisades,90272,Brentwood - Pacific Palisades,no,Dwelling - Single Family,2025-05-02,2025-05-23,2026-03-13,Completed (CofO / finaled),CofO Issued,2026-03-13,Type V-B Construction,Type V (wood-frame),2089.0,372000.0,13.0,yes,521 N SWARTHMORE AVE,34.0387,-118.5282
25010-20000-01923,Pacific Palisades,90272,Brentwood - Pacific Palisades,no,Dwelling - Single Family,2025-05-02,2025-09-23,,Issued (under construction),Issued,2025-09-23,Type V-B Construction,Type V (wood-frame),3460.91,503300.0,27.96,yes,15530-15532 W BOWDOIN ST,34.045,-118.5296
25010-20000-01924,Pacific Palisades,90272,Brentwood - Pacific Palisades,no,Dwelling - Single Family,2025-05-02,2025-06-23,,Issued (under construction),Issued,2025-06-23,Type V-B Construction,Type V (wood-frame),5321.72,550000.0,31.42,yes,623 N EL CERCO PL,34.0392,-118.5229
25010-20000-01925,Pacific Palisades,90272,Brentwood - Pacific Palisades,no,Dwelling - Single Family,2025-05-02,2025-06-10,,Issued (under construction),Issued,2025-06-10,Type V-A Construction,Type V (wood-frame),5895.0,1600000.0,28.0,yes,940 N KAGAWA ST,34.0472,-118.5179
25010-30000-01917,Pacific Palisades,90272,Brentwood - Pacific Palisades,yes,Dwelling - Single Family,2025-05-02,2025-07-28,,Issued (under construction),Issued,2025-07-28,Type V-B Construction,Type V (wood-frame),1928.0,501.0,23.0,yes,651 N LACHMAN LANE,34.0484,-118.5465
25010-30000-01934,Pacific Palisades,90272,Brentwood - Pacific Palisades,no,Dwelling - Single Family,2025-05-02,2025-06-06,,Issued (under construction),Issued,2025-06-06,Type V-B Construction,Type V (wood-frame),3097.0,500000.0,30.8,yes,605 N ERSKINE DR,34.0434,-118.5335
25010-30000-01935,Pacific Palisades,90272,Brentwood - Pacific Palisades,yes,Dwelling - Single Family,2025-05-02,2025-07-10,,Issued (under construction),Issued,2025-07-10,Type V-B Construction,Type V (wood-frame),2246.0,375000.0,17.0,yes,1044 N GLENHAVEN DR,34.0538,-118.5467
25010-30000-01940,Pacific Palisades,90272,Brentwood - Pacific Palisades,no,Dwelling - Single Family,2025-05-02,2025-07-28,,Issued (under construction),Issued,2025-07-28,Type V-B Construction,Type V (wood-frame),2866.0,574000.0,28.0,yes,736 N HARTZELL ST,34.0423,-118.5188
25010-10000-01953,Pacific Palisades,90272,Brentwood - Pacific Palisades,no,Dwelling - Single Family,2025-05-05,2025-10-01,,Issued (under construction),Issued,2025-10-01,Type V-B Construction,Type V (wood-frame),3135.0,486000.0,26.08,yes,650 N EL MEDIO AVE,34.0442,-118.5338
25010-10000-02138,Pacific Palisades,90272,Brentwood - Pacific Palisades,no,Garage - Private,2025-05-05,2025-10-01,,Issued (under construction),Issued,2025-10-01,Type V-B Construction,Type V (wood-frame),353.0,114000.0,21.29,no,650 N EL MEDIO AVE,34.0442,-118.5338
25010-30000-01954,Brentwood,90049,Brentwood - Pacific Palisades,yes,Dwelling - Single Family,2025-05-05,,,In plan check,Quality Review Completed,2025-06-06,Type III-B Construction,Type III/IV (mixed / heavy timber),4565.0,500000.0,35.67,no,944 N BLUEGRASS LANE,34.0764,-118.486
25010-10000-02134,Pacific Palisades,90272,Brentwood - Pacific Palisades,no,Accessory Dwelling Unit,2025-05-06,2025-12-03,,Issued (under construction),Issued,2025-12-03,Type V-B Construction,Type V (wood-frame),443.0,63000.0,22.0,yes,1000 N EMBURY ST,34.0472,-118.5231
25010-30000-01966,Pacific Palisades,90272,Brentwood - Pacific Palisades,yes,Dwelling - Single Family,2025-05-06,2025-07-23,,Issued (under construction),Issued,2025-07-23,Type V-B Construction,Type V (wood-frame),9132.0,1400000.0,36.21,yes,325 N ARNO WAY,34.0469,-118.5227
25010-30000-01970,Pacific Palisades,90272,Brentwood - Pacific Palisades,no,Dwelling - Single Family,2025-05-06,2025-09-16,,Issued (under construction),Issued,2025-09-16,Type V-B Construction,Type V (wood-frame),3098.0,445798.0,24.5,yes,1111 N EMBURY ST,34.0492,-118.5237
25010-30000-01971,Pacific Palisades,90272,Brentwood - Pacific Palisades,no,Accessory Dwelling Unit,2025-05-06,2025-09-16,,Issued (under construction),Issued,2025-09-16,Type V-B Construction,Type V (wood-frame),1200.0,164400.0,20.25,yes,1109 N EMBURY ST,34.0492,-118.5239
25016-10000-14515,Pacific Palisades,90272,Brentwood - Pacific Palisades,no,Dwelling - Single Family,2025-05-06,2025-12-03,,Issued (under construction),Issued,2025-12-03,Type V-B Construction,Type V (wood-frame),3449.0,550000.0,34.6,yes,1000 N EMBURY ST,34.0472,-118.5231
25010-10000-01904,Brentwood,90049,Brentwood - Pacific Palisades,no,Accessory Dwelling Unit,2025-05-07,2025-12-05,,Issued (under construction),Issued,2025-12-05,Type V-B Construction,Type V (wood-frame),1097.0,280000.0,25.17,no,11760 W CRESCENDA ST,34.0669,-118.4736
25010-10000-01956,Pacific Palisades,90272,Brentwood - Pacific Palisades,yes,Dwelling - Single Family,2025-05-07,2025-10-07,,Issued (under construction),Issued,2025-10-07,Type V-B Construction,Type V (wood-frame),2498.0,252298.0,17.5,yes,17952 W TRAMONTO DR,34.0433,-118.5653
25010-10000-02200,Encino / Tarzana,91356,Encino - Tarzana,no,Patio Cover,2025-05-07,2025-06-26,2026-02-25,Completed (CofO / finaled),CofO Issued,2026-02-25,Type V-B Construction,Type V (wood-frame),405.0,15000.0,11.0,no,5807 N CALVIN AVE,34.1763,-118.5559
25010-20000-01987,Pacific Palisades,90272,Brentwood - Pacific Palisades,no,Dwelling - Single Family,2025-05-07,2025-07-15,,Issued (under construction),Issued,2025-07-15,Type V-B Construction,Type V (wood-frame),1565.0,186000.0,17.0,yes,16701 W SUNSET BLVD,34.0465,-118.5441
25010-20000-01990,Pacific Palisades,90272,Brentwood - Pacific Palisades,no,Dwelling - Single Family,2025-05-07,2025-07-21,,Issued (under construction),Issued,2025-07-21,Type V-B Construction,Type V (wood-frame),2814.0,600000.0,29.2,yes,511 N SWARTHMORE AVE,34.0385,-118.5282
25010-30000-01837,Pacific Palisades,90272,Brentwood - Pacific Palisades,no,Dwelling - Single Family,2025-05-07,2025-07-14,,Issued (under construction),Issued,2025-07-14,Type V-B Construction,Type V (wood-frame),3544.0,550000.0,28.5,yes,1120 N EMBURY ST,34.0495,-118.5236
25010-30000-01998,Pacific Palisades,90272,Brentwood - Pacific Palisades,no,Dwelling - Single Family,2025-05-07,2025-08-29,,Issued (under construction),Issued,2025-08-29,Type V-B Construction,Type V (wood-frame),3127.0,616000.0,28.5,yes,711 N HAVERFORD AVE,34.0433,-118.5295
25010-10000-01984,Pacific Palisades,90272,Brentwood - Pacific Palisades,no,Dwelling - Single Family,2025-05-08,2025-07-09,,Issued (under construction),Issued,2025-07-09,Type V-B Construction,Type V (wood-frame),4173.95,634684.0,27.75,yes,1118 N CHARM ACRES PL,34.0493,-118.5256
25010-10000-02008,Pacific Palisades,90272,Brentwood - Pacific Palisades,yes,Dwelling - Single Family,2025-05-08,2025-10-07,,Issued (under construction),Issued,2025-10-07,Type V-B Construction,Type V (wood-frame),3117.0,1000000.0,13.17,yes,16050 W ANOKA DR,34.0535,-118.5341
25010-20000-02016,Pacific Palisades,90272,Brentwood - Pacific Palisades,no,Dwelling - Single Family,2025-05-08,2025-11-13,,Issued (under construction),Issued,2025-11-13,Type V-B Construction,Type V (wood-frame),7533.0,1000000.0,28.0,yes,738 N CHAPALA DR,34.0411,-118.5222
25010-30000-02015,Pacific Palisades,90272,Brentwood - Pacific Palisades,yes,Dwelling - Single Family,2025-05-08,2025-06-25,2026-05-29,Completed (CofO / finaled),CofO Issued,2026-05-29,Type V-B Construction,Type V (wood-frame),4131.0,570000.0,31.62,yes,14742 W MCKENDREE AVE,34.0523,-118.5211
25010-20000-02036,Brentwood,90049,Brentwood - Pacific Palisades,yes,Dwelling - Single Family,2025-05-09,2025-10-01,,Issued (under construction),Issued,2025-10-01,Type V-B Construction,Type V (wood-frame),4556.0,557000.0,27.42,no,465-467 N BONHILL ROAD,34.0677,-118.4819
25010-30000-02055,Pacific Palisades,90272,Brentwood - Pacific Palisades,yes,Dwelling - Single Family,2025-05-09,2025-07-25,,Issued (under construction),Issued,2025-07-25,Type V-B Construction,Type V (wood-frame),4350.0,744000.0,27.16,yes,15275 W FRIENDS ST,34.0361,-118.527
25010-10000-02054,Bel Air / Beverly Crest,90210,Bel Air - Beverly Crest,yes,Accessory Living Quarters,2025-05-10,,,In plan check,Quality Review Completed,2025-06-05,Type V-B Construction,Type V (wood-frame),2655.69,300000.0,,no,1967 N BENEDICT CANYON DR,34.1067,-118.4365
25010-10000-02071,Brentwood,90049,Brentwood - Pacific Palisades,no,Patio Cover,2025-05-12,2025-06-17,2026-01-02,Completed (CofO / finaled),CofO Issued,2026-01-02,Type V-B Construction,Type V (wood-frame),0.0,5000.0,10.0,no,1385 S BRINKLEY AVE,34.0534,-118.4962
25010-20000-02072,Brentwood,90049,Brentwood - Pacific Palisades,no,Dwelling - Single Family,2025-05-12,2025-10-08,,Issued (under construction),Issued,2025-10-08,Type V-B Construction,Type V (wood-frame),1518.0,190000.0,17.5,no,11419 W BOLAS ST,34.0642,-118.4622
25010-20000-02074,Brentwood,90049,Brentwood - Pacific Palisades,no,Patio Cover,2025-05-12,,,In plan check,PC Approved,2025-10-10,Type V-B Construction,Type V (wood-frame),215.0,10000.0,,no,11419 W BOLAS ST,34.0642,-118.4622
25010-30000-01862,Pacific Palisades,90272,Brentwood - Pacific Palisades,yes,Dwelling - Single Family,2025-05-12,2025-05-28,,Issued (under construction),Issued,2025-05-28,Type V-A Construction,Type V (wood-frame),5120.0,517120.0,32.0,yes,301 N MOUNT HOLYOKE AVE,34.0362,-118.5327
25010-20000-02088,Pacific Palisades,90272,Brentwood - Pacific Palisades,no,Dwelling - Single Family,2025-05-13,2025-08-06,,Issued (under construction),Issued,2025-08-06,Type V-B Construction,Type V (wood-frame),4142.0,650000.0,29.97,yes,601 N ERSKINE DR,34.0433,-118.5336
25010-20000-02089,Pacific Palisades,90272,Brentwood - Pacific Palisades,no,Dwelling - Single Family,2025-05-13,2025-08-14,,Issued (under construction),Issued,2025-08-14,Type V-B Construction,Type V (wood-frame),5193.0,550000.0,27.9,yes,1050 N EMBURY ST,34.0485,-118.5233
25010-30000-02078,Pacific Palisades,90272,Brentwood - Pacific Palisades,no,Dwelling - Single Family,2025-05-13,2025-08-12,,Issued (under construction),Issued,2025-08-12,Type V-B Construction,Type V (wood-frame),4850.0,860000.0,29.25,yes,15969 W ASILOMAR BLVD,34.0404,-118.5382
25010-30000-02079,Pacific Palisades,90272,Brentwood - Pacific Palisades,no,Accessory Dwelling Unit,2025-05-13,2025-08-12,,Issued (under construction),Issued,2025-08-12,Type V-B Construction,Type V (wood-frame),336.0,84000.0,13.5,yes,15967 W ASILOMAR BLVD,34.0405,-118.5383
25010-30000-02092,Pacific Palisades,90272,Brentwood - Pacific Palisades,yes,Dwelling - Single Family,2025-05-13,2026-02-19,,Issued (under construction),Issued,2026-02-19,Type V-A Construction,Type V (wood-frame),1863.0,450000.0,25.42,yes,669 N MUSKINGUM AVE,34.047,-118.5372
25010-30000-02093,Pacific Palisades,90272,Brentwood - Pacific Palisades,yes,Accessory Dwelling Unit,2025-05-13,2026-02-19,,Issued (under construction),Issued,2026-02-19,Type V-B Construction,Type V (wood-frame),390.0,80000.0,10.42,yes,671 N MUSKINGUM AVE,34.0469,-118.5374
25010-20000-02104,Brentwood,90049,Brentwood - Pacific Palisades,no,Dwelling - Single Family,2025-05-14,2026-02-20,,Issued (under construction),Issued,2026-02-20,Type V-B Construction,Type V (wood-frame),4521.75,518000.0,28.0,no,415 S WESTGATE AVE,34.0553,-118.4718
25010-20000-02105,Brentwood,90049,Brentwood - Pacific Palisades,no,Accessory Dwelling Unit,2025-05-14,2026-02-20,,Issued (under construction),Issued,2026-02-20,Type V-B Construction,Type V (wood-frame),700.0,76558.0,15.64,no,417 S WESTGATE AVE,34.0554,-118.472
25010-20000-02107,Brentwood,90049,Brentwood - Pacific Palisades,no,Dwelling - Single Family,2025-05-14,2026-03-06,,Issued (under construction),Issued,2026-03-06,Type V-B Construction,Type V (wood-frame),4585.56,494000.0,31.28,no,411 S WESTGATE AVE,34.0555,-118.4718
25010-20000-02108,Brentwood,90049,Brentwood - Pacific Palisades,no,Accessory Dwelling Unit,2025-05-14,2026-03-06,,Issued (under construction),Issued,2026-03-06,Type V-B Construction,Type V (wood-frame),708.0,96996.0,18.0,no,409 S WESTGATE AVE,34.0555,-118.4718
20014-30004-05590,Pacific Palisades,90272,Brentwood - Pacific Palisades,no,Garage - Private,2025-05-15,2025-07-29,,Issued (under construction),Issued,2025-07-29,Type V-B Construction,Type V (wood-frame),977.0,30000.0,26.7,yes,16901 W SUNSET BLVD,34.0429,-118.5466
20016-30003-32457,Pacific Palisades,90272,Brentwood - Pacific Palisades,no,Dwelling - Single Family,2025-05-15,2025-07-29,,Issued (under construction),Issued,2025-07-29,Type V-B Construction,Type V (wood-frame),2132.0,30000.0,18.25,yes,16901 W SUNSET BLVD,34.0429,-118.5466
25010-10000-02101,Pacific Palisades,90272,Brentwood - Pacific Palisades,no,Dwelling - Single Family,2025-05-15,2025-08-22,,Issued (under construction),Issued,2025-08-22,Type V-B Construction,Type V (wood-frame),5496.0,900000.0,28.5,yes,869 N TOYOPA DR,34.044,-118.5233
25010-10000-02311,Encino / Tarzana,91436,Encino - Tarzana,no,Dwelling - Single Family,2025-05-15,2025-10-09,,Issued (under construction),Issued,2025-10-09,Type V-B Construction,Type V (wood-frame),800.0,100000.0,16.33,no,4761 N FIRMAMENT AVE,34.1577,-118.4729
25010-30000-02132,Pacific Palisades,90272,Brentwood - Pacific Palisades,yes,Dwelling - Single Family,2025-05-15,2025-07-07,2026-04-09,Completed (CofO / finaled),CofO Issued,2026-04-09,Type V-B Construction,Type V (wood-frame),2170.6,300000.0,17.5,yes,15201 W MCKENDREE AVE,34.0528,-118.525
25010-30000-02133,Pacific Palisades,90272,Brentwood - Pacific Palisades,no,Dwelling - Single Family,2025-05-15,2026-06-03,,Issued (under construction),Issued,2026-06-03,Type V-B Construction,Type V (wood-frame),3454.6,350000.0,28.38,yes,16778 W EDGAR ST,34.0459,-118.5456
25010-10000-02120,Pacific Palisades,90272,Brentwood - Pacific Palisades,no,Dwelling - Single Family,2025-05-16,2025-08-27,,Issued (under construction),Issued,2025-08-27,Type V-B Construction,Type V (wood-frame),1862.0,311127.0,17.83,yes,16775 W LIVORNO DR,34.0449,-118.5446
25010-10000-02123,Pacific Palisades,90272,Brentwood - Pacific Palisades,no,Dwelling - Single Family,2025-05-16,2025-08-20,,Issued (under construction),Issued,2025-08-20,Type V-B Construction,Type V (wood-frame),2372.0,700000.0,20.58,yes,16766 W EDGAR ST,34.0462,-118.5454
25010-10000-02151,Encino / Tarzana,91316,Encino - Tarzana,no,Accessory Dwelling Unit,2025-05-16,2025-09-28,,In plan check,CofO in Progress,2026-05-20,Type V-B Construction,Type V (wood-frame),797.5,132000.0,14.33,no,5628 N LASAINE AVE,34.1732,-118.5103
25010-30000-02145,Pacific Palisades,90272,Brentwood - Pacific Palisades,yes,Dwelling - Single Family,2025-05-16,2025-10-17,,Issued (under construction),Issued,2025-10-17,Type V-B Construction,Type V (wood-frame),2381.0,200000.0,21.75,yes,581 N MOUNT HOLYOKE AVE,34.0402,-118.5298
25010-30000-02147,Bel Air / Beverly Crest,90210,Bel Air - Beverly Crest,yes,Dwelling - Single Family,2025-05-16,,,In plan check,Verifications in Progress,2026-07-29,Type V-B Construction,Type V (wood-frame),,2000000.0,,no,1436 N BELLA DR,34.096,-118.4327
25010-30000-02148,Bel Air / Beverly Crest,90210,Bel Air - Beverly Crest,yes,Patio Cover,2025-05-16,,,In plan check,Verifications in Progress,2026-07-29,Type V-B Construction,Type V (wood-frame),,5000.0,,no,1436 N BELLA DR,34.096,-118.4327
25010-30000-02169,Pacific Palisades,90272,Brentwood - Pacific Palisades,no,Dwelling - Single Family,2025-05-19,2026-06-10,,Issued (under construction),Issued,2026-06-10,Type V-B Construction,Type V (wood-frame),4179.19,570000.0,30.08,yes,15257 W EARLHAM ST,34.0376,-118.5265
25010-30000-02171,Brentwood,90049,Bel Air - Beverly Crest,yes,Miscellaneous Bldg/Structure,2025-05-19,,,In plan check,PC Approved,2025-11-14,Type V-B Construction,Type V (wood-frame),,50000.0,,no,11404 W BELLAGIO ROAD,34.0799,-118.4633
23014-30003-02143,Pacific Palisades,90272,Brentwood - Pacific Palisades,yes,Dwelling - Single Family,2025-05-20,2025-09-25,,Issued (under construction),Issued,2025-09-25,Type V-B Construction,Type V (wood-frame),4822.0,500000.0,24.5,yes,547 N MUSKINGUM AVE,34.044,-118.5392
25010-10000-02193,Pacific Palisades,90272,Brentwood - Pacific Palisades,yes,Dwelling - Single Family,2025-05-20,,,In plan check,PC Info Complete,2025-10-30,Type V-B Construction,Type V (wood-frame),3362.19,450000.0,24.5,yes,1170 N EL MEDIO AVE,34.0545,-118.5332
25010-20000-02202,Pacific Palisades,90272,Brentwood - Pacific Palisades,no,Dwelling - Single Family,2025-05-20,2025-06-26,2026-07-08,Completed (CofO / finaled),CofO Issued,2026-07-08,Type V-B Construction,Type V (wood-frame),3265.0,390000.0,28.0,yes,1047 N FISKE ST,34.0485,-118.5225
25010-30000-02181,Pacific Palisades,90272,Brentwood - Pacific Palisades,no,Dwelling - Single Family,2025-05-20,2025-08-28,,Issued (under construction),Issued,2025-08-28,Type V-B Construction,Type V (wood-frame),4447.0,550000.0,26.0,yes,850 N ILIFF ST,34.045,-118.5184
25010-30000-02183,Pacific Palisades,90272,Brentwood - Pacific Palisades,yes,Dwelling - Single Family,2025-05-20,2025-09-17,,Issued (under construction),Issued,2025-09-17,Type V-B Construction,Type V (wood-frame),6907.0,700000.0,24.18,yes,1130 N EL MEDIO AVE,34.0544,-118.5318
25010-10000-01978,Pacific Palisades,90272,Brentwood - Pacific Palisades,yes,Dwelling - Single Family,2025-05-21,2025-07-11,2026-07-07,Completed (CofO / finaled),CofO Issued,2026-07-07,Type V-B Construction,Type V (wood-frame),2280.0,948300.0,13.0,yes,624-626 N LAS CASAS AVE,34.0467,-118.5422
25010-20000-02217,Encino / Tarzana,91316,Encino - Tarzana,no,Accessory Dwelling Unit,2025-05-21,2025-08-06,,Issued (under construction),Issued,2025-08-06,Type V-B Construction,Type V (wood-frame),520.0,60000.0,13.91,no,5703 N BERTRAND AVE,34.1744,-118.5246
25010-20000-02222,Pacific Palisades,90272,Brentwood - Pacific Palisades,yes,Dwelling - Single Family,2025-05-21,2025-07-18,,Issued (under construction),Issued,2025-07-18,Type V-B Construction,Type V (wood-frame),2411.0,240000.0,15.33,yes,16925 W DONNA YNEZ LANE,34.0476,-118.5505
25010-10000-01958,Pacific Palisades,90272,Brentwood - Pacific Palisades,yes,Dwelling - Single Family,2025-05-22,,,In plan check,PC Info Complete,2026-08-28,Type V-B Construction,Type V (wood-frame),2533.5,900000.0,24.08,yes,858 N OREO PL,34.0495,-118.5383
25010-10000-02051,Pacific Palisades,90272,Brentwood - Pacific Palisades,yes,Dwelling - Single Family,2025-05-22,2025-07-30,,Issued (under construction),Issued,2025-07-30,Type V-B Construction,Type V (wood-frame),2019.0,500000.0,13.0,yes,667 N PALMERA AVE,34.0471,-118.5384
25010-10000-02220,Pacific Palisades,90272,Brentwood - Pacific Palisades,yes,Dwelling - Single Family,2025-05-22,2025-12-19,,Issued (under construction),Issued,2025-12-19,Type V-B Construction,Type V (wood-frame),6512.0,2800000.0,28.0,yes,1334 N GOUCHER ST,34.0531,-118.5223
25010-10000-02228,Pacific Palisades,90272,Brentwood - Pacific Palisades,yes,Dwelling - Single Family,2025-05-22,2025-09-08,,Issued (under construction),Issued,2025-09-08,Type V-B Construction,Type V (wood-frame),3161.0,1250000.0,24.33,yes,1241 N BIENVENEDA AVE,34.0576,-118.542
25010-30000-02262,Pacific Palisades,90272,Brentwood - Pacific Palisades,yes,Dwelling - Single Family,2025-05-22,2026-04-01,,Issued (under construction),Issued,2026-04-01,Type V-B Construction,Type V (wood-frame),2692.0,375000.0,29.7,yes,887 N CHATTANOOGA AVE,34.05,-118.5435
25010-30000-02269,Bel Air / Beverly Crest,90210,Bel Air - Beverly Crest,yes,,2025-05-22,,,In plan check,Quality Review Completed,2025-06-20,,Not stated,,150000.0,,no,2859 N COLDWATER CANYON DR,34.1244,-118.4028
25010-30000-02270,Bel Air / Beverly Crest,90210,Bel Air - Beverly Crest,yes,Accessory Living Quarters,2025-05-22,,,In plan check,Quality Review Completed,2025-06-20,Type V-B Construction,Type V (wood-frame),,150000.0,,no,2859 N COLDWATER CANYON DR,34.1244,-118.4028
25010-30000-02271,Bel Air / Beverly Crest,90210,Bel Air - Beverly Crest,yes,,2025-05-22,,,In plan check,Quality Review Completed,2025-06-20,,Not stated,,150000.0,,no,2859 N COLDWATER CANYON DR,34.1244,-118.4028
25014-30000-01895,Pacific Palisades,90272,Brentwood - Pacific Palisades,yes,Dwelling - Single Family,2025-05-22,2025-06-23,,Issued (under construction),Issued,2025-06-23,Type V-B Construction,Type V (wood-frame),9213.0,930000.0,31.25,yes,16043 W ANOKA DR,34.0537,-118.5345
25014-30000-02308,Pacific Palisades,90272,Brentwood - Pacific Palisades,no,Dwelling - Single Family,2025-05-22,2025-08-25,,Issued (under construction),Issued,2025-08-25,Type V-B Construction,Type V (wood-frame),3685.0,400000.0,27.75,yes,16008 W MIAMI WAY,34.0448,-118.5367
23010-20001-04869,Pacific Palisades,90272,Brentwood - Pacific Palisades,no,Dwelling - Single Family,2025-05-23,2025-05-23,,Completed (CofO / finaled),Permit Finaled,2026-03-10,,Not stated,,286000.0,,yes,16011 W MIAMI WAY,34.0452,-118.5367
25010-10000-01543,Bel Air / Beverly Crest,90210,Bel Air - Beverly Crest,yes,,2025-05-23,,,In plan check,Quality Review Completed,2025-06-03,,Not stated,,30000000.0,,no,9712 W OAK PASS ROAD,34.117,-118.4299
25010-10000-02177,Pacific Palisades,90272,Brentwood - Pacific Palisades,no,Dwelling - Single Family,2025-05-23,2025-06-25,,Issued (under construction),Issued,2025-06-25,Type V-B Construction,Type V (wood-frame),3333.0,330000.0,27.83,yes,835 N HARTZELL ST,34.0443,-118.5196
25010-10000-02264,Pacific Palisades,90272,Brentwood - Pacific Palisades,no,Dwelling - Single Family,2025-05-23,2026-01-05,,Issued (under construction),Issued,2026-01-05,Type V-B Construction,Type V (wood-frame),2842.0,546522.0,23.5,yes,818 N RADCLIFFE AVE,34.0459,-118.5297
25010-10000-02425,Pacific Palisades,90272,Brentwood - Pacific Palisades,no,Garage - Private,2025-05-23,2026-01-16,,Issued (under construction),Issued,2026-01-16,Type V-B Construction,Type V (wood-frame),0.0,19305.0,11.92,yes,818 N RADCLIFFE AVE,34.0459,-118.5297
25010-20000-02287,Pacific Palisades,90272,Brentwood - Pacific Palisades,yes,Dwelling - Single Family,2025-05-23,2025-06-06,,Issued (under construction),Issued,2025-06-06,Type V-B Construction,Type V (wood-frame),2020.0,243000.0,16.92,yes,620 N ENCHANTED WAY,34.0501,-118.5477
25010-30000-02286,Pacific Palisades,90272,Brentwood - Pacific Palisades,no,Accessory Dwelling Unit,2025-05-23,2026-02-27,,Issued (under construction),Issued,2026-02-27,Type V-B Construction,Type V (wood-frame),332.0,65000.0,14.21,no,14903 W LA CUMBRE DR,34.0339,-118.5208
25010-30000-02295,Pacific Palisades,90272,Brentwood - Pacific Palisades,no,Dwelling - Single Family,2025-05-23,2025-09-12,,Issued (under construction),Issued,2025-09-12,Type V-B Construction,Type V (wood-frame),4071.0,320000.0,28.5,yes,768 N HARTZELL ST,34.0431,-118.519
25010-30000-02296,Pacific Palisades,90272,Brentwood - Pacific Palisades,no,Accessory Dwelling Unit,2025-05-23,,,In plan check,PC Approved,2025-09-03,Type V-B Construction,Type V (wood-frame),1605.0,170000.0,16.0,no,768 N HARTZELL ST,34.0431,-118.519
25010-30000-02297,Pacific Palisades,90272,Brentwood - Pacific Palisades,no,Dwelling - Single Family,2025-05-23,2025-08-22,,Issued (under construction),Issued,2025-08-22,Type V-B Construction,Type V (wood-frame),3970.0,575000.0,29.5,yes,1116 N GALLOWAY ST,34.0497,-118.5215
25010-10000-02261,Pacific Palisades,90272,Brentwood - Pacific Palisades,yes,Dwelling - Single Family,2025-05-27,2025-09-18,,Issued (under construction),Issued,2025-09-18,Type V-B Construction,Type V (wood-frame),4719.0,200000.0,29.25,yes,1041 N VILLA VIEW DR,34.049,-118.5142
25010-10000-02304,Pacific Palisades,90272,Brentwood - Pacific Palisades,no,Accessory Dwelling Unit,2025-05-27,2025-08-14,2026-06-26,Completed (CofO / finaled),CofO Issued,2026-06-26,Type V-B Construction,Type V (wood-frame),644.0,43000.0,13.0,no,15265 W VIA DE LAS OLAS,34.0354,-118.5277
25010-20000-02349,Pacific Palisades,90272,Brentwood - Pacific Palisades,yes,Dwelling - Single Family,2025-05-27,2025-07-28,,Issued (under construction),Issued,2025-07-28,Type V-B Construction,Type V (wood-frame),3277.0,738000.0,16.35,yes,635 N ALMA REAL DR,34.0389,-118.5241
25010-30000-02352,Pacific Palisades,90272,Brentwood - Pacific Palisades,no,Dwelling - Single Family,2025-05-27,2025-07-07,,Issued (under construction),Issued,2025-07-07,Type V-B Construction,Type V (wood-frame),3139.0,350000.0,30.0,yes,1147 N EMBURY ST,34.0502,-118.5239
24010-20001-04350,Encino / Tarzana,91316,Encino - Tarzana,no,,2025-05-28,,,In plan check,PC Approved,2025-09-04,,Not stated,,22862.0,,no,5751 N BIANCA AVE,34.1756,-118.5134
25010-10000-02229,Pacific Palisades,90272,Brentwood - Pacific Palisades,no,Dwelling - Single Family,2025-05-28,2025-09-10,,Issued (under construction),Issued,2025-09-10,Type V-B Construction,Type V (wood-frame),3210.0,500000.0,22.79,yes,1039 N GALLOWAY ST,34.0484,-118.5215
25010-10000-02377,Pacific Palisades,90272,Brentwood - Pacific Palisades,no,Dwelling - Single Family,2025-05-28,2025-11-19,,Issued (under construction),Issued,2025-11-19,Type V-B Construction,Type V (wood-frame),5260.0,600000.0,28.25,yes,739 N ALMA REAL DR,34.0418,-118.5232
25010-20000-02381,Encino / Tarzana,91316,Encino - Tarzana,no,Carport,2025-05-28,2025-10-23,,Issued (under construction),Issued,2025-10-23,Type V-B Construction,Type V (wood-frame),0.0,8000.0,12.0,no,5747 N BIANCA AVE,34.1754,-118.5133
25010-30000-02374,Pacific Palisades,90272,Brentwood - Pacific Palisades,no,Dwelling - Single Family,2025-05-28,2025-08-01,,Issued (under construction),Issued,2025-08-01,Type V-B Construction,Type V (wood-frame),3367.0,350000.0,25.25,yes,17016 W LIVORNO DR,34.0427,-118.5493
25010-10000-02094,Pacific Palisades,90272,Brentwood - Pacific Palisades,no,Dwelling - Single Family,2025-05-29,2025-10-16,,Issued (under construction),Issued,2025-10-16,Type V-B Construction,Type V (wood-frame),3663.0,650000.0,30.33,yes,678 N MUSKINGUM AVE,34.0471,-118.5368
25010-10000-02160,Pacific Palisades,90272,Brentwood - Pacific Palisades,yes,Dwelling - Single Family,2025-05-29,2025-07-24,,Issued (under construction),Issued,2025-07-24,Type V-B Construction,Type V (wood-frame),3649.0,550000.0,16.5,yes,832 N ENCHANTED WAY,34.0519,-118.549
25010-10000-02366,Pacific Palisades,90272,Brentwood - Pacific Palisades,yes,Dwelling - Single Family,2025-05-29,2025-08-28,,Issued (under construction),Issued,2025-08-28,Type V-B Construction,Type V (wood-frame),2437.0,250000.0,14.0,yes,300 N BELLINO DR,34.0448,-118.5606
25010-10000-02385,Pacific Palisades,90272,Brentwood - Pacific Palisades,no,Dwelling - Single Family,2025-05-29,2025-11-12,,Issued (under construction),Issued,2025-11-12,Type V-B Construction,Type V (wood-frame),4565.53,461166.0,27.58,yes,1122 N CHARM ACRES PL,34.0494,-118.5256
25010-10000-02403,Pacific Palisades,90272,Brentwood - Pacific Palisades,yes,Dwelling - Single Family,2025-05-29,2025-07-31,,Issued (under construction),Issued,2025-07-31,Type V-B Construction,Type V (wood-frame),2763.0,750000.0,23.91,no,631 N PALMERA AVE,34.0464,-118.5387
25010-30000-02395,Pacific Palisades,90272,Brentwood - Pacific Palisades,yes,Dwelling - Single Family,2025-05-29,2025-09-10,,Issued (under construction),Issued,2025-09-10,Type V-B Construction,Type V (wood-frame),2437.0,300000.0,27.5,yes,15319 W WHITFIELD AVE,34.0521,-118.5263
25010-30000-02410,Pacific Palisades,90272,Brentwood - Pacific Palisades,yes,Dwelling - Single Family,2025-05-29,2025-09-29,,Issued (under construction),Issued,2025-09-29,Type V-B Construction,Type V (wood-frame),3473.0,450000.0,19.5,yes,301-301 1/2 N ADERNO WAY,34.0418,-118.545
25010-30000-02412,Pacific Palisades,90272,Brentwood - Pacific Palisades,no,Garage - Private,2025-05-29,2025-08-14,2026-04-14,Completed (CofO / finaled),CofO Issued,2026-04-14,Type V-B Construction,Type V (wood-frame),70.0,45000.0,13.92,yes,548 N EL MEDIO AVE,34.043,-118.5344
25010-30000-02413,Pacific Palisades,90272,Brentwood - Pacific Palisades,yes,Dwelling - Single Family,2025-05-29,2025-08-12,,Issued (under construction),Issued,2025-08-12,Type V-B Construction,Type V (wood-frame),2873.0,500000.0,19.79,yes,645 N ALMA REAL DR,34.0395,-118.5242
25010-10000-02365,Pacific Palisades,90272,Brentwood - Pacific Palisades,no,Dwelling - Single Family,2025-05-30,2025-06-23,,Issued (under construction),Issued,2025-06-23,Type V-B Construction,Type V (wood-frame),3435.0,2400000.0,30.25,yes,17047 W LIVORNO DR,34.0421,-118.5502
25010-30000-02414,Pacific Palisades,90272,Brentwood - Pacific Palisades,no,Dwelling - Single Family,2025-05-30,2025-07-22,,Issued (under construction),Issued,2025-07-22,Type V-B Construction,Type V (wood-frame),2963.0,375000.0,26.58,yes,847 N HARTZELL ST,34.0446,-118.5196
25010-30000-02436,Pacific Palisades,90272,Brentwood - Pacific Palisades,no,,2025-05-30,,,In plan check,Quality Review Completed,2025-06-04,,Not stated,,700000.0,,yes,565 N SWARTHMORE AVE,34.0398,-118.5279
25010-30000-02437,Pacific Palisades,90272,Brentwood - Pacific Palisades,no,,2025-05-30,,,In plan check,Quality Review Completed,2025-06-04,,Not stated,,170000.0,,yes,565 N SWARTHMORE AVE,34.0398,-118.5279
25010-30000-02438,Pacific Palisades,90272,Brentwood - Pacific Palisades,no,Dwelling - Single Family,2025-05-30,2025-10-21,,Issued (under construction),Issued,2025-10-21,Type V-B Construction,Type V (wood-frame),6126.3,800000.0,28.6,yes,777 N OCAMPO DR,34.0423,-118.5226
25010-30000-02451,Pacific Palisades,90272,Brentwood - Pacific Palisades,yes,Dwelling - Single Family,2025-05-30,2025-11-25,,Issued (under construction),Issued,2025-11-25,Type V-B Construction,Type V (wood-frame),2417.0,262095.0,23.83,yes,15341 W DE PAUW ST,34.0402,-118.5272
25010-30000-02459,Pacific Palisades,90272,Brentwood - Pacific Palisades,no,Dwelling - Single Family,2025-05-30,2025-07-07,,Issued (under construction),Issued,2025-07-07,Type V-B Construction,Type V (wood-frame),4134.0,580000.0,30.0,yes,1106 N HARTZELL ST,34.0496,-118.5205
25010-30000-02460,Pacific Palisades,90272,Brentwood - Pacific Palisades,no,Dwelling - Single Family,2025-05-30,2025-07-02,,Issued (under construction),Issued,2025-07-02,Type V-A Construction,Type V (wood-frame),2512.35,350000.0,23.92,yes,834 N GALLOWAY ST,34.0442,-118.5203
25010-10000-02276,Pacific Palisades,90272,Brentwood - Pacific Palisades,yes,Dwelling - Single Family,2025-06-02,2025-09-23,,Issued (under construction),Issued,2025-09-23,Type V-B Construction,Type V (wood-frame),2336.0,250000.0,32.17,yes,513 N BEIRUT AVE,34.0388,-118.5304
25010-10000-02303,Pacific Palisades,90272,Brentwood - Pacific Palisades,no,Dwelling - Single Family,2025-06-02,2025-08-04,,Issued (under construction),Issued,2025-08-04,Type V-B Construction,Type V (wood-frame),1369.0,175000.0,16.5,yes,846 N GALLOWAY ST,34.0446,-118.5204
25010-10000-02364,Pacific Palisades,90272,Brentwood - Pacific Palisades,yes,Dwelling - Single Family,2025-06-02,2025-09-09,,Issued (under construction),Issued,2025-09-09,Type V-B Construction,Type V (wood-frame),3755.0,558600.0,26.25,yes,17266 W AVENIDA DE LA HERRADURA,34.0783,-118.5626
25010-10000-02386,Bel Air / Beverly Crest,90077,Bel Air - Beverly Crest,yes,Dwelling - Single Family,2025-06-02,2026-03-11,,Issued (under construction),Issued,2026-03-11,Type V-B Construction,Type V (wood-frame),1779.0,325000.0,34.35,no,10103-10105 W SUNSET BLVD,34.0811,-118.4269
25010-10000-02428,Pacific Palisades,90272,Brentwood - Pacific Palisades,no,Dwelling - Single Family,2025-06-02,2025-10-28,,Issued (under construction),Issued,2025-10-28,Type V-B Construction,Type V (wood-frame),3821.0,645019.0,36.1,yes,345 N GRENOLA ST,34.0421,-118.5424
25010-10000-02624,Pacific Palisades,90272,Brentwood - Pacific Palisades,no,Garage - Private,2025-06-02,2025-08-04,,Issued (under construction),Issued,2025-08-04,Type V-B Construction,Type V (wood-frame),0.0,15000.0,14.0,no,846 N GALLOWAY ST,34.0446,-118.5204
25010-10000-02635,Pacific Palisades,90272,Brentwood - Pacific Palisades,no,Accessory Dwelling Unit,2025-06-02,2025-10-28,,Issued (under construction),Issued,2025-10-28,Type V-B Construction,Type V (wood-frame),465.0,100000.0,12.0,no,347 N GRENOLA ST,34.0421,-118.5426
25010-30000-02444,Pacific Palisades,90272,Brentwood - Pacific Palisades,no,Dwelling - Single Family,2025-06-02,2025-07-15,,Issued (under construction),Issued,2025-07-15,Type V-B Construction,Type V (wood-frame),4039.0,550000.0,27.58,yes,1007 N KAGAWA ST,34.048,-118.5183
25010-30000-02468,Pacific Palisades,90272,Brentwood - Pacific Palisades,no,Dwelling - Single Family,2025-06-02,2026-03-19,,Issued (under construction),Issued,2026-03-19,Type V-B Construction,Type V (wood-frame),2546.0,270680.0,18.58,yes,764 N RADCLIFFE AVE,34.0447,-118.53
25010-30000-02475,Pacific Palisades,90272,Brentwood - Pacific Palisades,yes,Dwelling - Single Family,2025-06-02,2025-09-24,,Issued (under construction),Issued,2025-09-24,Type V-B Construction,Type V (wood-frame),7165.0,1000000.0,22.25,yes,1134 N LACHMAN LANE,34.0559,-118.5471
25010-20000-02490,Pacific Palisades,90272,Brentwood - Pacific Palisades,no,Dwelling - Single Family,2025-06-03,2025-07-01,2026-08-24,Completed (CofO / finaled),CofO Issued,2026-08-24,Type V-B Construction,Type V (wood-frame),3930.0,410000.0,27.83,yes,861 N ILIFF ST,34.0453,-118.5187
25010-20000-02491,Pacific Palisades,90272,Brentwood - Pacific Palisades,no,Accessory Dwelling Unit,2025-06-03,2025-07-01,2026-08-24,Completed (CofO / finaled),CofO Issued,2026-08-24,Type V-B Construction,Type V (wood-frame),442.0,50000.0,14.25,yes,859 N ILIFF ST,34.0452,-118.519
25010-20000-02493,Pacific Palisades,90272,Brentwood - Pacific Palisades,no,Dwelling - Single Family,2025-06-03,2025-07-01,,Issued (under construction),Issued,2025-07-01,Type V-B Construction,Type V (wood-frame),2710.0,300000.0,27.83,yes,912 N ILIFF ST,34.0463,-118.5187
25010-30000-02485,Bel Air / Beverly Crest,90210,Bel Air - Beverly Crest,yes,Accessory Dwelling Unit,2025-06-03,2026-09-03,,Issued (under construction),Issued,2026-09-03,Type V-A Construction,Type V (wood-frame),510.0,60000.0,16.0,no,246 N LADERA DR,34.0828,-118.4235
25010-30000-02487,Pacific Palisades,90272,Brentwood - Pacific Palisades,yes,Dwelling - Single Family,2025-06-03,2025-08-05,,Issued (under construction),Issued,2025-08-05,Type V-B Construction,Type V (wood-frame),5547.0,4300000.0,28.0,yes,506 N MUSKINGUM PL,34.0425,-118.5384
25010-30000-02499,Pacific Palisades,90272,Brentwood - Pacific Palisades,yes,Dwelling - Single Family,2025-06-03,2025-07-23,,Issued (under construction),Issued,2025-07-23,Type V-B Construction,Type V (wood-frame),8539.0,850000.0,23.5,yes,17424 W CAMINO DE YATASTO,34.0779,-118.5687
25014-30000-02545,Pacific Palisades,90272,Brentwood - Pacific Palisades,no,Dwelling - Single Family,2025-06-03,2025-10-31,,Issued (under construction),Issued,2025-10-31,Type V-B Construction,Type V (wood-frame),4963.0,468640.0,26.75,yes,17042 W BOLLINGER DR,34.043,-118.55
25010-10000-02305,Pacific Palisades,90272,Brentwood - Pacific Palisades,no,Dwelling - Single Family,2025-06-04,2025-08-01,,Issued (under construction),Issued,2025-08-01,Type V-A Construction,Type V (wood-frame),1806.0,800000.0,17.0,yes,1149 N KAGAWA ST,34.051,-118.5189
25010-10000-02494,Pacific Palisades,90272,Brentwood - Pacific Palisades,yes,Dwelling - Single Family,2025-06-04,2025-07-17,,Issued (under construction),Issued,2025-07-17,Type V-B Construction,Type V (wood-frame),4735.0,628220.0,28.0,yes,16640 W AKRON ST,34.0499,-118.5446
25010-10000-02633,Pacific Palisades,90272,Brentwood - Pacific Palisades,no,Garage - Private,2025-06-04,2025-08-01,,Issued (under construction),Issued,2025-08-01,Type V-A Construction,Type V (wood-frame),322.0,17710.0,14.0,no,1149 N KAGAWA ST,34.051,-118.5189
25010-20000-02476,Encino / Tarzana,91356,Encino - Tarzana,no,Dwelling - Single Family,2025-06-04,2026-02-11,,Issued (under construction),Issued,2026-02-11,Type V-B Construction,Type V (wood-frame),5167.0,470000.0,27.92,no,5151-5153 N CHIMINEAS AVE,34.1644,-118.5282
25010-30000-02529,Pacific Palisades,90272,Brentwood - Pacific Palisades,no,Dwelling - Single Family,2025-06-04,2025-12-17,,Issued (under construction),Issued,2025-12-17,Type V-B Construction,Type V (wood-frame),4352.0,500000.0,23.5,yes,17050 W BOLLINGER DR,34.0429,-118.5502
25010-10000-02530,Pacific Palisades,90272,Brentwood - Pacific Palisades,no,Dwelling - Single Family,2025-06-05,2025-08-15,,Issued (under construction),Issued,2025-08-15,Type V-B Construction,Type V (wood-frame),2238.5,800000.0,26.1,yes,16811 W EDGAR ST,34.0455,-118.5466
25010-10000-02531,Pacific Palisades,90272,Brentwood - Pacific Palisades,no,Dwelling - Single Family,2025-06-05,2025-09-16,,Issued (under construction),Issued,2025-09-16,Type V-B Construction,Type V (wood-frame),2983.0,600000.0,26.25,yes,623 N LAS CASAS AVE,34.0469,-118.5426
25010-10000-02548,Pacific Palisades,90272,Brentwood - Pacific Palisades,yes,Accessory Dwelling Unit,2025-06-05,2025-08-14,,Issued (under construction),Issued,2025-08-14,Type V-B Construction,Type V (wood-frame),1193.0,120000.0,24.83,no,935 N AMALFI DR,34.0461,-118.5099
25010-10000-03129,Pacific Palisades,90272,Brentwood - Pacific Palisades,no,Garage - Private,2025-06-05,2025-08-15,,Issued (under construction),Issued,2025-08-15,Type V-B Construction,Type V (wood-frame),87.0,501.0,13.67,yes,16811 W EDGAR ST,34.0455,-118.5466
25010-20000-02538,Pacific Palisades,90272,Brentwood - Pacific Palisades,no,Dwelling - Single Family,2025-06-05,2025-09-23,,Issued (under construction),Issued,2025-09-23,Type V-B Construction,Type V (wood-frame),6116.0,600000.0,27.16,yes,15425 W VIA DE LAS OLAS,34.0361,-118.5307
25010-30000-02502,Pacific Palisades,90272,Brentwood - Pacific Palisades,yes,Dwelling - Single Family,2025-06-05,2025-09-03,,Issued (under construction),Issued,2025-09-03,Type V-B Construction,Type V (wood-frame),3028.0,350000.0,27.0,yes,16560 W CHATTANOOGA PL,34.0489,-118.5427
25010-30000-02539,Pacific Palisades,90272,Brentwood - Pacific Palisades,yes,Dwelling - Single Family,2025-06-05,2025-07-22,,Issued (under construction),Issued,2025-07-22,Type V-B Construction,Type V (wood-frame),2.0,397233.0,36.0,yes,1119 N LAS LOMAS AVE,34.0538,-118.5356
25010-10000-02510,Pacific Palisades,90272,Brentwood - Pacific Palisades,no,Dwelling - Single Family,2025-06-06,2025-07-24,,Issued (under construction),Issued,2025-07-24,Type V-B Construction,Type V (wood-frame),2708.0,511400.0,21.83,yes,14917 W DRUMMOND ST,34.0422,-118.5218
25010-10000-02532,Pacific Palisades,90272,Brentwood - Pacific Palisades,yes,Dwelling - Single Family,2025-06-06,,,In plan check,Verifications in Progress,2026-04-14,Type V-B Construction,Type V (wood-frame),,400000.0,,no,1301 N AMALFI DR,34.0533,-118.5051
25010-10000-02544,Pacific Palisades,90272,Brentwood - Pacific Palisades,no,Dwelling - Single Family,2025-06-06,2025-09-11,,Issued (under construction),Issued,2025-09-11,Type V-B Construction,Type V (wood-frame),2581.0,328115.0,19.0,yes,616 N RADCLIFFE AVE,34.0416,-118.5306
25010-20000-02554,Pacific Palisades,90272,Brentwood - Pacific Palisades,yes,Dwelling - Single Family,2025-06-06,2026-03-26,,Issued (under construction),Issued,2026-03-26,Type V-B Construction,Type V (wood-frame),8328.0,1450000.0,30.0,yes,1214 N TURQUESA LANE,34.0569,-118.5482
25010-20000-02555,Pacific Palisades,90272,Brentwood - Pacific Palisades,yes,Patio Cover,2025-06-06,2026-03-26,,Issued (under construction),Issued,2026-03-26,Type V-B Construction,Type V (wood-frame),288.0,8000.0,12.0,no,1214 N TURQUESA LANE,34.0569,-118.5482
25010-20000-02557,Encino / Tarzana,91356,Encino - Tarzana,no,Accessory Dwelling Unit,2025-06-06,,,In plan check,Quality Review Completed,2025-07-08,Type V-B Construction,Type V (wood-frame),1105.0,275000.0,24.5,no,6019 N WILBUR AVE,34.1798,-118.5451
25010-10000-02550,Pacific Palisades,90272,Brentwood - Pacific Palisades,no,Dwelling - Single Family,2025-06-09,2025-09-17,,Issued (under construction),Issued,2025-09-17,Type V-A Construction,Type V (wood-frame),3377.0,378177.0,28.0,yes,1108 N VIA DE LA PAZ,34.0492,-118.5265
25010-10000-03049,Encino / Tarzana,91436,Encino - Tarzana,no,Patio Cover,2025-06-09,,,In plan check,PC Approved,2025-10-02,,Not stated,,10000.0,9.75,no,15509 W HESBY ST,34.1623,-118.4724
25010-30000-02585,Brentwood,90049,Brentwood - Pacific Palisades,no,Accessory Dwelling Unit,2025-06-09,2025-11-13,,Issued (under construction),Issued,2025-11-13,Type V-B Construction,Type V (wood-frame),800.0,40000.0,16.0,no,1437 N JONESBORO DR,34.0547,-118.4979
25010-30000-02586,Pacific Palisades,90272,Brentwood - Pacific Palisades,no,Dwelling - Single Family,2025-06-09,2025-07-31,,Issued (under construction),Issued,2025-07-31,Type V-B Construction,Type V (wood-frame),3480.0,500000.0,27.75,yes,17070 W BOLLINGER DR,34.0424,-118.5507
25010-30000-02595,Pacific Palisades,90272,Brentwood - Pacific Palisades,no,Dwelling - Single Family,2025-06-09,2026-07-07,,Issued (under construction),Issued,2026-07-07,Type V-B Construction,Type V (wood-frame),3765.0,450000.0,28.75,yes,1146 N EMBURY ST,34.0502,-118.5237
25010-30000-02597,Pacific Palisades,90272,Brentwood - Pacific Palisades,yes,Dwelling - Single Family,2025-06-09,2025-07-31,,Issued (under construction),Issued,2025-07-31,Type V-B Construction,Type V (wood-frame),8453.0,1244576.0,28.33,yes,1574 N CALLE DE ESTRIBO,34.0787,-118.5692
25010-30000-02599,Pacific Palisades,90272,Brentwood - Pacific Palisades,no,Dwelling - Single Family,2025-06-09,2025-08-20,,Issued (under construction),Issued,2025-08-20,Type V-B Construction,Type V (wood-frame),3200.0,650000.0,42.5,yes,16719 W BOLLINGER DR,34.0472,-118.5448
25010-10000-01926,Pacific Palisades,90272,Brentwood - Pacific Palisades,yes,Dwelling - Single Family,2025-06-10,,,In plan check,Verifications in Progress,2025-12-18,,Not stated,,847000.0,,no,642 N ERSKINE DR,34.044,-118.5326
25010-10000-02306,Pacific Palisades,90272,Brentwood - Pacific Palisades,no,Dwelling - Single Family,2025-06-10,2025-09-24,,Issued (under construction),Issued,2025-09-24,Type V-B Construction,Type V (wood-frame),3060.0,310171.0,24.0,yes,619 N HAVERFORD AVE,34.0416,-118.53
25010-10000-02446,Pacific Palisades,90272,Brentwood - Pacific Palisades,no,Dwelling - Single Family,2025-06-10,2025-08-04,,Issued (under construction),Issued,2025-08-04,Type V-B Construction,Type V (wood-frame),1716.0,300000.0,14.25,yes,839 N GALLOWAY ST,34.0443,-118.5206
25010-10000-02581,Pacific Palisades,90272,Brentwood - Pacific Palisades,no,Dwelling - Single Family,2025-06-10,2025-07-24,,Issued (under construction),Issued,2025-07-24,Type V-B Construction,Type V (wood-frame),4894.0,480000.0,26.83,yes,833 N TOYOPA DR,34.0431,-118.5222
25010-10000-02584,Pacific Palisades,90272,Brentwood - Pacific Palisades,no,Dwelling - Single Family,2025-06-10,2025-11-05,,Issued (under construction),Issued,2025-11-05,Type V-A Construction,Type V (wood-frame),1630.0,400000.0,19.83,yes,16907 W SUNSET BLVD,34.0429,-118.5467
25010-10000-02594,Pacific Palisades,90272,Brentwood - Pacific Palisades,yes,Dwelling - Single Family,2025-06-10,2025-08-22,,Issued (under construction),Issued,2025-08-22,Type V-B Construction,Type V (wood-frame),3456.0,600000.0,11.83,yes,900 N LACHMAN LANE,34.0516,-118.5448
25010-10000-02602,Pacific Palisades,90272,Brentwood - Pacific Palisades,yes,Dwelling - Single Family,2025-06-10,2026-02-09,,Issued (under construction),Issued,2026-02-09,Type V-B Construction,Type V (wood-frame),5586.0,300000.0,33.0,yes,656 N LACHMAN LANE,34.0484,-118.5463
25010-10000-02686,Bel Air / Beverly Crest,90077,Bel Air - Beverly Crest,yes,Accessory Dwelling Unit,2025-06-10,,,In plan check,PC Info Complete,2026-06-09,Type V-B Construction,Type V (wood-frame),913.0,240000.0,25.0,no,1202 N ROBERTO LANE,34.0955,-118.4588
25010-10000-02692,Pacific Palisades,90272,Brentwood - Pacific Palisades,no,Garage - Private,2025-06-10,2025-07-31,,Issued (under construction),Issued,2025-07-31,Type V-B Construction,Type V (wood-frame),0.0,20000.0,15.67,no,833 N TOYOPA DR,34.0431,-118.5222
25010-20000-02605,Encino / Tarzana,91356,Encino - Tarzana,no,Dwelling - Single Family,2025-06-10,2025-12-01,,Issued (under construction),Issued,2025-12-01,Type V-A Construction,Type V (wood-frame),799.0,86456.0,14.75,no,6019 N DONNA AVE,34.1799,-118.5477
25010-20000-02606,Encino / Tarzana,91356,Encino - Tarzana,no,Accessory Dwelling Unit,2025-06-10,2025-12-01,,Issued (under construction),Issued,2025-12-01,Type V-A Construction,Type V (wood-frame),1080.0,115948.0,15.08,no,6017 N DONNA AVE,34.1798,-118.5477
25010-20000-02621,Encino / Tarzana,91316,Encino - Tarzana,no,Dwelling - Single Family,2025-06-10,2025-11-19,,Issued (under construction),Issued,2025-11-19,Type V-B Construction,Type V (wood-frame),1886.0,191000.0,21.58,no,18061-18061 1/2 W BURBANK BLVD,34.1724,-118.5264
25010-30000-02617,Pacific Palisades,90272,Brentwood - Pacific Palisades,yes,Dwelling - Single Family,2025-06-10,2025-12-17,,Issued (under construction),Issued,2025-12-17,Type V-B Construction,Type V (wood-frame),5789.0,450000.0,36.0,yes,15306 W WHITFIELD AVE,34.0519,-118.5259
25014-30000-02674,Pacific Palisades,90272,Brentwood - Pacific Palisades,yes,Dwelling - Single Family,2025-06-10,2025-07-29,,Issued (under construction),Issued,2025-07-29,Type V-B Construction,Type V (wood-frame),2256.0,335530.0,30.0,yes,1208 N MONUMENT ST,34.0515,-118.5248
25010-10000-02492,Pacific Palisades,90272,Brentwood - Pacific Palisades,yes,Dwelling - Single Family,2025-06-11,2025-08-14,,Issued (under construction),Issued,2025-08-14,Type V-B Construction,Type V (wood-frame),4238.0,480000.0,27.25,yes,17286 N AVENIDA DE LA HERRADURA,34.0787,-118.5633
25010-10000-02582,Pacific Palisades,90272,Brentwood - Pacific Palisades,yes,Dwelling - Single Family,2025-06-11,2025-08-14,,Issued (under construction),Issued,2025-08-14,Type V-B Construction,Type V (wood-frame),4121.0,550000.0,27.9,yes,17298 N AVENIDA DE LA HERRADURA,34.0791,-118.5635
25010-10000-02604,Pacific Palisades,90272,Brentwood - Pacific Palisades,yes,Dwelling - Single Family,2025-06-11,2025-10-03,,Issued (under construction),Issued,2025-10-03,Type V-B Construction,Type V (wood-frame),2119.0,214019.0,17.0,yes,14370 W SUNSET BLVD,34.0482,-118.5123
25010-10000-02607,Pacific Palisades,90272,Brentwood - Pacific Palisades,yes,Dwelling - Single Family,2025-06-11,2025-08-06,,Issued (under construction),Issued,2025-08-06,Type V-B Construction,Type V (wood-frame),4065.0,400000.0,33.0,yes,15267 W FRIENDS ST,34.0358,-118.5269
25010-10000-02724,Pacific Palisades,90272,Brentwood - Pacific Palisades,yes,Carport,2025-06-11,2025-10-06,,Issued (under construction),Issued,2025-10-06,Type V-B Construction,Type V (wood-frame),540.0,8640.0,14.0,yes,14370 W SUNSET BLVD,34.0482,-118.5123
25010-10000-02725,Pacific Palisades,90272,Brentwood - Pacific Palisades,yes,Patio Cover,2025-06-11,2025-10-06,,Issued (under construction),Issued,2025-10-06,Type V-B Construction,Type V (wood-frame),567.0,9072.0,14.0,yes,14370 W SUNSET BLVD,34.0482,-118.5123
25010-20000-02527,Pacific Palisades,90272,Brentwood - Pacific Palisades,yes,Dwelling - Single Family,2025-06-11,2025-07-14,,Issued (under construction),Issued,2025-07-14,Type V-B Construction,Type V (wood-frame),1872.0,185000.0,18.42,yes,15040 W MCKENDREE AVE,34.0521,-118.5239
25014-30000-02691,Pacific Palisades,90272,Brentwood - Pacific Palisades,no,Dwelling - Single Family,2025-06-11,2025-07-22,,Issued (under construction),Issued,2025-07-22,Type V-B Construction,Type V (wood-frame),4718.0,500000.0,27.58,yes,15866 W SEABEC CIR,34.0407,-118.5348
25010-10000-02578,Pacific Palisades,90272,Brentwood - Pacific Palisades,no,Dwelling - Single Family,2025-06-12,2025-09-04,,Issued (under construction),Issued,2025-09-04,Type V-B Construction,Type V (wood-frame),3352.0,650000.0,27.92,yes,957 N HARTZELL ST,34.0473,-118.5202
25010-30000-02644,Pacific Palisades,90272,Brentwood - Pacific Palisades,no,Accessory Dwelling Unit,2025-06-12,,,In plan check,PC Info Complete,2025-07-14,Type V-B Construction,Type V (wood-frame),887.0,100000.0,24.0,no,15516 W CARTHAGE ST,34.0428,-118.5298
25010-30000-02647,Pacific Palisades,90272,Brentwood - Pacific Palisades,yes,Dwelling - Single Family,2025-06-12,2025-09-08,,Issued (under construction),Issued,2025-09-08,Type V-B Construction,Type V (wood-frame),3134.0,400000.0,30.8,yes,16616-16616 1/2 W BIENVENEDA PL,34.06,-118.5441
25010-30000-02671,Pacific Palisades,90272,Brentwood - Pacific Palisades,yes,Dwelling - Single Family,2025-06-13,2025-08-19,2026-07-06,Completed (CofO / finaled),CofO Issued,2026-07-06,Type V-B Construction,Type V (wood-frame),3352.0,395000.0,27.5,yes,15867 W SEABEC CIR,34.0409,-118.5347
25010-10000-02683,Encino / Tarzana,91436,Encino - Tarzana,yes,Accessory Dwelling Unit,2025-06-15,2026-02-13,,Issued (under construction),Issued,2026-02-13,Type V-B Construction,Type V (wood-frame),713.0,100000.0,13.75,no,16957 W ADLON ROAD,34.1461,-118.5035
25010-10000-02634,Pacific Palisades,90272,Brentwood - Pacific Palisades,no,Dwelling - Single Family,2025-06-16,2025-10-27,,Issued (under construction),Issued,2025-10-27,Type V-A Construction,Type V (wood-frame),3122.1,312200.0,25.08,yes,15272 W DE PAUW ST,34.0385,-118.526
25010-10000-02639,Pacific Palisades,90272,Brentwood - Pacific Palisades,yes,Dwelling - Single Family,2025-06-16,2026-04-16,,Issued (under construction),Issued,2026-04-16,Type V-B Construction,Type V (wood-frame),2511.0,350000.0,17.67,yes,16636 W PEQUENO PL,34.0548,-118.5456
25010-10000-02663,Pacific Palisades,90272,Brentwood - Pacific Palisades,no,Dwelling - Single Family,2025-06-16,2025-09-05,,Issued (under construction),Issued,2025-09-05,Type V-B Construction,Type V (wood-frame),5142.0,650000.0,30.5,yes,520 N SWARTHMORE AVE,34.0386,-118.528
25010-10000-02825,Pacific Palisades,90272,Brentwood - Pacific Palisades,no,Garage - Private,2025-06-16,2025-10-27,,Issued (under construction),Issued,2025-10-27,Type V-A Construction,Type V (wood-frame),379.6,16323.0,16.0,no,15272 W DE PAUW ST,34.0385,-118.526
25010-10000-02855,Pacific Palisades,90272,Brentwood - Pacific Palisades,no,Garage - Private,2025-06-16,2025-09-05,,Issued (under construction),Issued,2025-09-05,Type V-B Construction,Type V (wood-frame),128.0,32000.0,17.8,no,520 N SWARTHMORE AVE,34.0386,-118.528
25010-20000-02680,Encino / Tarzana,91356,Encino - Tarzana,no,Dwelling - Single Family,2025-06-16,2025-08-27,,Issued (under construction),Issued,2025-08-27,Type V-B Construction,Type V (wood-frame),4167.4,325000.0,26.16,no,5851 N CAHILL AVE,34.1774,-118.5492
25010-20000-02689,Pacific Palisades,90272,Brentwood - Pacific Palisades,no,Dwelling - Single Family,2025-06-16,2025-08-19,,Issued (under construction),Issued,2025-08-19,Type V-B Construction,Type V (wood-frame),3053.0,320000.0,26.16,no,918 N EMBURY ST,34.0458,-118.5228
25010-20000-02691,Pacific Palisades,90272,Brentwood - Pacific Palisades,no,Accessory Dwelling Unit,2025-06-16,2026-03-20,,Issued (under construction),Issued,2026-03-20,Type V-B Construction,Type V (wood-frame),431.0,30000.0,10.5,no,920 N EMBURY ST,34.0459,-118.5226
25010-20000-02694,Pacific Palisades,90272,Brentwood - Pacific Palisades,yes,Dwelling - Single Family,2025-06-16,2025-08-21,,Issued (under construction),Issued,2025-08-21,Type V-B Construction,Type V (wood-frame),3091.0,600000.0,17.5,yes,16909 W ENCHANTED PL,34.0517,-118.5484
25010-20000-02708,Pacific Palisades,90272,Brentwood - Pacific Palisades,no,Dwelling - Single Family,2025-06-16,2026-03-10,,Issued (under construction),Issued,2026-03-10,Type V-B Construction,Type V (wood-frame),9155.0,796000.0,29.17,yes,707 N ALMA REAL DR,34.0409,-118.5234
25010-30000-02486,Pacific Palisades,90272,Brentwood - Pacific Palisades,no,Dwelling - Single Family,2025-06-16,2025-10-03,,Issued (under construction),Issued,2025-10-03,Type V-B Construction,Type V (wood-frame),3389.0,500000.0,27.75,yes,541 N SWARTHMORE AVE,34.0392,-118.5281
25010-30000-02690,Pacific Palisades,90272,Brentwood - Pacific Palisades,no,Dwelling - Single Family,2025-06-16,2026-02-26,,Issued (under construction),Issued,2026-02-26,Type V-B Construction,Type V (wood-frame),4085.0,800000.0,24.16,yes,824 N RADCLIFFE AVE,34.0461,-118.5297
25010-10000-02670,Pacific Palisades,90272,Brentwood - Pacific Palisades,no,Dwelling - Single Family,2025-06-17,2025-08-07,,Issued (under construction),Issued,2025-08-07,Type V-B Construction,Type V (wood-frame),4445.0,500000.0,27.5,yes,811 N ILIFF ST,34.0439,-118.5184
25010-10000-02672,Pacific Palisades,90272,Brentwood - Pacific Palisades,yes,Dwelling - Single Family,2025-06-17,2025-08-01,,Issued (under construction),Issued,2025-08-01,Type V-B Construction,Type V (wood-frame),4557.0,665000.0,14.0,yes,927 N GLENHAVEN DR,34.0518,-118.5456
25010-10000-02697,Pacific Palisades,90272,Brentwood - Pacific Palisades,yes,Dwelling - Single Family,2025-06-17,2025-11-20,,Issued (under construction),Issued,2025-11-20,Type V-B Construction,Type V (wood-frame),4567.0,420000.0,23.25,yes,1037-1039 N GLENHAVEN DR,34.0535,-118.5466
25010-10000-02707,Pacific Palisades,90272,Brentwood - Pacific Palisades,yes,Dwelling - Single Family,2025-06-17,,,In plan check,PC Info Complete,2025-12-19,Type V-B Construction,Type V (wood-frame),2701.0,250000.0,15.5,yes,1131 N DONAIRE WAY,34.0567,-118.5453
25010-30000-02720,Pacific Palisades,90272,Brentwood - Pacific Palisades,no,Dwelling - Single Family,2025-06-17,2025-09-29,,Issued (under construction),Issued,2025-09-29,Type V-B Construction,Type V (wood-frame),2790.0,400000.0,24.16,yes,569 N VIA DE LA PAZ,34.0399,-118.5291
25010-30000-02723,Pacific Palisades,90272,Brentwood - Pacific Palisades,yes,Dwelling - Single Family,2025-06-17,,,In plan check,Quality Review Completed,2025-06-30,Type V-B Construction,Type V (wood-frame),,400000.0,33.0,no,679 N LAS LOMAS AVE,34.0484,-118.539
22010-20002-05799,Pacific Palisades,90272,Brentwood - Pacific Palisades,no,Dwelling - Single Family,2025-06-18,2025-07-21,,Issued (under construction),Issued,2025-07-21,Type V-B Construction,Type V (wood-frame),3870.5,17000.0,30.43,yes,377 N LAS CASAS AVE,34.0432,-118.5435
25010-20000-02740,Brentwood,90049,Brentwood - Pacific Palisades,no,Dwelling - Single Family,2025-06-18,2025-10-29,,Issued (under construction),Issued,2025-10-29,Type V-B Construction,Type V (wood-frame),7547.11,2900000.0,35.25,no,12855 W MARLBORO ST,34.0546,-118.49
25010-20000-02746,Encino / Tarzana,91356,Encino - Tarzana,yes,Dwelling - Single Family,2025-06-18,2025-10-01,,Issued (under construction),Issued,2025-10-01,Type V-B Construction,Type V (wood-frame),2458.0,222000.0,32.75,no,4912 N BREWSTER DR,34.1609,-118.5433
25010-20000-02754,Pacific Palisades,90272,Brentwood - Pacific Palisades,no,Dwelling - Single Family,2025-06-18,2025-08-28,,Issued (under construction),Issued,2025-08-28,Type V-B Construction,Type V (wood-frame),6651.0,800000.0,31.25,yes,426 N SWARTHMORE AVE,34.0376,-118.5282
25010-30000-02741,Pacific Palisades,90272,Brentwood - Pacific Palisades,no,Dwelling - Single Family,2025-06-18,2026-06-05,,Issued (under construction),Issued,2026-06-05,Type V-B Construction,Type V (wood-frame),4459.7,500000.0,30.2,yes,1037-1037 1/2 N KAGAWA ST,34.0488,-118.5185
25010-30000-02748,Pacific Palisades,90272,Brentwood - Pacific Palisades,no,Dwelling - Single Family,2025-06-18,2025-08-25,,Issued (under construction),Issued,2025-08-25,Type V-B Construction,Type V (wood-frame),3920.06,300000.0,32.92,yes,16777 W BOLLINGER DR,34.0454,-118.5452
25010-30000-02749,Pacific Palisades,90272,Brentwood - Pacific Palisades,no,Dwelling - Single Family,2025-06-18,2025-07-24,,Issued (under construction),Issued,2025-07-24,Type V-B Construction,Type V (wood-frame),4286.0,500000.0,29.67,yes,15865 W ASILOMAR BLVD,34.0401,-118.5351
25010-30000-02750,Pacific Palisades,90272,Brentwood - Pacific Palisades,no,Carport,2025-06-18,2025-07-24,,Issued (under construction),Issued,2025-07-24,Type V-B Construction,Type V (wood-frame),129.0,20000.0,13.58,yes,15865 W ASILOMAR BLVD,34.0401,-118.5351
24014-20004-05332,Encino / Tarzana,91436,Encino - Tarzana,yes,Dwelling - Single Family,2025-06-20,2025-08-29,,Completed (CofO / finaled),Permit Finaled,2026-06-05,Type V-B Construction,Type V (wood-frame),4350.0,501.0,28.0,no,16933-16935 W BOSQUE DR,34.1506,-118.502
25010-10000-02726,Pacific Palisades,90272,Brentwood - Pacific Palisades,no,Dwelling - Single Family,2025-06-20,2025-08-13,2026-05-13,Completed (CofO / finaled),CofO Issued,2026-05-13,Type V-B Construction,Type V (wood-frame),1352.0,239413.0,18.06,yes,406 N BEIRUT AVE,34.0375,-118.5305
25010-10000-02744,Pacific Palisades,90272,BRENTWOOD-PACIFIC PALISADES,no,Dwelling - Single Family,2025-06-20,2025-08-01,,Issued (under construction),Issued,2025-08-01,Type V-B Construction,Type V (wood-frame),2220.0,1400000.0,16.33,yes,735 N CHAUTAUQUA BLVD,34.0425,-118.5174
25010-20000-02770,Encino / Tarzana,91356,Encino - Tarzana,no,Dwelling - Single Family,2025-06-20,2025-12-03,,Issued (under construction),Issued,2025-12-03,Type V-B Construction,Type V (wood-frame),3056.0,300000.0,19.92,no,5854 N CALVIN AVE,34.1774,-118.5555
25010-20000-02771,Encino / Tarzana,91356,Encino - Tarzana,no,Dwelling - Single Family,2025-06-20,2025-12-03,,Issued (under construction),Issued,2025-12-03,Type V-B Construction,Type V (wood-frame),2665.0,290000.0,18.0,no,5856-5858 N CALVIN AVE,34.1774,-118.5555
25010-20000-02772,Encino / Tarzana,91356,Encino - Tarzana,no,Accessory Dwelling Unit,2025-06-20,2025-12-03,,Issued (under construction),Issued,2025-12-03,Type V-B Construction,Type V (wood-frame),800.0,80000.0,17.42,no,5860 N CALVIN AVE,34.1775,-118.5555
25010-20000-02850,Pacific Palisades,90272,Brentwood - Pacific Palisades,no,Garage - Private,2025-06-20,2025-08-13,2026-05-13,Completed (CofO / finaled),CofO Issued,2026-05-13,Type V-B Construction,Type V (wood-frame),376.0,20707.0,15.07,no,406 N BEIRUT AVE,34.0375,-118.5305
25010-20000-03456,Pacific Palisades,90272,Brentwood - Pacific Palisades,no,Garage - Private,2025-06-20,2025-08-11,,Issued (under construction),Issued,2025-08-11,Type V-B Construction,Type V (wood-frame),0.0,20000.0,15.33,no,735 N CHAUTAUQUA BLVD,34.0425,-118.5174
25010-30000-02773,Pacific Palisades,90272,Brentwood - Pacific Palisades,yes,Duplex,2025-06-20,2026-01-07,,Issued (under construction),Issued,2026-01-07,Type V-B Construction,Type V (wood-frame),2061.0,900000.0,16.17,yes,674-676 N LAS LOMAS AVE,34.048,-118.5388
25010-30000-02774,Pacific Palisades,90272,Brentwood - Pacific Palisades,yes,Dwelling - Single Family,2025-06-20,2025-08-29,,Issued (under construction),Issued,2025-08-29,Type V-B Construction,Type V (wood-frame),2592.0,250000.0,25.33,yes,640 N HAVERFORD AVE,34.042,-118.5296
25010-30000-02775,Pacific Palisades,90272,Brentwood - Pacific Palisades,no,Dwelling - Single Family,2025-06-20,2025-09-02,,Issued (under construction),Issued,2025-09-02,Type V-B Construction,Type V (wood-frame),3617.0,600000.0,27.67,yes,946 N HARTZELL ST,34.047,-118.5199
25010-10000-02752,Pacific Palisades,90272,Brentwood - Pacific Palisades,no,Dwelling - Single Family,2025-06-23,2025-09-03,,Issued (under construction),Issued,2025-09-03,Type V-B Construction,Type V (wood-frame),3913.0,941820.0,27.3,yes,1000 N FISKE ST,34.0474,-118.5221
25010-10000-02768,Pacific Palisades,90272,Brentwood - Pacific Palisades,no,Dwelling - Single Family,2025-06-23,2025-08-14,,Issued (under construction),Issued,2025-08-14,Type V-B Construction,Type V (wood-frame),2545.0,200000.0,20.5,yes,16963-16965 W SUNSET BLVD,34.0422,-118.5484
25010-10000-02793,Brentwood,90049,Brentwood - Pacific Palisades,yes,Dwelling - Single Family,2025-06-23,2026-09-10,,Issued (under construction),Issued,2026-09-10,Type V-B Construction,Type V (wood-frame),6384.0,750000.0,34.0,no,13230 W OLD OAK LANE,34.059,-118.498
25010-10000-02935,Brentwood,90049,Brentwood - Pacific Palisades,yes,Accessory Dwelling Unit,2025-06-23,2026-09-08,,Issued (under construction),Issued,2026-09-08,Type V-B Construction,Type V (wood-frame),908.0,120000.0,25.33,no,13228 W OLD OAK LANE,34.0587,-118.4979
25010-30000-02786,Pacific Palisades,90272,Brentwood - Pacific Palisades,yes,Dwelling - Single Family,2025-06-23,2026-03-03,,Issued (under construction),Issued,2026-03-03,Type V-B Construction,Type V (wood-frame),3375.0,1200000.0,13.2,yes,1175 N LACHMAN LANE,34.057,-118.5467
25010-30000-02794,Pacific Palisades,90272,Brentwood - Pacific Palisades,no,Dwelling - Single Family,2025-06-23,2025-09-10,,Issued (under construction),Issued,2025-09-10,Type V-B Construction,Type V (wood-frame),3357.0,450000.0,28.0,yes,1046 N EMBURY ST,34.0483,-118.5233
25010-30000-02796,Pacific Palisades,90272,Brentwood - Pacific Palisades,no,Dwelling - Single Family,2025-06-23,2025-09-26,,Issued (under construction),Issued,2025-09-26,Type V-B Construction,Type V (wood-frame),2830.0,500000.0,25.58,yes,16743 W BOLLINGER DR,34.0462,-118.5447
25010-10000-02471,Pacific Palisades,90272,Brentwood - Pacific Palisades,yes,Dwelling - Single Family,2025-06-24,,,In plan check,PC Info Complete,2025-12-11,Type V-B Construction,Type V (wood-frame),3205.0,357000.0,26.75,yes,651 N JACON WAY,34.0483,-118.5476
25010-10000-02603,Pacific Palisades,90272,Brentwood - Pacific Palisades,no,Dwelling - Single Family,2025-06-24,2026-02-13,,Issued (under construction),Issued,2026-02-13,Type V-B Construction,Type V (wood-frame),3917.0,350000.0,27.5,yes,547 N TAHQUITZ PL,34.0438,-118.5384
25010-10000-02642,Pacific Palisades,90272,Brentwood - Pacific Palisades,yes,Dwelling - Single Family,2025-06-24,2026-02-05,,Issued (under construction),Issued,2026-02-05,Type V-B Construction,Type V (wood-frame),2896.0,458664.0,16.0,yes,17601 W TRAMONTO DR,34.0419,-118.559
25010-10000-02815,Pacific Palisades,90272,Brentwood - Pacific Palisades,no,Dwelling - Single Family,2025-06-24,2026-03-24,,Issued (under construction),Issued,2026-03-24,Type V-B Construction,Type V (wood-frame),4715.0,400000.0,28.67,yes,855 N GALLOWAY ST,34.0447,-118.5207
25010-10000-02824,Encino / Tarzana,91436,Encino - Tarzana,no,Dwelling - Single Family,2025-06-24,2026-02-23,,Issued (under construction),Issued,2026-02-23,Type V-B Construction,Type V (wood-frame),9812.0,900000.0,31.9,no,5030 N GLORIA AVE,34.1607,-118.4791
25010-10000-03018,Pacific Palisades,90272,Brentwood - Pacific Palisades,no,Accessory Dwelling Unit,2025-06-24,,,In plan check,PC Approved,2026-03-17,Type V-B Construction,Type V (wood-frame),,37000.0,,no,855 N GALLOWAY ST,34.0447,-118.5207
25010-10000-03042,Encino / Tarzana,91436,Encino - Tarzana,no,Accessory Dwelling Unit,2025-06-24,2026-02-23,,Issued (under construction),Issued,2026-02-23,Type V-B Construction,Type V (wood-frame),763.0,75000.0,16.9,no,5028 N GLORIA AVE,34.1606,-118.4791
25010-10000-03043,Encino / Tarzana,91436,Encino - Tarzana,no,Patio Cover,2025-06-24,2026-02-24,,Issued (under construction),Issued,2026-02-24,Type V-B Construction,Type V (wood-frame),199.0,20000.0,14.75,no,5030 N GLORIA AVE,34.1607,-118.4791
25010-10000-03048,Pacific Palisades,90272,Brentwood - Pacific Palisades,yes,Accessory Dwelling Unit,2025-06-24,2026-02-05,,Issued (under construction),Issued,2026-02-05,Type V-B Construction,Type V (wood-frame),400.0,40500.0,26.0,no,17599 W TRAMONTO DR,34.0422,-118.5588
25010-30000-02807,Pacific Palisades,90272,Brentwood - Pacific Palisades,no,Dwelling - Single Family,2025-06-24,2026-06-23,,Issued (under construction),Issued,2026-06-23,Type V-B Construction,Type V (wood-frame),6568.0,1030000.0,27.84,yes,635 N OCAMPO DR,34.0396,-118.5203
25010-10000-02818,Pacific Palisades,90272,Brentwood - Pacific Palisades,no,Dwelling - Single Family,2025-06-25,2025-08-27,,Issued (under construction),Issued,2025-08-27,Type V-B Construction,Type V (wood-frame),3659.0,600000.0,17.83,yes,14940-14942 W SUNSET BLVD,34.0437,-118.5216
25010-30000-02840,Pacific Palisades,90272,Brentwood - Pacific Palisades,no,Dwelling - Single Family,2025-06-25,2025-10-03,,Issued (under construction),Issued,2025-10-03,Type V-B Construction,Type V (wood-frame),2484.0,400000.0,28.24,yes,1023 N FISKE ST,34.0478,-118.5224
23010-30002-02952,Pacific Palisades,90272,Brentwood - Pacific Palisades,no,Dwelling - Single Family,2025-06-26,2025-08-04,,Issued (under construction),Issued,2025-08-04,Type V-B Construction,Type V (wood-frame),6178.1,20000.0,28.0,yes,772 N OCAMPO DR,34.0423,-118.5222
25010-10000-02813,Pacific Palisades,90272,Brentwood - Pacific Palisades,yes,Dwelling - Single Family,2025-06-26,2025-09-16,,Issued (under construction),Issued,2025-09-16,Type V-B Construction,Type V (wood-frame),1707.0,525000.0,26.9,yes,708 N SWARTHMORE AVE,34.0428,-118.5268
25010-10000-02814,Pacific Palisades,90272,Brentwood - Pacific Palisades,no,Dwelling - Single Family,2025-06-26,2025-09-16,,Issued (under construction),Issued,2025-09-16,Type V-B Construction,Type V (wood-frame),4428.0,1000000.0,27.67,yes,626 N RADCLIFFE AVE,34.0418,-118.5307
25010-10000-02816,Pacific Palisades,90272,Brentwood - Pacific Palisades,no,Dwelling - Single Family,2025-06-26,2026-01-06,,Issued (under construction),Issued,2026-01-06,Type V-B Construction,Type V (wood-frame),2921.0,400000.0,26.0,yes,654 N RADCLIFFE AVE,34.0425,-118.5306
25010-10000-02959,Pacific Palisades,90272,Brentwood - Pacific Palisades,no,Accessory Dwelling Unit,2025-06-26,2026-01-06,,Issued (under construction),Issued,2026-01-06,Type V-B Construction,Type V (wood-frame),823.0,120000.0,15.5,yes,652 N RADCLIFFE AVE,34.0424,-118.5304
25010-20000-02865,Pacific Palisades,90272,Brentwood - Pacific Palisades,no,Dwelling - Single Family,2025-06-26,2025-12-18,,Issued (under construction),Issued,2025-12-18,Type V-B Construction,Type V (wood-frame),1747.0,180000.0,13.2,yes,910-910 1/2 N FISKE ST,34.0457,-118.5217
25010-20000-02868,Pacific Palisades,90272,Brentwood - Pacific Palisades,no,Dwelling - Single Family,2025-06-26,2025-09-05,,Issued (under construction),Issued,2025-09-05,Type V-B Construction,Type V (wood-frame),1997.0,220000.0,16.75,yes,904-906 N FISKE ST,34.0457,-118.5215
25010-20000-02900,Pacific Palisades,90272,Brentwood - Pacific Palisades,no,Garage - Private,2025-06-26,2025-12-18,,Issued (under construction),Issued,2025-12-18,Type V-B Construction,Type V (wood-frame),0.0,18000.0,12.83,no,910 N FISKE ST,34.0457,-118.5217
25010-30000-02858,Pacific Palisades,90272,Brentwood - Pacific Palisades,no,Dwelling - Single Family,2025-06-26,,,In plan check,PC Info Complete,2025-10-30,Type V-B Construction,Type V (wood-frame),3618.0,1500000.0,31.0,yes,335 N BEIRUT AVE,34.0368,-118.5309
25010-30000-02871,Pacific Palisades,90272,Brentwood - Pacific Palisades,yes,Dwelling - Single Family,2025-06-26,2026-03-16,,Issued (under construction),Issued,2026-03-16,Type V-A Construction,Type V (wood-frame),2182.0,260000.0,19.0,yes,625-627 N MUSKINGUM AVE,34.0459,-118.5378
25010-30000-02872,Pacific Palisades,90272,Brentwood - Pacific Palisades,no,Dwelling - Single Family,2025-06-26,2026-02-25,,Issued (under construction),Issued,2026-02-25,Type V-B Construction,Type V (wood-frame),3566.25,1000000.0,26.5,no,1177 N EMBURY ST,34.051,-118.5241
25010-30000-02875,Pacific Palisades,90272,Brentwood - Pacific Palisades,yes,Dwelling - Single Family,2025-06-26,2025-08-12,2026-02-20,Completed (CofO / finaled),CofO Issued,2026-02-20,Type V-B Construction,Type V (wood-frame),2531.0,1000000.0,13.0,yes,1336 LUNA VISTA DR,34.0611,-118.5513
25010-10000-02753,Pacific Palisades,90272,Brentwood - Pacific Palisades,yes,Dwelling - Single Family,2025-06-27,2025-08-20,,Issued (under construction),Issued,2025-08-20,Type V-B Construction,Type V (wood-frame),2968.0,260000.0,19.75,yes,650 N JACON WAY,34.0483,-118.5474
25010-10000-03027,Pacific Palisades,90272,Brentwood - Pacific Palisades,yes,Accessory Dwelling Unit,2025-06-27,,,In plan check,Ready to Issue,2026-07-30,Type V-A Construction,Type V (wood-frame),789.0,80000.0,14.5,no,521 N RADCLIFFE AVE,34.039,-118.532
25010-30000-02897,Pacific Palisades,90272,Brentwood - Pacific Palisades,no,Dwelling - Single Family,2025-06-27,2025-09-08,,Issued (under construction),Issued,2025-09-08,Type V-B Construction,Type V (wood-frame),4051.75,500000.0,26.83,yes,1144 N VIA DE LA PAZ,34.0504,-118.5262
25010-30000-02898,Pacific Palisades,90272,Brentwood - Pacific Palisades,no,Dwelling - Single Family,2025-06-27,2025-11-03,,Issued (under construction),Issued,2025-11-03,Type V-B Construction,Type V (wood-frame),3438.0,500000.0,33.58,yes,15242 W FRIENDS ST,34.035,-118.527
25010-10000-02734,Pacific Palisades,90272,Brentwood - Pacific Palisades,no,Dwelling - Single Family,2025-06-30,2026-01-06,,Issued (under construction),Issued,2026-01-06,Type V-B Construction,Type V (wood-frame),2261.0,1000000.0,28.5,yes,16734 W BOLLINGER DR,34.0466,-118.5444
25010-10000-02910,Brentwood,90049,Brentwood - Pacific Palisades,no,Dwelling - Single Family,2025-06-30,2025-12-29,,Issued (under construction),Issued,2025-12-29,Type V-B Construction,Type V (wood-frame),11986.0,2500000.0,31.0,no,425-425 1/2 S BURLINGAME AVE,34.0501,-118.4885
25010-10000-02929,Pacific Palisades,90272,Brentwood - Pacific Palisades,no,Duplex,2025-06-30,2026-01-05,,Issued (under construction),Issued,2026-01-05,Type V-B Construction,Type V (wood-frame),2968.0,350000.0,23.0,yes,1008-1008 1/2 N KAGAWA ST,34.0482,-118.5179
25010-10000-02930,Pacific Palisades,90272,Brentwood - Pacific Palisades,no,Accessory Dwelling Unit,2025-06-30,2026-01-05,,Issued (under construction),Issued,2026-01-05,Type V-B Construction,Type V (wood-frame),2280.0,250000.0,18.0,no,1006-1006 1/2 N KAGAWA ST,34.0481,-118.5181
25010-10000-05508,Pacific Palisades,90272,Brentwood - Pacific Palisades,no,Accessory Dwelling Unit,2025-06-30,,,In plan check,PC Approved,2026-01-30,,Not stated,,,,no,822 N GALLOWAY ST,34.0439,-118.5202
25010-30000-02920,Pacific Palisades,90272,Brentwood - Pacific Palisades,no,Dwelling - Single Family,2025-06-30,2026-01-30,,Issued (under construction),Issued,2026-01-30,Type V-B Construction,Type V (wood-frame),5680.0,369300.0,25.83,yes,822 1/2 N GALLOWAY ST,34.044,-118.5201
25010-30000-02927,Pacific Palisades,90272,Brentwood - Pacific Palisades,no,Dwelling - Single Family,2025-06-30,2025-10-14,,Issued (under construction),Issued,2025-10-14,Type V-B Construction,Type V (wood-frame),7436.0,600000.0,27.75,yes,14941 W PAMPAS RICAS BLVD,34.0404,-118.5209
25010-30000-02931,Pacific Palisades,90272,Brentwood - Pacific Palisades,yes,Dwelling - Single Family,2025-06-30,2025-11-24,,Issued (under construction),Issued,2025-11-24,Type V-B Construction,Type V (wood-frame),3524.0,600000.0,28.0,yes,837 N ALMA REAL DR,34.0435,-118.5242
23014-30003-01187,Pacific Palisades,90272,Brentwood - Pacific Palisades,yes,Dwelling - Single Family,2025-07-01,2025-07-29,,Issued (under construction),Issued,2025-07-29,,Not stated,,5000.0,,yes,561 N MOUNT HOLYOKE AVE,34.0399,-118.5299
25010-10000-02833,Bel Air / Beverly Crest,90077,Bel Air - Beverly Crest,yes,Miscellaneous Bldg/Structure,2025-07-01,2026-03-16,,Issued (under construction),Issued,2026-03-16,Type V-B Construction,Type V (wood-frame),253.0,50000.0,10.5,no,110 N MAPLETON DR,34.0831,-118.4328
25010-10000-02843,Pacific Palisades,90272,Brentwood - Pacific Palisades,no,Patio Cover,2025-07-01,2025-07-29,2026-05-07,Completed (CofO / finaled),CofO Issued,2026-05-07,Type V-B Construction,Type V (wood-frame),229.0,15000.0,11.0,yes,906 N EMBURY ST,34.0455,-118.5227
25010-10000-02888,Pacific Palisades,90272,Brentwood - Pacific Palisades,no,Dwelling - Single Family,2025-07-01,2025-10-21,,Issued (under construction),Issued,2025-10-21,Type V-B Construction,Type V (wood-frame),5631.0,460000.0,28.21,yes,357 N GRENOLA ST,34.0424,-118.5424
25010-10000-02891,Pacific Palisades,90272,Brentwood - Pacific Palisades,no,Dwelling - Single Family,2025-07-01,2025-10-01,,Issued (under construction),Issued,2025-10-01,Type V-B Construction,Type V (wood-frame),2056.0,900000.0,26.17,yes,930 N FISKE ST,34.0463,-118.5218
25010-20000-02944,Pacific Palisades,90272,Brentwood - Pacific Palisades,no,Dwelling - Single Family,2025-07-01,2025-10-30,,Issued (under construction),Issued,2025-10-30,Type V-B Construction,Type V (wood-frame),6503.0,680000.0,25.58,yes,722 N VIA DE LA PAZ,34.0433,-118.5279
25010-30000-02942,Pacific Palisades,90272,Brentwood - Pacific Palisades,yes,Dwelling - Single Family,2025-07-01,2025-09-19,,Issued (under construction),Issued,2025-09-19,Type V-B Construction,Type V (wood-frame),7244.0,1000000.0,28.58,yes,1179 N AMALFI DR,34.0512,-118.5067
25016-10000-20532,Pacific Palisades,90272,Brentwood - Pacific Palisades,yes,Dwelling - Single Family,2025-07-01,2026-01-07,,Issued (under construction),Issued,2026-01-07,Type V-B Construction,Type V (wood-frame),2728.0,750000.0,16.0,yes,866 N LACHMAN LANE,34.051,-118.5448
25030-10000-04312,Pacific Palisades,90272,Brentwood - Pacific Palisades,no,Garage - Private,2025-07-01,2025-10-01,,Issued (under construction),Issued,2025-10-01,Type V-B Construction,Type V (wood-frame),0.0,50000.0,12.33,no,930 N FISKE ST,34.0463,-118.5218
25010-10000-02571,Pacific Palisades,90272,Brentwood - Pacific Palisades,yes,Dwelling - Single Family,2025-07-02,2025-10-31,,Issued (under construction),Issued,2025-10-31,Type V-B Construction,Type V (wood-frame),8847.0,1000000.0,33.75,yes,1365 N MARINETTE ROAD,34.0546,-118.5202
25010-10000-02615,Pacific Palisades,90272,Brentwood - Pacific Palisades,yes,Dwelling - Single Family,2025-07-02,2025-10-18,,Issued (under construction),Issued,2025-10-18,Type V-B Construction,Type V (wood-frame),2559.0,1000000.0,28.0,yes,811 N JACON WAY,34.0513,-118.5469
25010-10000-02889,Pacific Palisades,90272,Brentwood - Pacific Palisades,yes,Dwelling - Single Family,2025-07-02,2025-09-26,,Issued (under construction),Issued,2025-09-26,Type V-B Construction,Type V (wood-frame),2484.0,500000.0,15.75,yes,16787 W CHARMEL LANE,34.0598,-118.5508
25010-10000-02963,Pacific Palisades,90272,Brentwood - Pacific Palisades,no,Dwelling - Single Family,2025-07-02,2025-09-04,,Issued (under construction),Issued,2025-09-04,Type V-B Construction,Type V (wood-frame),3118.94,900000.0,25.5,yes,431 N SWARTHMORE AVE,34.0378,-118.5284
25010-20000-02980,Pacific Palisades,90272,Brentwood - Pacific Palisades,no,Dwelling - Single Family,2025-07-02,2025-09-23,,Issued (under construction),Issued,2025-09-23,Type V-B Construction,Type V (wood-frame),4015.0,426000.0,27.79,yes,15860 W SEABEC CIR,34.0405,-118.5347
25010-20000-02982,Encino / Tarzana,91356,Encino - Tarzana,no,Dwelling - Single Family,2025-07-02,2026-03-16,,Issued (under construction),Issued,2026-03-16,Type V-B Construction,Type V (wood-frame),7989.0,800000.0,18.66,no,18600 W LINNET ST,34.1661,-118.5387
25010-20000-02983,Encino / Tarzana,91356,Encino - Tarzana,no,Accessory Dwelling Unit,2025-07-02,2026-03-16,,Issued (under construction),Issued,2026-03-16,Type V-B Construction,Type V (wood-frame),1195.0,97000.0,18.66,no,18602 W LINNET ST,34.1661,-118.539
25010-30000-02984,Brentwood,90049,Westwood,no,Recreation Room,2025-07-02,2025-07-08,2026-07-23,Completed (CofO / finaled),CofO Issued,2026-07-23,Type V-B Construction,Type V (wood-frame),338.0,501.0,11.5,no,190 S DENSLOW AVE,34.0727,-118.4571
25014-10000-02977,Pacific Palisades,90272,Brentwood - Pacific Palisades,yes,Dwelling - Single Family,2025-07-02,2026-01-20,,Issued (under construction),Issued,2026-01-20,Type V-B Construction,Type V (wood-frame),2224.0,300000.0,23.5,yes,17922 W CASTELLAMMARE DR,34.0426,-118.5656
25010-20000-02997,Encino / Tarzana,91356,Encino - Tarzana,no,Accessory Dwelling Unit,2025-07-03,2025-11-21,,Issued (under construction),Issued,2025-11-21,Type V-B Construction,Type V (wood-frame),1598.0,241500.0,21.92,no,5717-5717 1/2 N CREBS AVE,34.1751,-118.5438
25010-30000-02986,Pacific Palisades,90272,Brentwood - Pacific Palisades,no,Dwelling - Single Family,2025-07-03,2025-08-29,,Issued (under construction),Issued,2025-08-29,Type V-B Construction,Type V (wood-frame),4160.0,500000.0,27.92,yes,16050 W MIAMI WAY,34.0456,-118.5375
25010-30000-02991,Pacific Palisades,90272,Brentwood - Pacific Palisades,no,Dwelling - Single Family,2025-07-03,2025-11-12,,Issued (under construction),Issued,2025-11-12,Type V-B Construction,Type V (wood-frame),3637.0,1000000.0,25.83,yes,1156 N MONUMENT ST,34.0503,-118.5248
25010-30000-02992,Pacific Palisades,90272,Brentwood - Pacific Palisades,no,Recreation Room,2025-07-03,,,In plan check,PC Approved,2025-10-21,Type V-B Construction,Type V (wood-frame),,40000.0,,yes,1156 N MONUMENT ST,34.0503,-118.5248
18014-10003-01085,Pacific Palisades,90272,Brentwood - Pacific Palisades,yes,Dwelling - Single Family,2025-07-07,2025-08-06,,Issued (under construction),Issued,2025-08-06,,Not stated,,10000.0,,yes,16606 W MERIVALE LANE,34.0533,-118.5441
25010-10000-02866,Bel Air / Beverly Crest,90210,Bel Air - Beverly Crest,yes,Dwelling - Single Family,2025-07-07,2026-06-29,,Issued (under construction),Issued,2026-06-29,Type V-B Construction,Type V (wood-frame),4096.3,750000.0,29.42,no,9578 W TULLIS DR,34.1041,-118.4051
25010-10000-03008,Brentwood,90049,Brentwood - Pacific Palisades,no,Miscellaneous Bldg/Structure,2025-07-07,2025-10-15,,Issued (under construction),Issued,2025-10-15,Type V-B Construction,Type V (wood-frame),175.0,10000.0,9.67,no,1508 N OLD OAK ROAD,34.0588,-118.4966
25010-10000-03024,Encino / Tarzana,91436,Encino - Tarzana,no,Dwelling - Single Family,2025-07-07,2025-09-29,,In plan check,CofO in Progress,2026-08-19,Type V-B Construction,Type V (wood-frame),5433.0,561000.0,30.5,no,4550 N RUBIO AVE,34.1545,-118.4944
25010-10000-03136,Encino / Tarzana,91436,Encino - Tarzana,no,Accessory Dwelling Unit,2025-07-07,2025-09-29,,In plan check,CofO in Progress,2026-08-19,Type V-B Construction,Type V (wood-frame),810.0,81000.0,16.0,no,4548 N RUBIO AVE,34.1544,-118.4944
25010-10000-03238,Bel Air / Beverly Crest,90210,Bel Air - Beverly Crest,yes,Accessory Dwelling Unit,2025-07-07,,,In plan check,PC Approved,2026-06-10,Type V-B Construction,Type V (wood-frame),589.0,100000.0,13.0,no,9576 W TULLIS DR,34.1041,-118.4051
25010-20000-02977,Pacific Palisades,90272,Brentwood - Pacific Palisades,no,Dwelling - Single Family,2025-07-07,2025-11-03,,Issued (under construction),Issued,2025-11-03,Type V-B Construction,Type V (wood-frame),6111.0,440000.0,32.5,yes,555-561 N ALMAR AVE,34.0436,-118.5371
25010-20000-03026,Pacific Palisades,90272,Brentwood - Pacific Palisades,no,Dwelling - Single Family,2025-07-07,2025-11-03,,Issued (under construction),Issued,2025-11-03,Type V-B Construction,Type V (wood-frame),3430.0,360000.0,24.83,yes,767 N HAVERFORD AVE,34.0448,-118.5291
25010-20000-04734,Pacific Palisades,90272,Brentwood - Pacific Palisades,no,Garage - Private,2025-07-07,2025-11-03,,Issued (under construction),Issued,2025-11-03,Type V-B Construction,Type V (wood-frame),0.0,30000.0,9.5,yes,555 N ALMAR AVE,34.0436,-118.5371
25016-30000-21059,Pacific Palisades,90272,Brentwood - Pacific Palisades,no,Dwelling - Single Family,2025-07-07,2025-09-30,,Issued (under construction),Issued,2025-09-30,Type V-B Construction,Type V (wood-frame),2020.0,200000.0,17.67,yes,15021-15023 W SUNSET BLVD,34.0445,-118.522
25010-10000-03057,Encino / Tarzana,91316,Encino - Tarzana,yes,,2025-07-08,,,In plan check,Quality Review Completed,2025-07-28,,Not stated,,1674000.0,,no,4570 N CHARMION LANE,34.1529,-118.511
25010-20000-03053,Pacific Palisades,90272,Brentwood - Pacific Palisades,no,Dwelling - Single Family,2025-07-08,2025-09-05,,Issued (under construction),Issued,2025-09-05,Type V-B Construction,Type V (wood-frame),5550.0,550000.0,28.0,yes,1047 N HARTZELL ST,34.0488,-118.5205
25010-20000-03055,Pacific Palisades,90272,Brentwood - Pacific Palisades,no,Recreation Room,2025-07-08,2025-09-05,,Issued (under construction),Issued,2025-09-05,Type V-B Construction,Type V (wood-frame),192.0,16000.0,14.08,no,1047 N HARTZELL ST,34.0488,-118.5205
25010-30000-03037,Pacific Palisades,90272,Brentwood - Pacific Palisades,no,Dwelling - Single Family,2025-07-08,,,In plan check,PC Info Complete,2025-11-13,Type V-B Construction,Type V (wood-frame),3551.0,500000.0,23.42,yes,16939 W BOLLINGER DR,34.044,-118.5484
25010-30000-03038,Pacific Palisades,90272,Brentwood - Pacific Palisades,no,Dwelling - Single Family,2025-07-08,2026-01-20,,Issued (under construction),Issued,2026-01-20,Type V-B Construction,Type V (wood-frame),6526.0,500000.0,31.3,yes,15232 W DE PAUW ST,34.0373,-118.5252
25010-30000-03039,Pacific Palisades,90272,Brentwood - Pacific Palisades,no,Dwelling - Single Family,2025-07-08,2025-10-24,,Issued (under construction),Issued,2025-10-24,Type V-B Construction,Type V (wood-frame),3087.0,1400000.0,24.58,yes,1140 N MONUMENT ST,34.0499,-118.5247
25010-30000-03040,Pacific Palisades,90272,Brentwood - Pacific Palisades,no,Garage - Private,2025-07-08,2025-10-24,,Issued (under construction),Issued,2025-10-24,Type V-B Construction,Type V (wood-frame),476.0,100000.0,12.0,yes,1140 N MONUMENT ST,34.0499,-118.5247
25010-30000-03044,Pacific Palisades,90272,Brentwood - Pacific Palisades,no,Dwelling - Single Family,2025-07-08,2025-08-14,2026-08-07,Completed (CofO / finaled),CofO Issued,2026-08-07,Type V-B Construction,Type V (wood-frame),2705.0,400000.0,27.42,yes,567 N ERSKINE DR,34.0427,-118.5337
25010-30000-03060,Pacific Palisades,90272,Brentwood - Pacific Palisades,no,Dwelling - Single Family,2025-07-08,2025-09-23,,Issued (under construction),Issued,2025-09-23,Type V-B Construction,Type V (wood-frame),5471.0,800000.0,29.33,yes,15346 W DE PAUW ST,34.0399,-118.5275
25010-10000-02981,Brentwood,90049,Brentwood - Pacific Palisades,no,Dwelling - Single Family,2025-07-09,2026-07-31,,Issued (under construction),Issued,2026-07-31,Type V-B Construction,Type V (wood-frame),1246.0,168670.0,28.0,no,12302 W 2ND HELENA DR,34.0522,-118.478
25010-10000-03000,Pacific Palisades,90272,Brentwood - Pacific Palisades,no,Dwelling - Single Family,2025-07-09,2025-11-17,,Issued (under construction),Issued,2025-11-17,Type V-B Construction,Type V (wood-frame),3363.0,1105125.0,28.0,yes,863 N HARTZELL ST,34.0451,-118.5197
25010-10000-03186,Brentwood,90049,Brentwood - Pacific Palisades,no,Accessory Dwelling Unit,2025-07-09,2026-07-31,,Issued (under construction),Issued,2026-07-31,Type V-B Construction,Type V (wood-frame),1200.0,147864.0,28.0,no,12300 W 2ND HELENA DR,34.0522,-118.4777
25010-20000-03062,Pacific Palisades,90272,Brentwood - Pacific Palisades,no,Dwelling - Single Family,2025-07-09,2025-07-31,2026-07-02,Completed (CofO / finaled),CofO Issued,2026-07-02,Type V-B Construction,Type V (wood-frame),2206.0,375000.0,21.66,yes,763 N TOYOPA DR,34.0422,-118.5211
25010-20000-03063,Pacific Palisades,90272,Brentwood - Pacific Palisades,no,Dwelling - Single Family,2025-07-09,2025-12-23,,Issued (under construction),Issued,2025-12-23,Type V-B Construction,Type V (wood-frame),4012.63,700000.0,28.32,yes,15222 W FRIENDS ST,34.0343,-118.5269
22010-10003-02289,Pacific Palisades,90272,Brentwood - Pacific Palisades,no,Dwelling - Single Family,2025-07-10,,,In plan check,PC Info Complete,2026-03-23,Type V-B Construction,Type V (wood-frame),5015.0,501.0,27.42,no,320 N SWARTHMORE AVE,34.0364,-118.5285
25010-20000-03046,Pacific Palisades,90272,Brentwood - Pacific Palisades,no,Dwelling - Single Family,2025-07-10,2026-01-02,,Issued (under construction),Issued,2026-01-02,Type V-B Construction,Type V (wood-frame),3727.0,600000.0,27.33,yes,16772 W BOLLINGER DR,34.0453,-118.5449
25010-20000-03071,Pacific Palisades,90272,Brentwood - Pacific Palisades,no,Dwelling - Single Family,2025-07-10,2025-10-27,,Issued (under construction),Issued,2025-10-27,Type V-B Construction,Type V (wood-frame),4318.8,650000.0,29.08,yes,656-658 N VIA DE LA PAZ,34.042,-118.5282
25010-20000-03072,Pacific Palisades,90272,Brentwood - Pacific Palisades,no,Dwelling - Single Family,2025-07-10,2025-08-22,,Issued (under construction),Issued,2025-08-22,Type V-B Construction,Type V (wood-frame),3925.0,451372.0,25.5,yes,1127 N HARTZELL ST,34.0502,-118.5209
25010-30000-03067,Pacific Palisades,90272,Brentwood - Pacific Palisades,no,Dwelling - Single Family,2025-07-10,2025-08-18,,Issued (under construction),Issued,2025-08-18,Type V-B Construction,Type V (wood-frame),4048.0,560000.0,24.75,yes,1131 N CHAUTAUQUA BLVD,34.0507,-118.5179
25010-30000-03068,Pacific Palisades,90272,Brentwood - Pacific Palisades,no,Dwelling - Single Family,2025-07-10,2025-07-25,2026-06-08,Completed (CofO / finaled),CofO Issued,2026-06-08,Type V-B Construction,Type V (wood-frame),3400.0,500000.0,30.0,yes,858 N FISKE ST,34.0447,-118.5215
25010-10000-02969,Pacific Palisades,90272,Brentwood - Pacific Palisades,no,Dwelling - Single Family,2025-07-11,2025-09-22,,Issued (under construction),Issued,2025-09-22,Type V-B Construction,Type V (wood-frame),1936.0,480000.0,16.6,yes,654 N EL MEDIO AVE,34.0444,-118.5338
25010-10000-03002,Pacific Palisades,90272,Brentwood - Pacific Palisades,no,Dwelling - Single Family,2025-07-11,2025-09-16,,Issued (under construction),Issued,2025-07-10,Type V-B Construction,Type V (wood-frame),1972.99,400000.0,26.5,yes,857 N FISKE ST,34.0447,-118.5217
25010-10000-03079,Pacific Palisades,90272,Brentwood - Pacific Palisades,yes,Dwelling - Single Family,2025-07-11,,,In plan check,Ready to Issue,2026-09-09,Type V-B Construction,Type V (wood-frame),2267.0,1115000.0,33.5,yes,631 N LAS LOMAS AVE,34.0467,-118.5394
25010-10000-03148,Pacific Palisades,90272,Brentwood - Pacific Palisades,no,Garage - Private,2025-07-11,2025-09-22,,Issued (under construction),Issued,2025-09-22,Type V-B Construction,Type V (wood-frame),0.0,20000.0,12.35,yes,654 N EL MEDIO AVE,34.0444,-118.5338
25010-20000-03087,Pacific Palisades,90272,Brentwood - Pacific Palisades,no,Dwelling - Single Family,2025-07-11,2025-11-14,,Issued (under construction),Issued,2025-11-14,Type V-B Construction,Type V (wood-frame),1954.0,220000.0,18.08,yes,16715 W BOLLINGER DR,34.0473,-118.5448
25010-30000-03085,Pacific Palisades,90272,Brentwood - Pacific Palisades,no,Duplex,2025-07-11,2025-08-21,,Issued (under construction),Issued,2025-08-21,Type V-B Construction,Type V (wood-frame),2455.0,200000.0,12.5,yes,16024-16026 W TEMECULA ST,34.0455,-118.5362
25010-30000-03086,Pacific Palisades,90272,Brentwood - Pacific Palisades,no,Accessory Dwelling Unit,2025-07-11,2025-08-21,,Issued (under construction),Issued,2025-08-21,Type V-B Construction,Type V (wood-frame),284.0,60000.0,10.33,no,16022 W TEMECULA ST,34.0455,-118.5363
25016-30000-21493,Pacific Palisades,90272,Brentwood - Pacific Palisades,yes,Dwelling - Single Family,2025-07-11,2025-12-03,,Issued (under construction),Issued,2025-12-03,Type V-B Construction,Type V (wood-frame),3910.0,293025.0,11.58,yes,1266-1266 1/2 N LACHMAN LANE,34.0591,-118.546
25010-10000-03083,Pacific Palisades,90272,Brentwood - Pacific Palisades,no,Dwelling - Single Family,2025-07-14,2025-08-14,,Issued (under construction),Issued,2025-08-14,Type V-B Construction,Type V (wood-frame),3518.0,550000.0,28.0,yes,922 N FISKE ST,34.0461,-118.5218
25010-10000-03112,Encino / Tarzana,91436,Encino - Tarzana,yes,Dwelling - Single Family,2025-07-14,,,In plan check,Verifications in Progress,2026-03-10,Type V-B Construction,Type V (wood-frame),,18000000.0,,no,16142 W ROYAL OAK ROAD,34.1418,-118.4833
25010-20000-03128,Brentwood,90049,Brentwood - Pacific Palisades,yes,Dwelling - Single Family,2025-07-14,2025-10-31,2026-08-06,Completed (CofO / finaled),CofO Issued,2026-08-06,Type V-B Construction,Type V (wood-frame),3556.0,570000.0,28.0,no,411-411 1/2 N BOWLING GREEN WAY,34.0658,-118.4777
25010-30000-03116,Pacific Palisades,90272,Brentwood - Pacific Palisades,no,Dwelling - Single Family,2025-07-14,2025-08-08,2026-08-12,Completed (CofO / finaled),CofO Issued,2026-08-12,Type V-B Construction,Type V (wood-frame),3541.0,450000.0,29.42,yes,719 N HAVERFORD AVE,34.0435,-118.5294
25010-30000-03117,Pacific Palisades,90272,Brentwood - Pacific Palisades,no,Dwelling - Single Family,2025-07-14,2025-10-07,,Issued (under construction),Issued,2025-10-07,Type V-B Construction,Type V (wood-frame),7874.0,950000.0,28.0,yes,876 N ILIFF ST,34.0457,-118.5186
25010-30000-03118,Pacific Palisades,90272,Brentwood - Pacific Palisades,no,Dwelling - Single Family,2025-07-14,2025-09-18,,Issued (under construction),Issued,2025-09-18,Type V-B Construction,Type V (wood-frame),4585.0,337500.0,26.0,yes,1043 N HARTZELL ST,34.0487,-118.5205
25010-30000-03119,Pacific Palisades,90272,Brentwood - Pacific Palisades,yes,Dwelling - Single Family,2025-07-14,,,In plan check,PC Info Complete,2026-05-01,Type V-B Construction,Type V (wood-frame),11138.0,1550000.0,32.0,yes,1001-1001 1/2 N RIVAS CANYON ROAD,34.0486,-118.5154
25010-30000-03120,Pacific Palisades,90272,Brentwood - Pacific Palisades,no,Accessory Dwelling Unit,2025-07-14,2025-10-07,,Issued (under construction),Issued,2025-10-07,Type V-B Construction,Type V (wood-frame),1079.0,205000.0,23.1,yes,870 N ILIFF ST,34.0455,-118.5185
25010-30000-03125,Pacific Palisades,90272,Brentwood - Pacific Palisades,no,Dwelling - Single Family,2025-07-14,2025-09-03,,Issued (under construction),Issued,2025-09-03,Type V-B Construction,Type V (wood-frame),3059.0,430000.0,27.33,yes,838 N HARTZELL ST,34.0445,-118.5193
25010-30000-03127,Pacific Palisades,90272,Brentwood - Pacific Palisades,no,Storage Building,2025-07-14,2025-09-03,,Issued (under construction),Issued,2025-09-03,Type V-B Construction,Type V (wood-frame),255.0,10000.0,13.5,no,838 N HARTZELL ST,34.0445,-118.5193
25016-10000-21033,Pacific Palisades,90272,Brentwood - Pacific Palisades,yes,Dwelling - Single Family,2025-07-14,2025-12-24,,Issued (under construction),Issued,2025-12-24,Type V-B Construction,Type V (wood-frame),4076.0,250000.0,28.0,yes,670 N HAVERFORD AVE,34.0427,-118.5294
25016-10000-21462,Pacific Palisades,90272,Brentwood - Pacific Palisades,yes,Dwelling - Single Family,2025-07-14,2025-10-29,,Issued (under construction),Issued,2025-10-29,Type V-B Construction,Type V (wood-frame),5601.0,700000.0,33.92,yes,1287 N CHAUTAUQUA BLVD,34.0526,-118.5202
25010-10000-03084,Pacific Palisades,90272,Brentwood - Pacific Palisades,no,Dwelling - Single Family,2025-07-15,2026-01-26,,Issued (under construction),Issued,2026-01-26,Type V-B Construction,Type V (wood-frame),2225.0,512000.0,21.5,yes,16863 W SUNSET BLVD,34.0433,-118.5457
25010-10000-03134,Pacific Palisades,90272,Brentwood - Pacific Palisades,no,Dwelling - Single Family,2025-07-15,2025-08-29,,Issued (under construction),Issued,2025-08-29,Type V-B Construction,Type V (wood-frame),4751.8,1800000.0,29.2,yes,645 N HAVERFORD AVE,34.0422,-118.5298
25010-10000-03276,Pacific Palisades,90272,Brentwood - Pacific Palisades,no,Accessory Dwelling Unit,2025-07-15,2026-01-26,,Issued (under construction),Issued,2026-01-26,Type V-B Construction,Type V (wood-frame),542.0,100000.0,14.5,no,16865 W SUNSET BLVD,34.0432,-118.5459
25010-20000-03137,Pacific Palisades,90272,Brentwood - Pacific Palisades,yes,Dwelling - Single Family,2025-07-15,2025-10-09,,Issued (under construction),Issued,2025-10-09,Type V-B Construction,Type V (wood-frame),5182.0,700000.0,27.14,yes,1122 N CHAUTAUQUA BLVD,34.0504,-118.5176
25016-10000-21574,Pacific Palisades,90272,Brentwood - Pacific Palisades,yes,Dwelling - Single Family,2025-07-15,2025-08-29,,Issued (under construction),Issued,2025-08-29,Type V-B Construction,Type V (wood-frame),2345.0,700000.0,25.0,yes,1253 N RIMMER AVE,34.0527,-118.5265
25010-10000-03081,Pacific Palisades,90272,Brentwood - Pacific Palisades,no,Dwelling - Single Family,2025-07-16,,,In plan check,Verifications in Progress,2025-09-08,,Not stated,,555000.0,,no,17065 W LIVORNO DR,34.0418,-118.5507
25010-10000-03147,Pacific Palisades,90272,Brentwood - Pacific Palisades,yes,Dwelling - Single Family,2025-07-16,2025-08-27,,Issued (under construction),Issued,2025-08-27,Type V-B Construction,Type V (wood-frame),1953.0,350000.0,19.0,yes,338 N ADERNO WAY,34.0415,-118.5441
25010-10000-03241,Pacific Palisades,90272,Brentwood - Pacific Palisades,yes,Garage - Private,2025-07-16,2025-08-27,,Issued (under construction),Issued,2025-08-27,Type V-B Construction,Type V (wood-frame),441.0,22000.0,12.75,no,338 N ADERNO WAY,34.0415,-118.5441
25010-10000-03075,Pacific Palisades,90272,Brentwood - Pacific Palisades,no,Dwelling - Single Family,2025-07-17,2025-08-19,,Issued (under construction),Issued,2025-08-19,Type V-B Construction,Type V (wood-frame),3735.0,2300000.0,27.3,yes,535 N ERSKINE DR,34.0421,-118.5337
25010-10000-03107,Pacific Palisades,90272,Brentwood - Pacific Palisades,yes,Dwelling - Single Family,2025-07-17,2025-10-02,,Issued (under construction),Issued,2025-10-02,Type V-B Construction,Type V (wood-frame),3420.0,1600000.0,35.0,yes,844 N CHAUTAUQUA BLVD,34.0451,-118.5173
25010-10000-03167,Pacific Palisades,90272,Brentwood - Pacific Palisades,no,Dwelling - Single Family,2025-07-17,2025-11-03,,Issued (under construction),Issued,2025-11-03,Type V-B Construction,Type V (wood-frame),3779.0,1900000.0,23.67,yes,846 N ILIFF ST,34.0449,-118.5184
25010-10000-03250,Pacific Palisades,90272,Brentwood - Pacific Palisades,yes,Accessory Dwelling Unit,2025-07-17,2025-10-07,,Issued (under construction),Issued,2025-10-07,Type V-B Construction,Type V (wood-frame),256.0,60000.0,15.33,no,846 N CHAUTAUQUA BLVD,34.045,-118.517
25010-10000-03285,Pacific Palisades,90272,Brentwood - Pacific Palisades,no,Patio Cover,2025-07-17,2025-11-03,,Issued (under construction),Issued,2025-11-03,Type V-B Construction,Type V (wood-frame),150.0,25000.0,10.5,no,846 N ILIFF ST,34.0449,-118.5184
25010-30000-03201,Pacific Palisades,90272,Brentwood - Pacific Palisades,no,Dwelling - Single Family,2025-07-17,2025-11-13,,Issued (under construction),Issued,2025-11-13,Type V-B Construction,Type V (wood-frame),3308.0,480000.0,24.96,yes,831 N GALLOWAY ST,34.0441,-118.5205
25010-10000-03080,Pacific Palisades,90272,Brentwood - Pacific Palisades,no,Dwelling - Single Family,2025-07-18,2025-08-20,,Issued (under construction),Issued,2025-08-20,Type V-B Construction,Type V (wood-frame),3658.38,800000.0,30.0,yes,1137 N EMBURY ST,34.0499,-118.5239
25010-10000-03156,Pacific Palisades,90272,Brentwood - Pacific Palisades,no,Dwelling - Single Family,2025-07-18,2026-02-26,,Issued (under construction),Issued,2026-02-26,Type V-B Construction,Type V (wood-frame),4299.0,2172000.0,27.96,yes,910 N HARTZELL ST,34.046,-118.5197
25010-30000-03212,Bel Air / Beverly Crest,90077,Bel Air - Beverly Crest,yes,Dwelling - Single Family,2025-07-18,,,In plan check,Verifications in Progress,2025-09-18,Type V-A Construction,Type V (wood-frame),5254.0,950000.0,15.17,no,635 N FUNCHAL ROAD,34.0789,-118.4578
25010-30000-03213,Bel Air / Beverly Crest,90077,Bel Air - Beverly Crest,yes,Dwelling - Single Family,2025-07-18,,,In plan check,Verifications in Progress,2026-05-27,Type V-A Construction,Type V (wood-frame),17450.0,5000000.0,30.0,no,655 N FUNCHAL ROAD,34.0797,-118.4582
25010-30000-03218,Pacific Palisades,90272,Brentwood - Pacific Palisades,no,Dwelling - Single Family,2025-07-18,2025-12-11,,Issued (under construction),Issued,2025-12-11,Type V-B Construction,Type V (wood-frame),7513.0,1125000.0,28.0,yes,556 N LAS CASAS AVE,34.0455,-118.5431
25010-30000-03228,Pacific Palisades,90272,Brentwood - Pacific Palisades,no,Dwelling - Single Family,2025-07-18,2025-10-21,,Issued (under construction),Issued,2025-10-21,Type V-B Construction,Type V (wood-frame),4020.0,450000.0,24.58,yes,16829 W EDGAR ST,34.0453,-118.5471
25010-30000-04534,Bel Air / Beverly Crest,90077,Bel Air - Beverly Crest,yes,Miscellaneous Bldg/Structure,2025-07-18,,,In plan check,Verifications in Progress,2026-05-27,Type V-A Construction,Type V (wood-frame),531.0,57000.0,8.0,no,655 N FUNCHAL ROAD,34.0797,-118.4582
23010-20001-01691,Pacific Palisades,90272,Brentwood - Pacific Palisades,no,Dwelling - Single Family,2025-07-21,2025-07-25,,Completed (CofO / finaled),Permit Finaled,2026-03-25,Type V-B Construction,Type V (wood-frame),3230.0,400000.0,27.75,no,1022 N GALLOWAY ST,34.048,-118.5212
25010-10000-02894,Pacific Palisades,90272,Brentwood - Pacific Palisades,no,Dwelling - Single Family,2025-07-21,2025-10-29,,Issued (under construction),Issued,2025-10-29,Type V-B Construction,Type V (wood-frame),3518.0,527700.0,30.7,yes,1126 N GALLOWAY ST,34.05,-118.5216
25010-10000-02958,Pacific Palisades,90272,Brentwood - Pacific Palisades,no,Dwelling - Single Family,2025-07-21,2025-10-05,,Issued (under construction),Issued,2025-10-05,Type V-A Construction,Type V (wood-frame),1690.0,300000.0,12.0,yes,16821 W SUNSET BLVD,34.0437,-118.5446
25010-10000-02995,Pacific Palisades,90272,Brentwood - Pacific Palisades,no,Dwelling - Single Family,2025-07-21,2025-10-30,,Issued (under construction),Issued,2025-10-30,Type V-B Construction,Type V (wood-frame),3880.0,1000000.0,25.0,yes,1125 N MONUMENT ST,34.0496,-118.525
25010-10000-03061,Pacific Palisades,90272,Brentwood - Pacific Palisades,no,Dwelling - Single Family,2025-07-21,2025-10-28,,Issued (under construction),Issued,2025-10-28,Type V-A Construction,Type V (wood-frame),2746.0,850000.0,15.33,yes,15880 W SEABEC CIR,34.0408,-118.5351
25010-10000-03207,Pacific Palisades,90272,Brentwood - Pacific Palisades,no,Dwelling - Single Family,2025-07-21,2025-09-09,,Issued (under construction),Issued,2025-09-09,Type V-B Construction,Type V (wood-frame),2973.0,300497.0,29.5,yes,15276 W DE PAUW ST,34.0386,-118.5262
25010-10000-03324,Pacific Palisades,90272,Brentwood - Pacific Palisades,no,Accessory Dwelling Unit,2025-07-21,2025-10-30,,Issued (under construction),Issued,2025-10-30,Type V-B Construction,Type V (wood-frame),684.0,200000.0,21.25,no,1127 N MONUMENT ST,34.0495,-118.5251
25010-10000-03345,Pacific Palisades,90272,Brentwood - Pacific Palisades,no,Garage - Private,2025-07-21,2025-09-09,,Issued (under construction),Issued,2025-09-09,Type V-B Construction,Type V (wood-frame),324.0,17000.0,9.83,no,15276 W DE PAUW ST,34.0386,-118.5262
25010-30000-03246,Pacific Palisades,90272,Brentwood - Pacific Palisades,no,Dwelling - Single Family,2025-07-21,2026-02-17,,Issued (under construction),Issued,2026-02-17,Type V-B Construction,Type V (wood-frame),3045.0,500000.0,27.96,yes,1031 N EMBURY ST,34.0479,-118.5234
25014-10000-03236,Pacific Palisades,90272,Brentwood - Pacific Palisades,yes,Dwelling - Single Family,2025-07-21,2025-11-14,,Issued (under construction),Issued,2025-11-14,Type V-B Construction,Type V (wood-frame),422.0,1000000.0,35.83,yes,242 N ADERNO WAY,34.0419,-118.5454
23010-20002-02273,Pacific Palisades,90272,Brentwood - Pacific Palisades,no,Dwelling - Single Family,2025-07-22,2025-07-25,,Completed (CofO / finaled),Permit Finaled,2026-04-23,Type V-B Construction,Type V (wood-frame),3430.0,400000.0,27.75,yes,1031 N FISKE ST,34.048,-118.5224
25010-10000-03073,Pacific Palisades,90272,Brentwood - Pacific Palisades,yes,Dwelling - Single Family,2025-07-22,,,In plan check,Verifications in Progress,2025-09-04,Type V-B Construction,Type V (wood-frame),,317292.0,,yes,867 N CHATTANOOGA AVE,34.0494,-118.5435
25010-10000-03157,Pacific Palisades,90272,Brentwood - Pacific Palisades,no,Dwelling - Single Family,2025-07-22,2025-11-19,,Issued (under construction),Issued,2025-11-19,Type V-B Construction,Type V (wood-frame),6323.0,1000000.0,30.5,yes,710 N ALMA REAL DR,34.0408,-118.5231
25010-10000-03240,Pacific Palisades,90272,Brentwood - Pacific Palisades,no,Dwelling - Single Family,2025-07-22,2025-12-29,,Issued (under construction),Issued,2025-12-29,Type V-B Construction,Type V (wood-frame),5465.0,1100000.0,28.0,yes,557 N ALMAR AVE,34.0438,-118.537
25010-10000-03255,Pacific Palisades,90272,Brentwood - Pacific Palisades,no,Dwelling - Single Family,2025-07-22,2025-09-05,,Issued (under construction),Issued,2025-09-05,Type V-B Construction,Type V (wood-frame),5607.0,825000.0,27.0,yes,536 N CHAPALA DR,34.0386,-118.5209
25010-20000-03260,Pacific Palisades,90272,Brentwood - Pacific Palisades,yes,,2025-07-22,,,In plan check,Quality Review Completed,2025-07-30,,Not stated,,350000.0,,no,815 N LACHMAN LANE,34.0502,-118.5455
25010-30000-03251,Pacific Palisades,90272,Brentwood - Pacific Palisades,no,Dwelling - Single Family,2025-07-22,,,In plan check,Verifications in Progress,2025-10-27,Type V-B Construction,Type V (wood-frame),,1400000.0,,yes,1136 N EMBURY ST,34.0499,-118.5237
25014-20000-02404,Encino / Tarzana,91356,Encino - Tarzana,yes,Recreation Room,2025-07-22,,,In plan check,Verifications in Progress,2026-07-16,Type V-B Construction,Type V (wood-frame),,127000.0,,no,4917 N TARZANA WOODS DR,34.159,-118.5614
25010-10000-02431,Pacific Palisades,90272,Brentwood - Pacific Palisades,yes,Dwelling - Single Family,2025-07-23,2025-12-01,,Issued (under construction),Issued,2025-12-01,Type V-B Construction,Type V (wood-frame),1240.0,250000.0,19.17,yes,561 N MARQUETTE ST,34.0452,-118.5423
25010-10000-02878,Pacific Palisades,90272,Brentwood - Pacific Palisades,no,Dwelling - Single Family,2025-07-23,2025-11-19,,Issued (under construction),Issued,2025-11-19,Type V-B Construction,Type V (wood-frame),3250.2,574739.0,28.0,yes,1006 N HARTZELL ST,34.0477,-118.52
25010-10000-03132,Pacific Palisades,90272,Brentwood - Pacific Palisades,no,Dwelling - Single Family,2025-07-23,2025-09-08,,Issued (under construction),Issued,2025-09-08,Type V-B Construction,Type V (wood-frame),3936.0,2000000.0,27.5,yes,1130 N EMBURY ST,34.0498,-118.5236
25010-10000-03188,Pacific Palisades,90272,Brentwood - Pacific Palisades,yes,Dwelling - Single Family,2025-07-23,2025-10-10,,Issued (under construction),Issued,2025-10-10,Type V-B Construction,Type V (wood-frame),5301.0,2500000.0,30.41,yes,1201 N VILLA WOODS DR,34.0513,-118.5135
25010-10000-03266,Pacific Palisades,90272,Brentwood - Pacific Palisades,no,Dwelling - Single Family,2025-07-23,2025-09-16,,Issued (under construction),Issued,2025-09-16,Type V-B Construction,Type V (wood-frame),2979.0,800000.0,24.92,yes,614 N EL MEDIO AVE,34.0437,-118.5341
25010-10000-03267,Pacific Palisades,90272,Brentwood - Pacific Palisades,no,Dwelling - Single Family,2025-07-23,,,In plan check,PC Info Complete,2026-08-26,Type V-B Construction,Type V (wood-frame),8510.0,2100000.0,28.5,no,761 N SWARTHMORE AVE,34.0442,-118.5267
25010-10000-03271,Brentwood,90049,Brentwood - Pacific Palisades,no,Dwelling - Single Family,2025-07-23,2026-05-07,,Issued (under construction),Issued,2026-05-07,Type V-B Construction,Type V (wood-frame),4011.0,618000.0,27.33,no,12021-12023 W COYNE ST,34.0581,-118.4747
25010-10000-03413,Brentwood,90049,Brentwood - Pacific Palisades,no,Garage - Private,2025-07-23,2026-05-06,,Issued (under construction),Issued,2026-05-06,Type V-B Construction,Type V (wood-frame),0.0,22000.0,15.5,no,12021 W COYNE ST,34.0581,-118.4747
25010-10000-03540,Pacific Palisades,90272,Brentwood - Pacific Palisades,yes,Garage - Private,2025-07-23,2025-12-01,,Issued (under construction),Issued,2025-12-01,Type V-B Construction,Type V (wood-frame),0.0,50000.0,14.33,no,561 N MARQUETTE ST,34.0452,-118.5423
25010-20000-03273,Encino / Tarzana,91316,Encino - Tarzana,no,Dwelling - Single Family,2025-07-23,2025-12-05,,Issued (under construction),Issued,2025-12-05,Type V-B Construction,Type V (wood-frame),4483.0,500000.0,18.0,no,5708 N BIANCA AVE,34.1745,-118.5131
25010-20000-03274,Encino / Tarzana,91316,Encino - Tarzana,no,Patio Cover,2025-07-23,2025-12-05,,Issued (under construction),Issued,2025-12-05,Type V-B Construction,Type V (wood-frame),192.0,20000.0,11.66,no,5708 N BIANCA AVE,34.1745,-118.5131
25010-20000-03279,Pacific Palisades,90272,Brentwood - Pacific Palisades,yes,Dwelling - Single Family,2025-07-23,2025-12-04,,Issued (under construction),Issued,2025-12-04,Type V-B Construction,Type V (wood-frame),7158.0,900000.0,32.0,no,745-747 N NAPOLI DR,34.0417,-118.5104
25010-20000-03280,Pacific Palisades,90272,Brentwood - Pacific Palisades,yes,Accessory Dwelling Unit,2025-07-23,2025-12-04,,Issued (under construction),Issued,2025-12-04,Type V-B Construction,Type V (wood-frame),589.0,90000.0,15.91,no,749 N NAPOLI DR,34.0419,-118.5105
25010-30000-03269,Pacific Palisades,90272,Brentwood - Pacific Palisades,no,Dwelling - Single Family,2025-07-23,2025-10-01,2026-08-26,Completed (CofO / finaled),CofO Issued,2026-08-26,Type V-B Construction,Type V (wood-frame),2648.0,400000.0,27.84,yes,950 N EMBURY ST,34.0467,-118.5229
25010-30000-03275,Pacific Palisades,90272,Brentwood - Pacific Palisades,yes,Dwelling - Single Family,2025-07-23,2026-03-26,,Issued (under construction),Issued,2026-03-26,Type V-B Construction,Type V (wood-frame),3891.0,2000000.0,27.5,yes,746 N SWARTHMORE AVE,34.0438,-118.5265
25010-30000-03277,Pacific Palisades,90272,Brentwood - Pacific Palisades,no,Dwelling - Single Family,2025-07-23,2025-10-28,,Issued (under construction),Issued,2025-10-28,Type V-B Construction,Type V (wood-frame),4927.0,1000000.0,27.5,yes,738 N TOYOPA DR,34.0418,-118.5202
25010-30000-03278,Pacific Palisades,90272,Brentwood - Pacific Palisades,no,Dwelling - Single Family,2025-07-23,2026-02-05,,Issued (under construction),Issued,2026-02-05,Type V-B Construction,Type V (wood-frame),2431.0,1600000.0,15.5,yes,16975 W SUNSET BLVD,34.0421,-118.5488
25014-30000-03329,Pacific Palisades,90272,Brentwood - Pacific Palisades,no,Dwelling - Single Family,2025-07-23,2025-11-19,,Issued (under construction),Issued,2025-11-19,Type V-B Construction,Type V (wood-frame),4265.0,550000.0,34.75,yes,581 N VIA DE LA PAZ,34.0401,-118.529
25010-10000-03268,Pacific Palisades,90272,Brentwood - Pacific Palisades,yes,,2025-07-24,,,In plan check,Quality Review Completed,2025-08-06,,Not stated,,300000.0,,no,242 N ADERNO WAY,34.0419,-118.5454
25010-10000-03304,Bel Air / Beverly Crest,90077,Bel Air - Beverly Crest,yes,Miscellaneous Bldg/Structure,2025-07-24,2025-11-26,,Issued (under construction),Issued,2025-11-26,Type V-A Construction,Type V (wood-frame),,75000.0,13.58,no,10693 W CHALON ROAD,34.0839,-118.449
25010-30000-03312,Pacific Palisades,90272,Brentwood - Pacific Palisades,yes,Dwelling - Single Family,2025-07-24,2025-10-28,,Issued (under construction),Issued,2025-10-28,Type V-B Construction,Type V (wood-frame),5970.0,2166633.0,28.0,yes,16633-16633 1/2 W CUMBRE VERDE CT,34.072,-118.5506
25010-30000-03313,Pacific Palisades,90272,Brentwood - Pacific Palisades,yes,Accessory Dwelling Unit,2025-07-24,2025-10-28,,Issued (under construction),Issued,2025-10-28,Type V-B Construction,Type V (wood-frame),359.0,250000.0,15.17,no,16635 W CUMBRE VERDE CT,34.0721,-118.5507
25010-30000-03317,Pacific Palisades,90272,Brentwood - Pacific Palisades,no,Dwelling - Single Family,2025-07-24,2025-10-17,,Issued (under construction),Issued,2025-10-17,Type V-B Construction,Type V (wood-frame),1496.0,205000.0,16.29,yes,344 N MOUNT HOLYOKE AVE,34.0368,-118.5316
25010-30000-03318,Pacific Palisades,90272,Brentwood - Pacific Palisades,no,Accessory Dwelling Unit,2025-07-24,2025-10-17,,Issued (under construction),Issued,2025-10-17,Type V-B Construction,Type V (wood-frame),400.0,60000.0,15.58,no,344 N MOUNT HOLYOKE AVE,34.0368,-118.5316
25010-10000-03199,Pacific Palisades,90272,Brentwood - Pacific Palisades,no,Dwelling - Single Family,2025-07-25,2025-09-16,,Issued (under construction),Issued,2025-09-16,Type V-B Construction,Type V (wood-frame),3586.2,1500000.0,30.75,yes,601 N SWARTHMORE AVE,34.0403,-118.5278
25010-10000-03296,Pacific Palisades,90272,Brentwood - Pacific Palisades,yes,Dwelling - Single Family,2025-07-25,2026-01-29,,Issued (under construction),Issued,2026-01-29,Type V-B Construction,Type V (wood-frame),4089.0,1200000.0,23.58,yes,1220 N LAS LOMAS PL,34.0549,-118.5345
25010-20000-03346,Encino / Tarzana,91356,Encino - Tarzana,no,Patio Cover,2025-07-25,2025-09-10,,In plan check,CofO in Progress,2026-04-01,Type V-B Construction,Type V (wood-frame),712.0,60000.0,15.92,no,5094 N AVENIDA HACIENDA,34.1631,-118.5339
25010-20000-03351,Pacific Palisades,90272,Brentwood - Pacific Palisades,no,Dwelling - Single Family,2025-07-25,2025-09-23,,Issued (under construction),Issued,2025-09-23,Type V-B Construction,Type V (wood-frame),4980.0,400000.0,26.16,yes,1046 N GALLOWAY ST,34.0487,-118.5213
25010-20000-03353,Pacific Palisades,90272,Brentwood - Pacific Palisades,no,Dwelling - Single Family,2025-07-25,2025-11-10,,Issued (under construction),Issued,2025-11-10,Type V-B Construction,Type V (wood-frame),5576.0,480000.0,27.75,yes,1143 N ILIFF ST,34.0506,-118.5199
25010-30000-03332,Pacific Palisades,90272,Brentwood - Pacific Palisades,yes,Dwelling - Single Family,2025-07-25,2025-09-10,2026-09-03,Completed (CofO / finaled),CofO Issued,2026-09-03,Type V-B Construction,Type V (wood-frame),2707.0,1400000.0,23.58,yes,897 N CHATTANOOGA AVE,34.0503,-118.5435
25010-30000-03333,Pacific Palisades,90272,Brentwood - Pacific Palisades,yes,Dwelling - Single Family,2025-07-25,2025-09-30,,Issued (under construction),Issued,2025-09-30,Type V-B Construction,Type V (wood-frame),3321.0,1800000.0,29.0,yes,756 N JACON WAY,34.0506,-118.5466
25010-30000-03341,Pacific Palisades,90272,Brentwood - Pacific Palisades,no,Dwelling - Single Family,2025-07-25,2025-09-19,,Issued (under construction),Issued,2025-09-19,Type V-B Construction,Type V (wood-frame),4598.0,750000.0,25.42,yes,760 N TOYOPA DR,34.0422,-118.5207
25010-30000-03342,Pacific Palisades,90272,Brentwood - Pacific Palisades,no,Dwelling - Single Family,2025-07-25,2025-10-30,,Issued (under construction),Issued,2025-10-30,Type V-B Construction,Type V (wood-frame),4608.0,850000.0,26.5,yes,946 N EMBURY ST,34.0466,-118.5229
25010-30000-03343,Pacific Palisades,90272,Brentwood - Pacific Palisades,no,Dwelling - Single Family,2025-07-25,2025-12-02,,Issued (under construction),Issued,2025-12-02,Type V-B Construction,Type V (wood-frame),2887.1,750000.0,24.1,yes,939 N EMBURY ST,34.0463,-118.5231
25010-10000-03082,Pacific Palisades,90272,Brentwood - Pacific Palisades,yes,Dwelling - Single Family,2025-07-28,2025-10-22,,Issued (under construction),Issued,2025-10-22,Type V-B Construction,Type V (wood-frame),3188.0,880000.0,27.75,yes,17041 W BOLLINGER DR,34.0469,-118.5227
25010-10000-03323,Pacific Palisades,90272,Brentwood - Pacific Palisades,yes,Dwelling - Single Family,2025-07-28,2025-08-25,,Issued (under construction),Issued,2025-08-25,Type V-B Construction,Type V (wood-frame),2585.0,1000000.0,28.0,yes,654 N PALMERA AVE,34.0468,-118.538
25010-20000-03369,Pacific Palisades,90272,Brentwood - Pacific Palisades,no,Dwelling - Single Family,2025-07-28,2025-08-22,,Issued (under construction),Issued,2025-08-22,Type V-B Construction,Type V (wood-frame),2585.0,300000.0,30.0,yes,1007 N FISKE ST,34.0474,-118.5223
25010-20000-03370,Pacific Palisades,90272,Brentwood - Pacific Palisades,no,Accessory Dwelling Unit,2025-07-28,2025-08-22,,Issued (under construction),Issued,2025-08-22,Type V-B Construction,Type V (wood-frame),444.0,60000.0,14.25,yes,1009 N FISKE ST,34.0474,-118.5225
25010-10000-03295,Pacific Palisades,90272,Brentwood - Pacific Palisades,yes,Dwelling - Single Family,2025-07-29,2025-10-28,,Issued (under construction),Issued,2025-10-28,Type V-B Construction,Type V (wood-frame),3180.0,550000.0,12.5,yes,718 N ENCHANTED WAY,34.0489,-118.5491
25010-10000-03322,Pacific Palisades,90272,Brentwood - Pacific Palisades,no,Dwelling - Single Family,2025-07-29,2025-09-19,,Issued (under construction),Issued,2025-09-19,Type V-B Construction,Type V (wood-frame),3453.0,635000.0,27.0,yes,947 N FISKE ST,34.0467,-118.5222
25010-10000-03327,Pacific Palisades,90272,Brentwood - Pacific Palisades,no,Dwelling - Single Family,2025-07-29,2025-09-30,,Issued (under construction),Issued,2025-09-30,Type V-B Construction,Type V (wood-frame),3520.0,357035.0,29.24,yes,15217 W EARLHAM ST,34.0366,-118.5258
25010-10000-03376,Pacific Palisades,90272,Brentwood - Pacific Palisades,no,Dwelling - Single Family,2025-07-29,2026-03-26,,Issued (under construction),Issued,2026-03-26,Type V-B Construction,Type V (wood-frame),5297.0,750000.0,27.41,yes,515 N VIA DE LA PAZ,34.0387,-118.5294
25010-30000-03389,Pacific Palisades,90272,Brentwood - Pacific Palisades,no,Dwelling - Single Family,2025-07-29,2026-03-02,,Issued (under construction),Issued,2026-03-02,Type V-B Construction,Type V (wood-frame),1812.0,300000.0,15.92,yes,1146 N MONUMENT ST,34.0502,-118.5247
25010-30000-03390,Pacific Palisades,90272,Brentwood - Pacific Palisades,no,Garage - Private,2025-07-29,2026-03-02,,Issued (under construction),Issued,2026-03-02,Type V-B Construction,Type V (wood-frame),0.0,50000.0,11.67,no,1146 N MONUMENT ST,34.0502,-118.5247
25010-30000-03404,Pacific Palisades,90272,Brentwood - Pacific Palisades,no,Dwelling - Single Family,2025-07-29,2026-01-30,,Issued (under construction),Issued,2026-01-30,Type V-B Construction,Type V (wood-frame),2457.0,504000.0,33.0,yes,16742 W EDGAR ST,34.0469,-118.5451
22016-10003-38648,Pacific Palisades,90272,Brentwood - Pacific Palisades,yes,Dwelling - Single Family,2025-07-30,2025-10-17,,Issued (under construction),Issued,2025-10-17,Type V-B Construction,Type V (wood-frame),4643.0,750000.0,28.0,yes,17804 W CASTELLAMMARE DR,34.0418,-118.5627
25010-10000-03074,Pacific Palisades,90272,Brentwood - Pacific Palisades,no,Dwelling - Single Family,2025-07-30,2025-10-20,,Issued (under construction),Issued,2025-10-20,Type V-B Construction,Type V (wood-frame),1288.0,15000.0,12.0,yes,1015 N EMBURY ST,34.0474,-118.5233
25010-10000-03239,Pacific Palisades,90272,Brentwood - Pacific Palisades,no,Dwelling - Single Family,2025-07-30,2025-10-23,,Issued (under construction),Issued,2025-10-23,Type V-B Construction,Type V (wood-frame),3703.0,1640000.0,31.0,yes,1059 N GALLOWAY ST,34.0489,-118.5216
25010-10000-03293,Pacific Palisades,90272,Brentwood - Pacific Palisades,yes,Dwelling - Single Family,2025-07-30,2025-10-23,,Issued (under construction),Issued,2025-10-23,Type V-B Construction,Type V (wood-frame),3398.0,1000000.0,19.5,yes,725 N JACON WAY,34.0498,-118.5469
25010-10000-03373,Pacific Palisades,90272,Brentwood - Pacific Palisades,yes,Dwelling - Single Family,2025-07-30,2025-10-16,,Issued (under construction),Issued,2025-10-16,Type V-B Construction,Type V (wood-frame),2337.0,1100000.0,20.64,yes,1075 N VILLA GROVE DR,34.05,-118.5136
25010-10000-03375,Pacific Palisades,90272,Brentwood - Pacific Palisades,yes,Dwelling - Single Family,2025-07-30,2025-10-20,,Issued (under construction),Issued,2025-10-20,Type V-A Construction,Type V (wood-frame),7743.0,6000000.0,30.58,yes,15273 W DE PAUW ST,34.0386,-118.5258
25010-10000-03377,Pacific Palisades,90272,Brentwood - Pacific Palisades,no,Dwelling - Single Family,2025-07-30,2026-02-18,,Issued (under construction),Issued,2026-02-18,Type V-B Construction,Type V (wood-frame),1879.0,500000.0,16.0,yes,1047 N GALLOWAY ST,34.0486,-118.5215
25010-10000-03424,Pacific Palisades,90272,Brentwood - Pacific Palisades,no,Accessory Dwelling Unit,2025-07-30,2025-10-05,,Issued (under construction),Issued,2025-10-05,Type V-A Construction,Type V (wood-frame),533.0,75000.0,16.0,no,16819 W SUNSET BLVD,34.0439,-118.5447
25010-10000-03545,Pacific Palisades,90272,Brentwood - Pacific Palisades,no,Accessory Dwelling Unit,2025-07-30,,,In plan check,PC Approved,2026-02-03,Type V-B Construction,Type V (wood-frame),,200000.0,,no,1047 N GALLOWAY ST,34.0486,-118.5215
25010-20000-03429,Pacific Palisades,90272,Brentwood - Pacific Palisades,no,Dwelling - Single Family,2025-07-30,2025-08-22,,Issued (under construction),Issued,2025-08-22,Type V-B Construction,Type V (wood-frame),6362.54,890000.0,28.55,yes,710 N CHAPALA DR,34.0406,-118.5215
25010-30000-03425,Pacific Palisades,90272,Brentwood - Pacific Palisades,no,Dwelling - Single Family,2025-07-30,2025-09-23,,Issued (under construction),Issued,2025-09-23,Type V-B Construction,Type V (wood-frame),3289.0,500000.0,26.42,yes,14923 W SUNSET BLVD,34.0436,-118.521
25010-10000-03442,Brentwood,90049,Brentwood - Pacific Palisades,no,Accessory Dwelling Unit,2025-07-31,2026-02-05,,Issued (under construction),Issued,2026-02-05,Type V-B Construction,Type V (wood-frame),826.0,140000.0,24.1,no,11582 W SUNSET BLVD,34.0681,-118.4699
25010-20000-03440,Pacific Palisades,90272,Brentwood - Pacific Palisades,yes,Dwelling - Single Family,2025-07-31,2026-01-28,,Issued (under construction),Issued,2026-01-28,Type V-B Construction,Type V (wood-frame),3172.0,450000.0,23.67,yes,1048 N VILLA GROVE DR,34.0493,-118.5134
25010-20000-03445,Pacific Palisades,90272,Brentwood - Pacific Palisades,no,Dwelling - Single Family,2025-07-31,2025-09-30,,Issued (under construction),Issued,2025-09-30,Type V-B Construction,Type V (wood-frame),4923.0,600000.0,28.0,yes,16714 W BOLLINGER DR,34.0474,-118.5446
25010-20000-03459,Brentwood,90049,Brentwood - Pacific Palisades,no,Dwelling - Single Family,2025-07-31,2025-11-13,,Issued (under construction),Issued,2025-11-13,Type V-B Construction,Type V (wood-frame),5882.59,608000.0,33.0,no,244 S OCEANO DR,34.0584,-118.4726
25010-20000-03460,Brentwood,90049,Brentwood - Pacific Palisades,no,Patio Cover,2025-07-31,2025-11-13,,Issued (under construction),Issued,2025-11-13,Type V-B Construction,Type V (wood-frame),146.81,4000.0,26.0,no,244 S OCEANO DR,34.0584,-118.4726
25010-20000-03461,Brentwood,90049,Brentwood - Pacific Palisades,no,Patio Cover,2025-07-31,2025-11-13,,Issued (under construction),Issued,2025-11-13,Type V-B Construction,Type V (wood-frame),193.0,3000.0,27.42,no,244 S OCEANO DR,34.0584,-118.4726
25010-10000-03363,Pacific Palisades,90272,Brentwood - Pacific Palisades,yes,Dwelling - Single Family,2025-08-01,2026-07-29,,Issued (under construction),Issued,2026-07-29,Type V-B Construction,Type V (wood-frame),3109.0,2900000.0,16.66,yes,1010 N CHAUTAUQUA BLVD,34.0483,-118.5169
25010-10000-03379,Pacific Palisades,90272,Brentwood - Pacific Palisades,yes,Duplex,2025-08-01,2025-12-01,,Issued (under construction),Issued,2025-12-01,Type V-B Construction,Type V (wood-frame),3213.0,500000.0,22.0,yes,654-656 N LAS LOMAS AVE,34.0475,-118.5389
25010-10000-03451,Pacific Palisades,90272,Brentwood - Pacific Palisades,yes,Dwelling - Single Family,2025-08-01,2026-02-23,,Issued (under construction),Issued,2026-02-23,Type V-B Construction,Type V (wood-frame),3669.0,505950.0,27.08,yes,851 N LAS LOMAS AVE,34.05,-118.5375
25010-10000-03619,Pacific Palisades,90272,Brentwood - Pacific Palisades,yes,Garage - Private,2025-08-01,2025-12-19,,Issued (under construction),Issued,2025-12-19,Type V-B Construction,Type V (wood-frame),0.0,19415.0,10.66,no,656 N LAS LOMAS AVE,34.0475,-118.5391
25010-20000-03468,Encino / Tarzana,91356,Encino - Tarzana,no,Recreation Room,2025-08-01,2026-02-05,,Issued (under construction),Issued,2026-02-05,Type V-B Construction,Type V (wood-frame),365.0,30000.0,13.0,no,5463 N VANALDEN AVE,34.1709,-118.5502
25010-20000-03469,Encino / Tarzana,91356,Encino - Tarzana,no,Patio Cover,2025-08-01,2026-02-05,,Issued (under construction),Issued,2026-02-05,Type V-B Construction,Type V (wood-frame),375.0,30000.0,12.0,no,5463 N VANALDEN AVE,34.1709,-118.5502
25010-20000-03485,Pacific Palisades,90272,Brentwood - Pacific Palisades,yes,Dwelling - Single Family,2025-08-01,2025-09-05,,Issued (under construction),Issued,2025-09-05,Type V-B Construction,Type V (wood-frame),10497.0,907000.0,27.91,yes,1018 N CHAUTAUQUA BLVD,34.0485,-118.5169
25010-30000-03471,Pacific Palisades,90272,Brentwood - Pacific Palisades,no,Dwelling - Single Family,2025-08-01,2025-09-08,,Issued (under construction),Issued,2025-09-08,Type V-B Construction,Type V (wood-frame),3756.0,500000.0,30.0,yes,16020 W MIAMI WAY,34.0451,-118.5369
25010-30000-03474,Pacific Palisades,90272,Brentwood - Pacific Palisades,no,Dwelling - Single Family,2025-08-01,2025-09-09,2026-06-24,Completed (CofO / finaled),CofO Issued,2026-06-24,Type V-B Construction,Type V (wood-frame),3066.0,450000.0,26.92,yes,1011 N FISKE ST,34.0475,-118.5223
25010-30000-03475,Pacific Palisades,90272,Brentwood - Pacific Palisades,no,Garage - Private,2025-08-01,2025-09-09,2026-06-24,Completed (CofO / finaled),CofO Issued,2026-06-24,Type V-B Construction,Type V (wood-frame),378.0,15000.0,13.58,yes,1011 N FISKE ST,34.0475,-118.5223
25010-30000-03480,Pacific Palisades,90272,Brentwood - Pacific Palisades,no,Dwelling - Single Family,2025-08-01,2025-09-11,,Issued (under construction),Issued,2025-09-11,Type V-B Construction,Type V (wood-frame),3864.0,500000.0,29.33,yes,385-387 N GRENOLA ST,34.0432,-118.5429
25010-30000-03481,Pacific Palisades,90272,Brentwood - Pacific Palisades,no,Dwelling - Single Family,2025-08-01,2025-12-04,,Issued (under construction),Issued,2025-12-04,Type V-B Construction,Type V (wood-frame),4986.0,850000.0,28.0,yes,950 N KAGAWA ST,34.0475,-118.5179
25014-30000-03458,Pacific Palisades,90272,Brentwood - Pacific Palisades,no,Dwelling - Single Family,2025-08-01,2026-01-14,,Issued (under construction),Issued,2026-01-14,Type V-B Construction,Type V (wood-frame),3773.0,985000.0,,yes,16733 W BOLLINGER DR,34.0467,-118.5447
25010-10000-03261,Pacific Palisades,90272,Brentwood - Pacific Palisades,no,Dwelling - Single Family,2025-08-04,2025-10-03,,Issued (under construction),Issued,2025-10-03,Type V-B Construction,Type V (wood-frame),1615.0,573750.0,16.5,yes,15231 W VIA DE LAS OLAS,34.0344,-118.5277
25010-10000-03374,Pacific Palisades,90272,Brentwood - Pacific Palisades,no,Dwelling - Single Family,2025-08-04,2025-12-09,,Issued (under construction),Issued,2025-12-09,Type V-B Construction,Type V (wood-frame),1689.0,400000.0,18.0,yes,938 N HARTZELL ST,34.0468,-118.5199
25010-10000-03414,Pacific Palisades,90272,Brentwood - Pacific Palisades,no,Dwelling - Single Family,2025-08-04,2025-11-07,,Issued (under construction),Issued,2025-11-07,Type V-B Construction,Type V (wood-frame),1590.0,278000.0,15.66,yes,715 N HAVERFORD AVE,34.0434,-118.5294
25010-10000-03415,Pacific Palisades,90272,Brentwood - Pacific Palisades,no,Dwelling - Single Family,2025-08-04,,,In plan check,Quality Review Completed,2025-08-12,Type V-B Construction,Type V (wood-frame),,100000.0,,no,418 N MOUNT HOLYOKE AVE,34.038,-118.5312
25010-10000-03479,Encino / Tarzana,91316,Reseda - West Van Nuys,no,Accessory Dwelling Unit,2025-08-04,,,In plan check,Ready to Issue,2026-01-30,Type V-B Construction,Type V (wood-frame),1198.0,165000.0,21.0,no,17816 W BESSEMER ST,34.1807,-118.5211
25010-10000-03620,Pacific Palisades,90272,Brentwood - Pacific Palisades,no,Accessory Dwelling Unit,2025-08-04,2025-12-09,,Issued (under construction),Issued,2025-12-09,Type V-B Construction,Type V (wood-frame),321.0,100000.0,12.5,yes,938 N HARTZELL ST,34.0468,-118.5199
25010-10000-03654,Pacific Palisades,90272,Brentwood - Pacific Palisades,no,Garage - Private,2025-08-04,2025-11-07,,Issued (under construction),Issued,2025-11-07,Type V-B Construction,Type V (wood-frame),367.0,22000.0,9.0,no,715 N HAVERFORD AVE,34.0434,-118.5294
25010-10000-03677,Pacific Palisades,90272,Brentwood - Pacific Palisades,no,Garage - Private,2025-08-04,2025-10-03,,Issued (under construction),Issued,2025-10-03,Type V-B Construction,Type V (wood-frame),557.0,50000.0,9.75,yes,15231 W VIA DE LAS OLAS,34.0344,-118.5277
25016-10000-22759,Bel Air / Beverly Crest,90077,Bel Air - Beverly Crest,yes,Accessory Dwelling Unit,2025-08-04,2026-05-22,,Issued (under construction),Issued,2026-05-22,Type V-B Construction,Type V (wood-frame),560.0,200000.0,14.0,no,1601 N CRATER LANE,34.1001,-118.4436
25010-10000-03171,Pacific Palisades,90272,Brentwood - Pacific Palisades,no,Dwelling - Single Family,2025-08-05,2025-10-03,,Issued (under construction),Issued,2025-10-03,Type V-B Construction,Type V (wood-frame),3922.0,979750.0,29.75,yes,365 N LAS CASAS AVE,34.0428,-118.5435
25010-10000-03386,Pacific Palisades,90272,Brentwood - Pacific Palisades,yes,Dwelling - Single Family,2025-08-05,2025-09-19,,Issued (under construction),Issued,2025-09-19,Type V-B Construction,Type V (wood-frame),4306.0,750000.0,28.92,yes,1038 N VILLA GROVE DR,34.049,-118.5135
25010-10000-03462,Brentwood,90049,Bel Air - Beverly Crest,yes,Accessory Dwelling Unit,2025-08-05,,,In plan check,Verifications in Progress,2026-08-25,Type V-B Construction,Type V (wood-frame),,150000.0,,no,175 N BENTLEY AVE,34.0768,-118.4582
25010-10000-03514,Bel Air / Beverly Crest,90210,Bel Air - Beverly Crest,yes,Storage Building,2025-08-05,2025-11-20,,Issued (under construction),Issued,2025-11-20,Type V-B Construction,Type V (wood-frame),128.0,10000.0,13.5,no,30 W BEVERLY PARK TER,34.1128,-118.4202
25010-30000-03521,Pacific Palisades,90272,Brentwood - Pacific Palisades,no,Dwelling - Single Family,2025-08-05,2025-10-16,,Issued (under construction),Issued,2025-10-16,Type V-B Construction,Type V (wood-frame),4717.0,750000.0,28.75,yes,15413 W VIA DE LAS OLAS,34.0361,-118.5303
25010-30000-03522,Pacific Palisades,90272,Brentwood - Pacific Palisades,no,Carport,2025-08-05,2025-10-16,,Issued (under construction),Issued,2025-10-16,Type V-B Construction,Type V (wood-frame),261.0,125000.0,11.0,no,15413 W VIA DE LAS OLAS,34.0361,-118.5303
25010-30000-03523,Pacific Palisades,90272,Brentwood - Pacific Palisades,no,Dwelling - Single Family,2025-08-05,2025-11-24,,Issued (under construction),Issued,2025-11-24,Type V-B Construction,Type V (wood-frame),4854.0,750000.0,27.92,yes,930-932 N ILIFF ST,34.047,-118.5188
25016-10000-22763,Pacific Palisades,90272,Brentwood - Pacific Palisades,yes,Condo-Single Family,2025-08-05,2025-11-17,,Issued (under construction),Issued,2025-11-17,Type V-B Construction,Type V (wood-frame),4187.0,1000000.0,25.5,yes,754 N SWARTHMORE AVE,34.044,-118.5265
25010-10000-03534,Pacific Palisades,90272,Brentwood - Pacific Palisades,no,Dwelling - Single Family,2025-08-06,2025-10-09,,Issued (under construction),Issued,2025-10-09,Type V-B Construction,Type V (wood-frame),1643.5,170000.0,18.7,yes,16771 W EDGAR ST,34.0462,-118.5457
25010-10000-03762,Pacific Palisades,90272,Brentwood - Pacific Palisades,no,Garage - Private,2025-08-06,2025-10-09,,Issued (under construction),Issued,2025-10-09,Type V-B Construction,Type V (wood-frame),0.0,10000.0,12.1,yes,16771 W EDGAR ST,34.0462,-118.5457
25010-30000-03550,Pacific Palisades,90272,Brentwood - Pacific Palisades,yes,Dwelling - Single Family,2025-08-06,2025-12-15,,Issued (under construction),Issued,2025-12-15,Type V-B Construction,Type V (wood-frame),4289.0,750000.0,31.75,yes,16150 W ALCIMA AVE,34.05,-118.5362
25010-30000-03552,Pacific Palisades,90272,Brentwood - Pacific Palisades,yes,Dwelling - Single Family,2025-08-06,2025-10-20,,Issued (under construction),Issued,2025-10-20,Type V-B Construction,Type V (wood-frame),3568.5,800000.0,36.12,yes,15417 W BESTOR BLVD,34.0514,-118.5268
25010-30000-03554,Pacific Palisades,90272,Brentwood - Pacific Palisades,yes,Recreation Room,2025-08-06,2025-10-20,,Issued (under construction),Issued,2025-10-20,Type V-B Construction,Type V (wood-frame),500.0,80000.0,14.25,no,15417 W BESTOR BLVD,34.0514,-118.5268
25010-30000-03556,Pacific Palisades,90272,Brentwood - Pacific Palisades,yes,Dwelling - Single Family,2025-08-06,2025-09-17,,Issued (under construction),Issued,2025-09-17,Type V-A Construction,Type V (wood-frame),7108.0,700000.0,29.18,yes,17416 W CAMINO DE YATASTO,34.0779,-118.568
25010-30001-02297,Pacific Palisades,90272,Brentwood - Pacific Palisades,no,,2025-08-06,,,In plan check,Quality Review Completed,2025-08-14,,Not stated,,501.0,,yes,1116 N GALLOWAY ST,34.0497,-118.5215
25010-10000-03270,Pacific Palisades,90272,Brentwood - Pacific Palisades,yes,Dwelling - Single Family,2025-08-07,2026-09-03,,Issued (under construction),Issued,2026-09-03,Type V-B Construction,Type V (wood-frame),2659.0,1200000.0,29.25,yes,679 N HAMPDEN PL,34.0421,-118.5267
25010-10000-03500,Pacific Palisades,90272,Brentwood - Pacific Palisades,yes,Dwelling - Single Family,2025-08-07,2025-10-15,,Issued (under construction),Issued,2025-10-15,Type V-B Construction,Type V (wood-frame),5598.0,6000000.0,32.38,yes,400 N PINTORESCA DR,34.0435,-118.5426
25010-10000-03504,Pacific Palisades,90272,Brentwood - Pacific Palisades,no,Dwelling - Single Family,2025-08-07,2025-12-11,,Issued (under construction),Issued,2025-12-11,Type V-B Construction,Type V (wood-frame),4065.0,620884.0,26.42,yes,15205 W VIA DE LAS OLAS,34.034,-118.5278
25010-10000-03758,Pacific Palisades,90272,Brentwood - Pacific Palisades,no,Accessory Dwelling Unit,2025-08-07,2025-12-11,,Issued (under construction),Issued,2025-12-11,Type V-B Construction,Type V (wood-frame),309.0,100000.0,15.33,yes,15205 W VIA DE LAS OLAS,34.034,-118.5278
25010-20000-03585,Pacific Palisades,90272,Brentwood - Pacific Palisades,no,Dwelling - Single Family,2025-08-07,2025-09-19,,Issued (under construction),Issued,2025-09-19,Type V-B Construction,Type V (wood-frame),5409.0,510000.0,28.0,yes,17017 W LIVORNO DR,34.0428,-118.5496
25010-30000-03567,Pacific Palisades,90272,Brentwood - Pacific Palisades,no,Dwelling - Single Family,2025-08-07,2025-11-17,,Issued (under construction),Issued,2025-11-17,Type V-B Construction,Type V (wood-frame),3854.0,674450.0,28.9,yes,17082 W BOLLINGER DR,34.0421,-118.551
25010-30000-03573,Pacific Palisades,90272,Brentwood - Pacific Palisades,no,Dwelling - Single Family,2025-08-07,2025-09-12,,Issued (under construction),Issued,2025-09-12,Type V-B Construction,Type V (wood-frame),3971.0,450000.0,28.5,yes,732 N HARTZELL ST,34.0422,-118.5188
25010-30000-03584,Pacific Palisades,90272,Brentwood - Pacific Palisades,yes,Dwelling - Single Family,2025-08-07,,,In plan check,PC Info Complete,2026-03-05,Type V-B Construction,Type V (wood-frame),2645.0,400000.0,17.83,yes,636 N ERSKINE DR,34.0438,-118.5327
25010-10000-03170,Pacific Palisades,90272,Brentwood - Pacific Palisades,yes,Dwelling - Single Family,2025-08-08,2026-01-08,,Issued (under construction),Issued,2026-01-08,Type V-B Construction,Type V (wood-frame),5337.0,1500000.0,24.25,yes,14714-14714 1/2 W ORACLE PL,34.0554,-118.5191
25010-10000-03220,Pacific Palisades,90272,Brentwood - Pacific Palisades,no,Dwelling - Single Family,2025-08-08,2025-09-30,,Issued (under construction),Issued,2025-09-30,Type V-B Construction,Type V (wood-frame),2116.0,240000.0,19.67,yes,1005-1007 N ILIFF ST,34.0479,-118.5193
25010-10000-03372,Pacific Palisades,90272,Brentwood - Pacific Palisades,no,Dwelling - Single Family,2025-08-08,2025-10-15,,Issued (under construction),Issued,2025-10-15,Type V-B Construction,Type V (wood-frame),6239.0,1500000.0,27.5,yes,427 N WYNOLA ST,34.041,-118.5376
25010-10000-03381,Pacific Palisades,90272,Brentwood - Pacific Palisades,yes,Dwelling - Single Family,2025-08-08,2026-01-21,,Issued (under construction),Issued,2026-01-21,Type V-B Construction,Type V (wood-frame),3074.8,391820.0,26.13,yes,410 N LOMBARD AVE,34.0367,-118.527
25010-10000-03382,Pacific Palisades,90272,Brentwood - Pacific Palisades,no,Dwelling - Single Family,2025-08-08,2025-11-07,,Issued (under construction),Issued,2025-11-07,Type V-B Construction,Type V (wood-frame),4048.25,2800000.0,26.0,yes,1120 N FISKE ST,34.0497,-118.5226
25010-10001-02296,Pacific Palisades,90272,Brentwood - Pacific Palisades,no,,2025-08-08,,,In plan check,Quality Review Completed,2025-08-19,,Not stated,,0.0,,yes,768 N HARTZELL ST,34.0431,-118.519
25010-20000-03596,Pacific Palisades,90272,Brentwood - Pacific Palisades,no,Dwelling - Single Family,2025-08-08,,,In plan check,Quality Review Completed,2025-08-12,Type V-B Construction,Type V (wood-frame),1945.9,550000.0,22.0,yes,576 N MUSKINGUM AVE,34.0447,-118.5384
25010-20000-03597,Pacific Palisades,90272,Brentwood - Pacific Palisades,no,Garage - Public,2025-08-08,,,In plan check,Quality Review Completed,2025-08-12,Type V-B Construction,Type V (wood-frame),0.0,50000.0,22.0,yes,576 N MUSKINGUM AVE,34.0447,-118.5384
25010-20000-03604,Encino / Tarzana,91356,Encino - Tarzana,yes,Storage Building,2025-08-08,,,In plan check,Verifications in Progress,2026-01-16,Type V-B Construction,Type V (wood-frame),,20200.0,,no,19036 W SANTA RITA ST,34.1676,-118.5478
25010-20000-03605,Encino / Tarzana,91356,Encino - Tarzana,yes,Patio Cover,2025-08-08,,,In plan check,Verifications in Progress,2026-01-16,Type V-B Construction,Type V (wood-frame),,6000.0,11.0,no,19036 W SANTA RITA ST,34.1676,-118.5478
25010-30000-03603,Pacific Palisades,90272,Brentwood - Pacific Palisades,no,Dwelling - Single Family,2025-08-08,2025-09-10,,Issued (under construction),Issued,2025-09-10,Type V-B Construction,Type V (wood-frame),3010.0,300000.0,25.67,yes,1011 N KAGAWA ST,34.0482,-118.5183
25010-10000-03264,Pacific Palisades,90272,Brentwood - Pacific Palisades,no,Dwelling - Single Family,2025-08-11,2026-07-13,,Issued (under construction),Issued,2026-07-13,Type V-B Construction,Type V (wood-frame),2409.0,400000.0,27.75,yes,1166 N FISKE ST,34.0509,-118.5228
25010-10000-03499,Encino / Tarzana,91436,Encino - Tarzana,no,Dwelling - Single Family,2025-08-11,,,In plan check,Verifications in Progress,2026-02-10,Type V-B Construction,Type V (wood-frame),,537071.0,,no,16766 W OTSEGO ST,34.1637,-118.4987
25010-10000-03575,Pacific Palisades,90272,Brentwood - Pacific Palisades,yes,Dwelling - Single Family,2025-08-11,,,In plan check,PC Info Complete,2025-10-23,Type V-B Construction,Type V (wood-frame),4562.0,523281.0,24.9,yes,750 N JACON WAY,34.0505,-118.5465
25010-10000-03590,Pacific Palisades,90272,Brentwood - Pacific Palisades,yes,Dwelling - Single Family,2025-08-11,2025-12-30,,Issued (under construction),Issued,2025-12-30,Type V-B Construction,Type V (wood-frame),2260.0,500000.0,25.75,yes,616 N HAVERFORD AVE,34.0413,-118.5298
25010-10000-03595,Pacific Palisades,90272,Brentwood - Pacific Palisades,yes,Dwelling - Single Family,2025-08-11,2025-09-30,,Issued (under construction),Issued,2025-09-30,Type V-B Construction,Type V (wood-frame),5064.0,785000.0,30.5,yes,17420 W VEREDA DE LA MONTURA,34.0786,-118.5679
25010-10000-03616,Pacific Palisades,90272,Brentwood - Pacific Palisades,no,Dwelling - Single Family,2025-08-11,,,In plan check,PC Info Complete,2025-11-06,Type V-B Construction,Type V (wood-frame),5451.0,1020775.0,26.83,yes,717-719 N TOYOPA DR,34.0412,-118.52
25010-10000-03634,Pacific Palisades,90272,Brentwood - Pacific Palisades,no,Dwelling - Single Family,2025-08-11,2025-09-18,,Issued (under construction),Issued,2025-09-18,Type V-B Construction,Type V (wood-frame),4623.0,500000.0,27.75,yes,814-816 N ALMA REAL DR,34.0431,-118.5232
25010-10000-03940,Encino / Tarzana,91436,Encino - Tarzana,no,Recreation Room,2025-08-11,,,In plan check,Verifications in Progress,2026-02-10,Type V-B Construction,Type V (wood-frame),,21890.0,,no,16766 W OTSEGO ST,34.1637,-118.4987
25010-10000-04117,Pacific Palisades,90272,Brentwood - Pacific Palisades,yes,Accessory Dwelling Unit,2025-08-11,2025-12-30,,Issued (under construction),Issued,2025-12-30,Type V-B Construction,Type V (wood-frame),589.0,200000.0,18.83,no,614 N HAVERFORD AVE,34.0412,-118.5296
25010-10000-04120,Pacific Palisades,90272,Brentwood - Pacific Palisades,yes,Accessory Dwelling Unit,2025-08-11,,,In plan check,PC Info Complete,2025-10-23,Type V-B Construction,Type V (wood-frame),619.0,100000.0,14.41,no,752 N JACON WAY,34.0506,-118.5465
25010-30000-03633,Pacific Palisades,90272,Brentwood - Pacific Palisades,no,Dwelling - Single Family,2025-08-11,2025-11-20,,Issued (under construction),Issued,2025-11-20,Type V-B Construction,Type V (wood-frame),4248.0,500000.0,30.0,yes,764 N ILIFF ST,34.0432,-118.518
25010-10000-03380,Pacific Palisades,90272,Brentwood - Pacific Palisades,no,Dwelling - Single Family,2025-08-12,2026-03-05,,Issued (under construction),Issued,2026-03-05,Type V-B Construction,Type V (wood-frame),2615.0,471146.0,33.0,yes,17029 W LIVORNO DR,34.0425,-118.5498
25010-10000-03454,Pacific Palisades,90272,Brentwood - Pacific Palisades,yes,Dwelling - Single Family,2025-08-12,2025-12-12,,Issued (under construction),Issued,2025-12-12,Type V-B Construction,Type V (wood-frame),2824.0,430500.0,33.0,yes,16641 W AKRON ST,34.0501,-118.5447
25010-10000-03505,Pacific Palisades,90272,Brentwood - Pacific Palisades,yes,Dwelling - Single Family,2025-08-12,2025-09-12,,Issued (under construction),Issued,2025-09-12,Type V-B Construction,Type V (wood-frame),3544.0,680000.0,26.33,yes,17260 W AVENIDA DE LA HERRADURA,34.0783,-118.5624
25010-10000-03640,Pacific Palisades,90272,Brentwood - Pacific Palisades,yes,Dwelling - Single Family,2025-08-12,2025-09-26,,Issued (under construction),Issued,2025-09-26,Type V-B Construction,Type V (wood-frame),4145.0,418645.0,26.84,yes,1584 S CHASTAIN PKWY WEST,34.0764,-118.5499
25010-20000-03659,Encino / Tarzana,91316,Encino - Tarzana,no,Dwelling - Single Family,2025-08-12,2025-10-17,,Issued (under construction),Issued,2025-10-17,Type V-B Construction,Type V (wood-frame),3246.0,421000.0,25.33,no,17507-17509 W MARTHA ST,34.1732,-118.5145
25016-30000-24431,Pacific Palisades,90272,Brentwood - Pacific Palisades,yes,Dwelling - Single Family,2025-08-12,2025-09-25,,Issued (under construction),Issued,2025-09-25,Type V-B Construction,Type V (wood-frame),2541.5,325000.0,26.98,yes,657 N MUSKINGUM AVE,34.0467,-118.5373
25010-10000-03133,Pacific Palisades,90272,Brentwood - Pacific Palisades,yes,Dwelling - Single Family,2025-08-13,2025-10-22,,Issued (under construction),Issued,2025-10-22,Type V-B Construction,Type V (wood-frame),4792.0,1200000.0,28.5,yes,1734 S CHASTAIN PKWY EAST,34.0743,-118.5473
25010-10000-03501,Pacific Palisades,90272,Brentwood - Pacific Palisades,yes,Dwelling - Single Family,2025-08-13,2026-03-23,,Issued (under construction),Issued,2026-03-23,Type V-B Construction,Type V (wood-frame),2648.0,450000.0,27.85,yes,342 N ADERNO WAY,34.0418,-118.5442
25010-10000-03536,Pacific Palisades,90272,Brentwood - Pacific Palisades,yes,Dwelling - Single Family,2025-08-13,2025-12-31,,Issued (under construction),Issued,2025-12-31,Type V-B Construction,Type V (wood-frame),5370.0,1500000.0,26.5,yes,16601 W PEQUENO PL,34.0546,-118.5444
25010-10000-03638,Pacific Palisades,90272,Brentwood - Pacific Palisades,yes,Dwelling - Single Family,2025-08-13,2025-12-04,,Issued (under construction),Issued,2025-12-04,Type V-B Construction,Type V (wood-frame),2327.0,340853.0,13.0,yes,16051 W ANOKA DR,34.0536,-118.5343
25010-10000-03639,Pacific Palisades,90272,Brentwood - Pacific Palisades,yes,Dwelling - Single Family,2025-08-13,2026-04-30,,Issued (under construction),Issued,2026-04-30,Type V-A Construction,Type V (wood-frame),3522.0,900000.0,28.0,yes,16600 W PEQUENO PL,34.0545,-118.5444
25010-10000-03724,Pacific Palisades,90272,Brentwood - Pacific Palisades,yes,Accessory Dwelling Unit,2025-08-13,2026-03-23,,Issued (under construction),Issued,2026-03-23,Type V-B Construction,Type V (wood-frame),1190.0,200000.0,21.8,no,344 N ADERNO WAY,34.0417,-118.544
25010-10000-03725,Pacific Palisades,90272,Brentwood - Pacific Palisades,yes,Garage - Private,2025-08-13,2026-03-23,,Issued (under construction),Issued,2026-03-23,Type V-B Construction,Type V (wood-frame),0.0,75000.0,12.6,no,342 N ADERNO WAY,34.0418,-118.5442
25010-20000-03668,Pacific Palisades,90272,Brentwood - Pacific Palisades,no,Dwelling - Single Family,2025-08-13,2025-10-01,,Issued (under construction),Issued,2025-10-01,Type V-B Construction,Type V (wood-frame),3487.0,374000.0,27.5,yes,553 N TAHQUITZ PL,34.0439,-118.5383
25010-20000-03669,Pacific Palisades,90272,Brentwood - Pacific Palisades,no,Dwelling - Single Family,2025-08-13,2025-10-29,,Issued (under construction),Issued,2025-10-29,Type V-B Construction,Type V (wood-frame),7018.0,575000.0,27.5,yes,784 N OCAMPO DR,34.0426,-118.5225
25010-10000-03299,Pacific Palisades,90272,Brentwood - Pacific Palisades,no,Dwelling - Single Family,2025-08-14,2025-11-03,,Issued (under construction),Issued,2025-11-03,Type V-B Construction,Type V (wood-frame),2443.0,356500.0,27.08,yes,918 N FISKE ST,34.0459,-118.5217
25010-10000-03535,Pacific Palisades,90272,Brentwood - Pacific Palisades,yes,Dwelling - Single Family,2025-08-14,2025-12-15,,Issued (under construction),Issued,2025-12-15,Type V-A Construction,Type V (wood-frame),4496.0,1000000.0,24.5,yes,17126 W PASEO DE LOS LAGOS,34.0764,-118.5588
25010-10000-03625,Pacific Palisades,90272,Brentwood - Pacific Palisades,yes,Dwelling - Single Family,2025-08-14,2026-01-12,,Issued (under construction),Issued,2026-01-12,Type V-B Construction,Type V (wood-frame),3615.0,545990.0,30.66,no,15230 W EARLHAM ST,34.0368,-118.5263
25010-10000-03673,Pacific Palisades,90272,Brentwood - Pacific Palisades,yes,Dwelling - Single Family,2025-08-14,2025-11-17,,Issued (under construction),Issued,2025-11-17,Type V-B Construction,Type V (wood-frame),7524.0,1481666.0,37.5,no,661 N LACHMAN LANE,34.0487,-118.5463
25010-10000-03675,Brentwood,90049,Brentwood - Pacific Palisades,no,Accessory Dwelling Unit,2025-08-14,,,In plan check,PC Info Complete,2026-01-13,Type V-B Construction,Type V (wood-frame),1175.0,300000.0,28.0,no,127 S ROCKINGHAM AVE,34.057,-118.4939
25010-20000-03684,Pacific Palisades,90272,Brentwood - Pacific Palisades,yes,Dwelling - Single Family,2025-08-14,2025-10-23,,Issued (under construction),Issued,2025-10-23,Type V-B Construction,Type V (wood-frame),4168.5,800000.0,30.91,yes,392-394 N ARNO WAY,34.0427,-118.5447
25010-20000-03685,Pacific Palisades,90272,Brentwood - Pacific Palisades,yes,,2025-08-14,,,In plan check,PC Approved,2025-10-21,Type V-B Construction,Type V (wood-frame),,10000.0,,no,394 N ARNO WAY,34.0427,-118.5449
25010-20000-03692,Pacific Palisades,90272,Brentwood - Pacific Palisades,yes,Dwelling - Single Family,2025-08-14,2026-02-25,,Issued (under construction),Issued,2026-02-25,Type V-B Construction,Type V (wood-frame),2903.0,430000.0,24.42,yes,660 N HAVERFORD AVE,34.0425,-118.5294
25010-10000-03666,Pacific Palisades,90272,Brentwood - Pacific Palisades,yes,Dwelling - Single Family,2025-08-15,2025-12-11,,Issued (under construction),Issued,2025-12-11,Type V-B Construction,Type V (wood-frame),3603.42,530000.0,21.5,yes,830 N LAS CASAS AVE,34.0491,-118.541
25010-10000-03898,Pacific Palisades,90272,Brentwood - Pacific Palisades,yes,Garage - Private,2025-08-15,2025-12-11,,Issued (under construction),Issued,2025-12-11,Type V-B Construction,Type V (wood-frame),811.0,100000.0,23.0,no,830 N LAS CASAS AVE,34.0491,-118.541
25010-30000-03702,Pacific Palisades,90272,Brentwood - Pacific Palisades,no,Dwelling - Single Family,2025-08-15,2025-12-12,,Issued (under construction),Issued,2025-12-12,Type V-B Construction,Type V (wood-frame),3381.0,501450.0,27.5,yes,921-921 1/2 N ILIFF ST,34.0465,-118.519
25010-30000-03708,Pacific Palisades,90272,Brentwood - Pacific Palisades,yes,,2025-08-15,,,In plan check,Plans on Hold,2025-08-27,,Not stated,,2000000.0,,no,333 N MOUNT HOLYOKE AVE,34.0366,-118.532
25010-30000-03714,Pacific Palisades,90272,Brentwood - Pacific Palisades,yes,Dwelling - Single Family,2025-08-15,,,In plan check,PC Info Complete,2025-11-04,Type V-A Construction,Type V (wood-frame),4134.0,2000000.0,28.0,yes,333 N MOUNT HOLYOKE AVE,34.0367,-118.5321
25010-30000-03715,Pacific Palisades,90272,Brentwood - Pacific Palisades,no,Dwelling - Single Family,2025-08-15,2025-10-23,,Issued (under construction),Issued,2025-10-23,Type V-B Construction,Type V (wood-frame),2156.0,625000.0,17.17,yes,1104 N CHARM ACRES PL,34.0489,-118.5255
25010-30000-03716,Pacific Palisades,90272,Brentwood - Pacific Palisades,no,Garage - Private,2025-08-15,2025-10-23,,Issued (under construction),Issued,2025-10-23,Type V-B Construction,Type V (wood-frame),356.0,75000.0,13.17,no,1104 N CHARM ACRES PL,34.0489,-118.5255
25010-30000-03717,Pacific Palisades,90272,Brentwood - Pacific Palisades,yes,Dwelling - Single Family,2025-08-15,2025-12-31,,Issued (under construction),Issued,2025-12-31,Type V-B Construction,Type V (wood-frame),6503.0,1800000.0,28.0,yes,15460 W ALBRIGHT ST,34.0506,-118.5274
25010-10000-03601,Pacific Palisades,90272,Brentwood - Pacific Palisades,no,Dwelling - Single Family,2025-08-18,2026-01-09,,Issued (under construction),Issued,2026-01-09,Type V-B Construction,Type V (wood-frame),2923.9,723218.0,24.16,yes,1056 N MONUMENT ST,34.0485,-118.5244
25010-10000-03721,Pacific Palisades,90272,Brentwood - Pacific Palisades,no,Dwelling - Single Family,2025-08-18,2025-10-21,,Issued (under construction),Issued,2025-10-21,Type V-B Construction,Type V (wood-frame),4356.0,1000000.0,27.91,yes,800 N RADCLIFFE AVE,34.0455,-118.5298
25010-20000-03738,Brentwood,90049,Brentwood - Pacific Palisades,no,Dwelling - Single Family,2025-08-18,2026-03-19,,Issued (under construction),Issued,2026-03-19,Type V-B Construction,Type V (wood-frame),3373.0,650000.0,27.08,no,823 S WELLESLEY AVE,34.0464,-118.4764
25010-20000-03740,Encino / Tarzana,91316,Encino - Tarzana,no,Accessory Dwelling Unit,2025-08-18,2025-09-08,,Issued (under construction),Issued,2025-09-08,Type V-B Construction,Type V (wood-frame),463.0,29000.0,14.67,no,5646 N ANDASOL AVE,34.1728,-118.511
25010-20000-03757,Pacific Palisades,90272,Brentwood - Pacific Palisades,yes,Dwelling - Single Family,2025-08-18,2025-10-29,,Issued (under construction),Issued,2025-10-29,Type V-B Construction,Type V (wood-frame),2452.0,600000.0,15.33,yes,1216 N LAS PULGAS ROAD,34.0536,-118.5378
25010-10000-03664,Pacific Palisades,90272,Brentwood - Pacific Palisades,no,Dwelling - Single Family,2025-08-19,2025-12-08,,Issued (under construction),Issued,2025-12-08,Type V-B Construction,Type V (wood-frame),3849.0,581944.0,33.0,yes,341 N BEIRUT AVE,34.0369,-118.5308
25010-30000-03766,Pacific Palisades,90272,Brentwood - Pacific Palisades,no,Dwelling - Single Family,2025-08-19,2025-09-08,,Issued (under construction),Issued,2025-09-08,Type V-B Construction,Type V (wood-frame),2534.0,450000.0,27.18,yes,575 N TAHQUITZ PL,34.0442,-118.5378
25010-30000-03772,Pacific Palisades,90272,Brentwood - Pacific Palisades,no,Dwelling - Single Family,2025-08-19,2025-10-30,,Issued (under construction),Issued,2025-10-30,Type V-B Construction,Type V (wood-frame),3870.0,400000.0,27.0,yes,1157 N GALLOWAY ST,34.0508,-118.522
25010-30000-03773,Pacific Palisades,90272,Brentwood - Pacific Palisades,yes,Dwelling - Single Family,2025-08-19,2026-02-09,,Issued (under construction),Issued,2026-02-09,Type V-B Construction,Type V (wood-frame),5082.0,816960.0,26.67,no,15265 W DE PAUW ST,34.0384,-118.5257
25010-30000-03774,Pacific Palisades,90272,Brentwood - Pacific Palisades,no,Dwelling - Single Family,2025-08-19,2025-10-07,,Issued (under construction),Issued,2025-10-07,Type V-B Construction,Type V (wood-frame),4086.0,500000.0,29.5,yes,1107 N HARTZELL ST,34.0496,-118.5207
25010-30000-03775,Pacific Palisades,90272,Brentwood - Pacific Palisades,yes,Dwelling - Single Family,2025-08-19,,,In plan check,PC Info Complete,2025-11-03,Type V-B Construction,Type V (wood-frame),3394.0,500000.0,25.16,yes,565 N BIENVENEDA AVE,34.0459,-118.5402
25010-30000-03781,Pacific Palisades,90272,Brentwood - Pacific Palisades,yes,Dwelling - Single Family,2025-08-19,2025-09-29,,Issued (under construction),Issued,2025-09-29,Type V-B Construction,Type V (wood-frame),4948.0,800000.0,26.0,no,14715 W WHITFIELD AVE,34.0519,-118.5207
25010-10000-03733,Pacific Palisades,90272,Brentwood - Pacific Palisades,no,Dwelling - Single Family,2025-08-20,2025-11-03,,Issued (under construction),Issued,2025-11-03,Type V-B Construction,Type V (wood-frame),5713.0,3000000.0,25.66,yes,15461 W ALBRIGHT ST -,34.0505,-118.5272
25010-10000-03793,Pacific Palisades,90272,Brentwood - Pacific Palisades,yes,Dwelling - Single Family,2025-08-20,2026-02-18,,Issued (under construction),Issued,2026-02-18,Type V-B Construction,Type V (wood-frame),5518.0,1000000.0,27.5,yes,325 N ADERNO WAY,34.0418,-118.5446
25010-20000-03807,Pacific Palisades,90272,Brentwood - Pacific Palisades,no,Patio Cover,2025-08-20,2025-09-12,2026-02-11,Completed (CofO / finaled),CofO Issued,2026-02-11,Type V-B Construction,Type V (wood-frame),375.0,10000.0,11.0,no,13735 W SUNSET BLVD,34.05,-118.5059
25010-20000-03814,Brentwood,90049,Brentwood - Pacific Palisades,yes,Accessory Dwelling Unit,2025-08-20,,,In plan check,PC Approved,2026-03-11,Type V-B Construction,Type V (wood-frame),,80000.0,,no,1753 N MANDEVILLE CANYON ROAD,34.0657,-118.4932
25010-30000-03794,Pacific Palisades,90272,Brentwood - Pacific Palisades,no,Dwelling - Single Family,2025-08-20,2025-11-07,,Issued (under construction),Issued,2025-11-07,Type V-A Construction,Type V (wood-frame),3966.0,600000.0,30.5,yes,1010 N ILIFF ST,34.0481,-118.5191
25014-10000-03708,Pacific Palisades,90272,Brentwood - Pacific Palisades,yes,Dwelling - Single Family,2025-08-20,2026-01-12,,Issued (under construction),Issued,2026-01-12,Type V-B Construction,Type V (wood-frame),2722.0,250000.0,30.5,yes,616 N LAS LOMAS AVE,34.0463,-118.5392
25016-10000-24896,Pacific Palisades,90272,Brentwood - Pacific Palisades,no,Dwelling - Single Family,2025-08-20,2025-12-03,,Issued (under construction),Issued,2025-12-03,Type V-B Construction,Type V (wood-frame),5467.0,850000.0,31.5,yes,16820 W EDGAR ST,34.0452,-118.5468
25010-10000-03436,Pacific Palisades,90272,Brentwood - Pacific Palisades,no,Dwelling - Single Family,2025-08-21,2025-12-31,,Issued (under construction),Issued,2025-12-31,Type V-B Construction,Type V (wood-frame),5072.0,1300000.0,27.66,yes,863 N TOYOPA DR,34.0438,-118.5231
25010-10000-03729,Pacific Palisades,90272,Brentwood - Pacific Palisades,no,Dwelling - Single Family,2025-08-21,2025-12-16,,Issued (under construction),Issued,2025-12-16,Type V-B Construction,Type V (wood-frame),2512.0,1000000.0,30.79,yes,415 N BEIRUT AVE,34.0377,-118.5306
25010-10000-04074,Pacific Palisades,90272,Brentwood - Pacific Palisades,no,Accessory Dwelling Unit,2025-08-21,2026-02-02,,Issued (under construction),Issued,2026-02-02,Type V-B Construction,Type V (wood-frame),525.0,200000.0,18.79,yes,413 N BEIRUT AVE,34.0377,-118.5308
25010-20000-03819,Encino / Tarzana,91436,Encino - Tarzana,yes,Garage - Private,2025-08-21,2026-02-17,,Issued (under construction),Issued,2026-02-17,Type V-B Construction,Type V (wood-frame),350.69,44000.0,15.0,no,16825 W BAJIO ROAD,34.1486,-118.4996
25010-20000-03823,Pacific Palisades,90272,Brentwood - Pacific Palisades,no,Dwelling - Single Family,2025-08-21,,,In plan check,PC Info Complete,2025-09-23,Type V-B Construction,Type V (wood-frame),3764.0,840000.0,28.0,yes,662 N EL MEDIO AVE,34.0446,-118.5337
25010-10000-03720,Pacific Palisades,90272,Brentwood - Pacific Palisades,yes,Dwelling - Single Family,2025-08-22,2025-12-09,,Issued (under construction),Issued,2025-12-09,Type V-B Construction,Type V (wood-frame),2570.1,265000.0,22.0,yes,661 N PALMERA AVE,34.0471,-118.5383
25010-20000-03853,Encino / Tarzana,91356,Encino - Tarzana,no,Dwelling - Single Family,2025-08-22,2025-10-29,,Issued (under construction),Issued,2025-10-29,Type V-B Construction,Type V (wood-frame),6461.0,627000.0,28.5,no,6125 N SHIRLEY AVE,34.1817,-118.558
25010-20000-03854,Encino / Tarzana,91356,Encino - Tarzana,no,Accessory Dwelling Unit,2025-08-22,2025-10-29,,Issued (under construction),Issued,2025-10-29,Type V-B Construction,Type V (wood-frame),758.0,77000.0,15.83,no,6123 N SHIRLEY AVE,34.1817,-118.5584
25010-20001-01203,Pacific Palisades,90272,Brentwood - Pacific Palisades,yes,,2025-08-22,,,In plan check,Quality Review Completed,2025-09-02,,Not stated,,167000.0,,yes,1444 N LACHMAN LANE,34.0616,-118.5495
25010-30000-03837,Pacific Palisades,90272,Brentwood - Pacific Palisades,no,Dwelling - Single Family,2025-08-22,2025-09-30,,Issued (under construction),Issued,2025-09-30,Type V-B Construction,Type V (wood-frame),4533.0,675000.0,29.33,yes,566 N TAHQUITZ PL,34.044,-118.5376
25010-10000-03365,Pacific Palisades,90272,Brentwood - Pacific Palisades,no,Dwelling - Single Family,2025-08-25,2025-11-19,,Issued (under construction),Issued,2025-11-19,Type V-B Construction,Type V (wood-frame),2981.0,700000.0,21.08,yes,16838-16840 W EDGAR ST,34.045,-118.5473
25010-10000-03845,Pacific Palisades,90272,Brentwood - Pacific Palisades,yes,Dwelling - Single Family,2025-08-25,2026-04-13,,Issued (under construction),Issued,2026-04-13,Type V-B Construction,Type V (wood-frame),3330.0,250000.0,23.25,yes,615 N LAS LOMAS AVE,34.0463,-118.5394
25010-20000-03866,Encino / Tarzana,91436,Encino - Tarzana,yes,Recreation Room,2025-08-25,2025-10-30,,Issued (under construction),Issued,2025-10-30,Type V-B Construction,Type V (wood-frame),173.19,22000.0,13.25,no,3910 N ENCINO HILLS PL,34.1413,-118.4998
25010-30000-03871,Pacific Palisades,90272,Brentwood - Pacific Palisades,yes,Dwelling - Single Family,2025-08-25,2025-12-24,,Issued (under construction),Issued,2025-12-24,Type V-A Construction,Type V (wood-frame),2965.0,400000.0,13.67,yes,1226 N TELLEM DR,34.0581,-118.5447
25010-30000-03879,Pacific Palisades,90272,Brentwood - Pacific Palisades,yes,Dwelling - Single Family,2025-08-25,2026-01-20,,Issued (under construction),Issued,2026-01-20,Type V-B Construction,Type V (wood-frame),2674.0,402000.0,29.67,yes,516 N MOUNT HOLYOKE AVE,34.0389,-118.5307
25010-10000-03838,Pacific Palisades,90272,Brentwood - Pacific Palisades,no,Dwelling - Single Family,2025-08-26,2026-01-20,,Issued (under construction),Issued,2026-01-20,Type V-B Construction,Type V (wood-frame),4445.0,430000.0,27.33,yes,1017 N ILIFF ST,34.0481,-118.5193
25010-10000-04202,Brentwood,90049,Brentwood - Pacific Palisades,no,Accessory Dwelling Unit,2025-08-26,,,In plan check,Verifications in Progress,2026-06-23,Type V-B Construction,Type V (wood-frame),570.0,250000.0,11.17,no,12227 W DUNOON LANE,34.0536,-118.4774
25010-20000-03875,Pacific Palisades,90272,Brentwood - Pacific Palisades,yes,Accessory Dwelling Unit,2025-08-26,,,In plan check,Corrections Issued,2025-08-30,Type V-B Construction,Type V (wood-frame),314.0,32000.0,11.33,no,1286 N EL HITO CIR,34.0591,-118.542
25010-20000-03902,Pacific Palisades,90272,Brentwood - Pacific Palisades,yes,Dwelling - Single Family,2025-08-26,2025-12-02,,Issued (under construction),Issued,2025-12-02,Type V-B Construction,Type V (wood-frame),6464.0,450000.0,24.5,yes,16749 W MARQUEZ TER,34.0474,-118.5462
25010-30000-03901,Pacific Palisades,90272,Brentwood - Pacific Palisades,yes,Dwelling - Single Family,2025-08-26,2025-11-05,,Issued (under construction),Issued,2025-11-05,Type V-B Construction,Type V (wood-frame),6005.0,3240000.0,34.5,yes,601 N VIA DE LA PAZ,34.0405,-118.5289
25010-30000-03905,Pacific Palisades,90272,Brentwood - Pacific Palisades,yes,Dwelling - Single Family,2025-08-26,2026-02-19,,Issued (under construction),Issued,2026-02-19,Type V-B Construction,Type V (wood-frame),3781.0,400000.0,17.67,yes,1262 N VILLA WOODS DR,34.0522,-118.5149
25014-30000-03866,Pacific Palisades,90272,Brentwood - Pacific Palisades,no,Dwelling - Single Family,2025-08-26,,,In plan check,PC Approved,2026-02-11,Type V-B Construction,Type V (wood-frame),3969.0,500000.0,27.5,yes,1124 N KAGAWA ST,34.0503,-118.5185
25010-10000-03606,Pacific Palisades,90272,Brentwood - Pacific Palisades,no,Dwelling - Single Family,2025-08-27,2026-03-04,,Issued (under construction),Issued,2026-03-04,Type V-B Construction,Type V (wood-frame),5878.0,3500000.0,33.0,yes,15102 W BESTOR BLVD,34.0512,-118.5245
25010-10000-03617,Pacific Palisades,90272,Brentwood - Pacific Palisades,yes,Dwelling - Single Family,2025-08-27,2026-01-23,,Issued (under construction),Issued,2026-01-23,Type V-B Construction,Type V (wood-frame),3576.0,2075000.0,26.0,yes,15061 W MCKENDREE AVE,34.0517,-118.5242
25010-10000-03618,Pacific Palisades,90272,Brentwood - Pacific Palisades,no,Dwelling - Single Family,2025-08-27,2025-11-04,,Issued (under construction),Issued,2025-11-04,Type V-A Construction,Type V (wood-frame),4226.0,500000.0,28.0,yes,17060 W LIVORNO DR,34.0418,-118.5503
25010-10000-03701,Pacific Palisades,90272,Brentwood - Pacific Palisades,no,Dwelling - Single Family,2025-08-27,2025-12-01,,Issued (under construction),Issued,2025-12-01,Type V-B Construction,Type V (wood-frame),4161.0,800000.0,28.5,yes,1031 N ILIFF ST n/a,34.0485,-118.5194
25010-10000-03831,Brentwood,90049,Brentwood - Pacific Palisades,yes,Accessory Dwelling Unit,2025-08-27,2026-07-27,,Issued (under construction),Issued,2026-07-27,Type V-B Construction,Type V (wood-frame),695.4,70296.0,27.21,no,12004 W BENMORE TER,34.0695,-118.4754
25010-10000-03839,Pacific Palisades,90272,Brentwood - Pacific Palisades,no,Dwelling - Single Family,2025-08-27,2025-12-04,,Issued (under construction),Issued,2025-12-04,Type V-B Construction,Type V (wood-frame),2414.0,1900000.0,18.6,yes,712 N RADCLIFFE AVE,34.0435,-118.5303
25010-10000-03840,Pacific Palisades,90272,Brentwood - Pacific Palisades,no,Dwelling - Single Family,2025-08-27,2026-01-23,,Issued (under construction),Issued,2026-01-23,Type V-B Construction,Type V (wood-frame),3222.0,1000000.0,25.08,yes,15210 W FRIENDS ST 90272,34.0341,-118.5269
25010-10000-03883,Pacific Palisades,90272,Brentwood - Pacific Palisades,no,Dwelling - Single Family,2025-08-27,2025-12-15,,Issued (under construction),Issued,2025-12-15,Type V-B Construction,Type V (wood-frame),3550.0,400000.0,26.5,yes,16906 W LIVORNO DR,34.0434,-118.547
25010-10000-03886,Pacific Palisades,90272,Brentwood - Pacific Palisades,no,Dwelling - Single Family,2025-08-27,2025-10-20,,Issued (under construction),Issued,2025-10-20,Type V-B Construction,Type V (wood-frame),3399.0,600000.0,24.75,yes,16760 W EDGAR ST,34.0463,-118.5453
25010-10000-03891,Pacific Palisades,90272,Brentwood - Pacific Palisades,no,Dwelling - Single Family,2025-08-27,2025-12-17,,Issued (under construction),Issued,2025-12-17,Type V-B Construction,Type V (wood-frame),4957.0,1200000.0,26.9,yes,1100 N EMBURY ST,34.0491,-118.5235
25010-10000-03916,Pacific Palisades,90272,Brentwood - Pacific Palisades,yes,Dwelling - Single Family,2025-08-27,2026-01-14,,Issued (under construction),Issued,2026-01-14,Type V-B Construction,Type V (wood-frame),3647.0,450000.0,30.8,yes,15991 W ALCIMA AVE,34.0509,-118.5352
25010-10000-03917,Pacific Palisades,90272,Brentwood - Pacific Palisades,no,Dwelling - Single Family,2025-08-27,2025-10-30,,Issued (under construction),Issued,2025-10-30,Type V-B Construction,Type V (wood-frame),6455.0,1088150.0,26.83,yes,660 N EL MEDIO AVE,34.0445,-118.5337
25010-10000-04082,Pacific Palisades,90272,Brentwood - Pacific Palisades,no,Accessory Dwelling Unit,2025-08-27,2025-11-04,,Issued (under construction),Issued,2025-11-04,Type V-B Construction,Type V (wood-frame),255.0,40000.0,15.0,no,17062 W LIVORNO DR,34.0418,-118.5504
25010-10000-05693,Pacific Palisades,90272,Brentwood - Pacific Palisades,no,Garage - Private,2025-08-27,2025-12-04,,Issued (under construction),Issued,2025-12-04,Type V-B Construction,Type V (wood-frame),0.0,20000.0,10.5,no,712 N RADCLIFFE AVE,34.0435,-118.5303
25010-20000-03926,Pacific Palisades,90272,Brentwood - Pacific Palisades,no,Dwelling - Single Family,2025-08-27,2025-11-06,,Issued (under construction),Issued,2025-11-06,Type V-B Construction,Type V (wood-frame),3469.0,340000.0,27.42,yes,640 N VIA DE LA PAZ,34.0416,-118.5283
25010-30000-03921,Pacific Palisades,90272,Brentwood - Pacific Palisades,yes,Dwelling - Single Family,2025-08-27,2025-11-05,,Issued (under construction),Issued,2025-11-05,Type V-B Construction,Type V (wood-frame),3996.0,274417.0,18.0,yes,1034 N LAS LOMAS AVE,34.0529,-118.5355
25010-30000-03936,Pacific Palisades,90272,Brentwood - Pacific Palisades,no,Dwelling - Single Family,2025-08-27,2025-12-08,,Issued (under construction),Issued,2025-12-08,Type V-B Construction,Type V (wood-frame),3251.0,500000.0,27.05,yes,938 N EMBURY ST,34.0463,-118.5229
25010-30000-03937,Pacific Palisades,90272,Brentwood - Pacific Palisades,no,Patio Cover,2025-08-27,2025-12-08,,Issued (under construction),Issued,2025-12-08,Type V-B Construction,Type V (wood-frame),240.0,25000.0,9.6,no,938 N EMBURY ST,34.0463,-118.5229
25014-10000-03838,Pacific Palisades,90272,Brentwood - Pacific Palisades,yes,Dwelling - Single Family,2025-08-27,2026-03-23,,Issued (under construction),Issued,2026-03-23,Type V-B Construction,Type V (wood-frame),4516.0,1500000.0,20.0,yes,16920 W ENCHANTED PL,34.0514,-118.5486
21010-30001-00780,Pacific Palisades,90272,Brentwood - Pacific Palisades,no,Garage - Private,2025-08-28,2025-10-29,,Issued (under construction),Issued,2025-10-29,Type V-B Construction,Type V (wood-frame),0.0,10000.0,,yes,15313 W EARLHAM ST,34.038,-118.5275
25010-10000-03158,Pacific Palisades,90272,Brentwood - Pacific Palisades,no,Dwelling - Single Family,2025-08-28,2026-02-12,,Issued (under construction),Issued,2026-02-12,Type V-B Construction,Type V (wood-frame),1778.0,315000.0,15.75,yes,944 N FISKE ST,34.0466,-118.5219
25010-10000-03591,Pacific Palisades,90272,Brentwood - Pacific Palisades,yes,Dwelling - Single Family,2025-08-28,2025-11-12,,Issued (under construction),Issued,2025-11-12,Type V-B Construction,Type V (wood-frame),3490.32,1750000.0,27.25,yes,1847 W MICHAEL LANE,34.0778,-118.5586
25010-10000-03893,Pacific Palisades,90272,Brentwood - Pacific Palisades,no,Dwelling - Single Family,2025-08-28,2025-10-06,,Issued (under construction),Issued,2025-10-06,Type V-B Construction,Type V (wood-frame),4863.97,900000.0,28.0,yes,1121 N VIA DE LA PAZ,34.0498,-118.5266
25010-10000-03895,Pacific Palisades,90272,Brentwood - Pacific Palisades,yes,Dwelling - Single Family,2025-08-28,2025-12-22,,Issued (under construction),Issued,2025-12-22,Type V-B Construction,Type V (wood-frame),2410.0,950000.0,12.84,yes,16812 CHARMEL LANE,34.061,-118.5523
25010-10000-03918,Pacific Palisades,90272,Brentwood - Pacific Palisades,no,Dwelling - Single Family,2025-08-28,2026-06-23,,Issued (under construction),Issued,2026-06-23,Type V-B Construction,Type V (wood-frame),2678.0,900000.0,23.75,yes,527 N LAS CASAS AVE,34.0447,-118.5435
25010-10000-03923,Pacific Palisades,90272,Brentwood - Pacific Palisades,yes,Dwelling - Single Family,2025-08-28,2025-10-29,,Issued (under construction),Issued,2025-10-29,Type V-B Construction,Type V (wood-frame),5831.0,950000.0,28.63,yes,15856 W SEABEC CIR,34.0404,-118.5344
25010-30000-03946,Pacific Palisades,90272,Brentwood - Pacific Palisades,no,Dwelling - Single Family,2025-08-28,2025-12-31,,Issued (under construction),Issued,2025-12-31,Type V-B Construction,Type V (wood-frame),3880.0,500000.0,28.0,yes,15034 W SUNSET BLVD,34.0445,-118.5225
25016-30000-26134,Pacific Palisades,90272,Brentwood - Pacific Palisades,yes,Dwelling - Single Family,2025-08-28,2026-01-20,,Issued (under construction),Issued,2026-01-20,Type V-B Construction,Type V (wood-frame),2570.0,900000.0,25.03,yes,611 N MARQUETTE ST,34.0461,-118.542
24020-30002-00747,Brentwood,90049,Brentwood - Pacific Palisades,yes,,2025-08-29,,,In plan check,Verifications in Progress,2025-10-29,Type V-A Construction,Type V (wood-frame),800.0,500000.0,,no,637 N BONHILL ROAD,34.0695,-118.4822
25010-10000-03884,Pacific Palisades,90272,Brentwood - Pacific Palisades,yes,Dwelling - Single Family,2025-08-29,2026-01-09,,Issued (under construction),Issued,2026-01-09,Type V-B Construction,Type V (wood-frame),2823.0,1200000.0,14.0,yes,1135 N LAS LOMAS AVE,34.0543,-118.5355
25010-10000-03889,Pacific Palisades,90272,Brentwood - Pacific Palisades,no,Dwelling - Single Family,2025-08-29,2025-10-17,,Issued (under construction),Issued,2025-10-17,Type V-B Construction,Type V (wood-frame),3466.0,750000.0,27.21,yes,927 N HARTZELL ST,34.0464,-118.52
25010-10000-03952,Pacific Palisades,90272,Brentwood - Pacific Palisades,yes,Dwelling - Single Family,2025-08-29,2025-12-04,,Issued (under construction),Issued,2025-12-04,Type V-B Construction,Type V (wood-frame),5096.0,580000.0,26.4,yes,562 N LAS CASAS AVE,34.0457,-118.5431
25010-20000-03986,Pacific Palisades,90272,Brentwood - Pacific Palisades,no,Dwelling - Single Family,2025-08-29,,,In plan check,PC Info Complete,2025-10-09,Type V-B Construction,Type V (wood-frame),5720.0,619000.0,27.5,yes,900 N FISKE ST,34.0456,-118.5217
25010-30000-03983,Pacific Palisades,90272,Brentwood - Pacific Palisades,no,Dwelling - Single Family,2025-08-29,2025-10-17,,Issued (under construction),Issued,2025-10-17,Type V-B Construction,Type V (wood-frame),3551.0,700000.0,24.58,yes,1031 N KAGAWA ST,34.0487,-118.5184
25010-30000-03988,Pacific Palisades,90272,Brentwood - Pacific Palisades,no,Dwelling - Single Family,2025-08-29,2026-02-18,,Issued (under construction),Issued,2026-02-18,Type V-B Construction,Type V (wood-frame),3143.0,500000.0,28.0,no,650 N VIA DE LA PAZ,34.0418,-118.5283
25010-30000-03993,Brentwood,90049,Brentwood - Pacific Palisades,yes,Miscellaneous Bldg/Structure,2025-08-29,,,In plan check,Verifications in Progress,2025-10-29,Type V-B Construction,Type V (wood-frame),,10000.0,,no,635 N BONHILL ROAD,34.0695,-118.4818
17014-20005-00939,Pacific Palisades,90272,Brentwood - Pacific Palisades,yes,Dwelling - Single Family,2025-09-02,2026-01-08,,Issued (under construction),Issued,2026-01-08,Type V-B Construction,Type V (wood-frame),2432.0,185000.0,33.0,yes,658 N PALMERA AVE,34.047,-118.5381
25010-10000-03949,Pacific Palisades,90272,Brentwood - Pacific Palisades,no,Dwelling - Single Family,2025-09-02,2026-01-12,,Issued (under construction),Issued,2026-01-12,Type V-B Construction,Type V (wood-frame),3342.0,750000.0,19.0,yes,501 N EL MEDIO AVE,34.0421,-118.5349
25010-10000-03950,Pacific Palisades,90272,Brentwood - Pacific Palisades,no,Dwelling - Single Family,2025-09-02,2025-12-02,,Issued (under construction),Issued,2025-12-02,Type V-B Construction,Type V (wood-frame),2884.0,650000.0,24.0,yes,720 N HARTZELL ST,34.042,-118.5188
25010-10000-03954,Pacific Palisades,90272,Brentwood - Pacific Palisades,yes,Dwelling - Single Family,2025-09-02,2025-12-15,,Issued (under construction),Issued,2025-12-15,Type V-B Construction,Type V (wood-frame),2884.0,1000000.0,14.75,yes,16044 W ANOKA DR,34.0538,-118.5342
25010-10000-03969,Pacific Palisades,90272,Brentwood - Pacific Palisades,yes,Dwelling - Single Family,2025-09-02,,,In plan check,Verifications in Progress,2026-07-06,Type V-B Construction,Type V (wood-frame),,1400000.0,,yes,1191 N RAVOLI DR,34.0517,-118.5075
25010-10000-03979,Pacific Palisades,90272,Brentwood - Pacific Palisades,yes,Dwelling - Single Family,2025-09-02,2026-02-04,,Issued (under construction),Issued,2026-02-04,Type V-B Construction,Type V (wood-frame),4278.0,800000.0,22.66,yes,1296 N MARINETTE ROAD,34.0533,-118.5181
25010-10000-04192,Pacific Palisades,90272,Brentwood - Pacific Palisades,no,Accessory Dwelling Unit,2025-09-02,2025-12-02,,Issued (under construction),Issued,2025-12-02,Type V-B Construction,Type V (wood-frame),551.0,75000.0,14.0,no,722 N HARTZELL ST,34.042,-118.5186
25010-20000-04003,Pacific Palisades,90272,Brentwood - Pacific Palisades,yes,Dwelling - Single Family,2025-09-02,2026-04-10,,Issued (under construction),Issued,2026-04-10,Type V-B Construction,Type V (wood-frame),3530.0,950000.0,25.58,yes,1200 N CHAUTAUQUA BLVD,34.0518,-118.518
25010-20000-04007,Encino / Tarzana,91356,Encino - Tarzana,yes,Accessory Dwelling Unit,2025-09-02,2026-01-05,,Issued (under construction),Issued,2026-01-05,Type V-B Construction,Type V (wood-frame),800.0,80800.0,15.33,no,19074 W TINA PL,34.1527,-118.5491
25010-20000-04012,Encino / Tarzana,91436,Encino - Tarzana,no,Dwelling - Single Family,2025-09-02,2025-12-16,,Issued (under construction),Issued,2025-12-16,Type V-B Construction,Type V (wood-frame),3566.0,450000.0,23.67,no,15747-15749 W ADDISON ST,34.1618,-118.4765
25010-20000-04013,Encino / Tarzana,91436,Encino - Tarzana,no,Patio Cover,2025-09-02,2025-12-16,,Issued (under construction),Issued,2025-12-16,Type V-B Construction,Type V (wood-frame),216.0,50000.0,11.08,no,15747 W ADDISON ST,34.1618,-118.4765
25010-20000-04016,Pacific Palisades,90272,Brentwood - Pacific Palisades,no,Dwelling - Single Family,2025-09-02,2025-10-23,,Issued (under construction),Issued,2025-10-23,Type V-B Construction,Type V (wood-frame),7392.5,1000000.0,28.0,yes,805 N ALMA REAL DR,34.0427,-118.5233
25010-30000-04023,Pacific Palisades,90272,Brentwood - Pacific Palisades,no,Dwelling - Single Family,2025-09-02,2026-01-08,,Issued (under construction),Issued,2026-01-08,Type V-B Construction,Type V (wood-frame),6223.0,976950.0,28.16,yes,753 N CHAPALA DR,34.0412,-118.5227
25010-10000-03765,Pacific Palisades,90272,Brentwood - Pacific Palisades,no,Dwelling - Single Family,2025-09-03,,,In plan check,Verifications in Progress,2026-03-12,Type V-B Construction,Type V (wood-frame),,1500000.0,,yes,519 N ALMAR AVE,34.0426,-118.5372
25010-10000-03941,Pacific Palisades,90272,Brentwood - Pacific Palisades,no,Dwelling - Single Family,2025-09-03,2025-09-23,,Issued (under construction),Issued,2025-09-23,Type V-B Construction,Type V (wood-frame),5072.0,475000.0,27.67,yes,742 N RADCLIFFE AVE,34.0441,-118.5302
25010-10000-03994,Pacific Palisades,90272,Brentwood - Pacific Palisades,no,Dwelling - Single Family,2025-09-03,2025-10-28,,Issued (under construction),Issued,2025-10-28,Type V-B Construction,Type V (wood-frame),3385.25,400000.0,27.2,yes,16037-16037 1/2 W MIAMI WAY,34.0455,-118.537
25010-10000-03995,Pacific Palisades,90272,Brentwood - Pacific Palisades,yes,Dwelling - Single Family,2025-09-03,2025-10-24,,Issued (under construction),Issued,2025-10-24,Type V-B Construction,Type V (wood-frame),6968.0,1200000.0,28.0,yes,615 N ALMA REAL DR,34.0385,-118.5236
25010-10000-03996,Pacific Palisades,90272,Brentwood - Pacific Palisades,no,Dwelling - Single Family,2025-09-03,2025-12-24,,Issued (under construction),Issued,2025-12-24,Type V-B Construction,Type V (wood-frame),1600.64,700000.0,18.0,yes,863 N FISKE ST,34.0448,-118.5217
25010-10000-04033,Encino / Tarzana,91316,Encino - Tarzana,no,Dwelling - Single Family,2025-09-03,2026-03-04,,Issued (under construction),Issued,2026-03-04,Type V-B Construction,Type V (wood-frame),3309.0,250000.0,28.0,no,18023-18023 1/2 W SANTA RITA ST,34.164,-118.5256
25010-10000-04036,Brentwood,90049,Brentwood - Pacific Palisades,yes,Patio Cover,2025-09-03,2025-11-04,,Issued (under construction),Issued,2025-11-04,Type V-B Construction,Type V (wood-frame),260.0,20000.0,10.58,no,208 N TIGERTAIL ROAD,34.0619,-118.4789
25010-30000-04034,Pacific Palisades,90272,Brentwood - Pacific Palisades,yes,Dwelling - Single Family,2025-09-03,2026-06-02,,Issued (under construction),Issued,2026-06-02,Type V-B Construction,Type V (wood-frame),5662.94,500000.0,22.0,yes,800 N ENCHANTED WAY,34.0509,-118.5487
25010-30000-04039,Pacific Palisades,90272,Brentwood - Pacific Palisades,yes,Dwelling - Single Family,2025-09-03,2025-10-14,,Issued (under construction),Issued,2025-10-14,Type V-B Construction,Type V (wood-frame),5813.0,850000.0,38.67,yes,356 N GRENOLA ST,34.0425,-118.5422
26010-10000-00583,Encino / Tarzana,91316,Encino - Tarzana,no,Carport,2025-09-03,2026-03-04,,Issued (under construction),Issued,2026-03-04,Type V-B Construction,Type V (wood-frame),318.0,5000.0,9.5,no,18023-18023 1/2 W SANTA RITA ST,34.164,-118.5256
25010-10000-04032,Pacific Palisades,90272,Brentwood - Pacific Palisades,no,Dwelling - Single Family,2025-09-04,,,In plan check,PC Info Complete,2025-12-16,Type V-B Construction,Type V (wood-frame),2019.0,1000000.0,18.0,yes,16718 W BOLLINGER DR,34.0472,-118.5445
25010-10000-04043,Pacific Palisades,90272,Brentwood - Pacific Palisades,no,Patio Cover,2025-09-04,2025-09-19,,Issued (under construction),Issued,2025-09-19,Type V-B Construction,Type V (wood-frame),388.5,8000.0,13.0,no,321 N SWARTHMORE AVE,34.0363,-118.5288
25010-30000-04064,Pacific Palisades,90272,Brentwood - Pacific Palisades,yes,Dwelling - Single Family,2025-09-04,2025-12-17,,Issued (under construction),Issued,2025-12-17,Type V-B Construction,Type V (wood-frame),2346.0,300000.0,16.83,yes,16332 W AKRON ST,34.0498,-118.5402
25010-30000-04067,Pacific Palisades,90272,Brentwood - Pacific Palisades,no,Dwelling - Single Family,2025-09-04,2025-10-17,,Issued (under construction),Issued,2025-10-17,Type V-B Construction,Type V (wood-frame),3823.0,500000.0,29.5,yes,822 N HARTZELL ST,34.044,-118.5192
25010-30000-04071,Pacific Palisades,90272,Brentwood - Pacific Palisades,no,Dwelling - Single Family,2025-09-04,2025-12-15,,Issued (under construction),Issued,2025-12-15,Type V-B Construction,Type V (wood-frame),4580.0,900000.0,27.58,yes,407 N VIA DE LA PAZ,34.0374,-118.5297
25010-30000-04076,Pacific Palisades,90272,Brentwood - Pacific Palisades,yes,Dwelling - Single Family,2025-09-04,2025-11-24,,Issued (under construction),Issued,2025-11-24,Type V-B Construction,Type V (wood-frame),2778.0,800000.0,15.67,yes,601 N PASEO MIRAMAR,34.0473,-118.558
25010-30000-04079,Pacific Palisades,90272,Brentwood - Pacific Palisades,yes,Accessory Dwelling Unit,2025-09-04,2025-11-24,,Issued (under construction),Issued,2025-11-24,Type V-B Construction,Type V (wood-frame),312.25,200000.0,13.17,yes,603 N PASEO MIRAMAR,34.0474,-118.5582
25016-10000-26327,Pacific Palisades,90272,Brentwood - Pacific Palisades,yes,Dwelling - Single Family,2025-09-04,2025-11-22,,Issued (under construction),Issued,2025-11-22,Type V-B Construction,Type V (wood-frame),8287.0,1200000.0,27.83,yes,16656 W CUMBRE VERDE CT,34.0713,-118.5504
25016-10001-05595,Encino / Tarzana,91436,Encino - Tarzana,no,Accessory Dwelling Unit,2025-09-04,2025-11-17,,Completed (CofO / finaled),Permit Finaled,2026-02-24,Type V-B Construction,Type V (wood-frame),250.0,28000.0,10.92,no,5172 N GLORIA AVE,34.1641,-118.4789
25010-10000-03378,Pacific Palisades,90272,Brentwood - Pacific Palisades,no,Dwelling - Single Family,2025-09-05,,,In plan check,Quality Review Completed,2025-09-17,Type V-A Construction,Type V (wood-frame),,250000.0,,yes,901 N GALLOWAY ST,34.0457,-118.5209
25010-10000-03778,Pacific Palisades,90272,Brentwood - Pacific Palisades,yes,Dwelling - Single Family,2025-09-05,2025-12-30,,Issued (under construction),Issued,2025-12-30,Type V-B Construction,Type V (wood-frame),2658.0,750000.0,16.3,yes,900 N ENCHANTED WAY,34.0527,-118.5486
25010-10000-03855,Pacific Palisades,90272,Brentwood - Pacific Palisades,no,Dwelling - Single Family,2025-09-05,2025-12-16,,Issued (under construction),Issued,2025-12-16,Type V-B Construction,Type V (wood-frame),1637.0,498000.0,21.13,yes,530 N MUSKINGUM PL,34.0427,-118.538
25010-20000-04109,Pacific Palisades,90272,Brentwood - Pacific Palisades,yes,Accessory Dwelling Unit,2025-09-05,,,In plan check,Quality Review Completed,2025-10-09,Type V-B Construction,Type V (wood-frame),660.0,75000.0,24.3,no,1771 S CHASTAIN PKWY EAST,34.0732,-118.5474
25010-20000-04110,Pacific Palisades,90272,Brentwood - Pacific Palisades,no,Dwelling - Single Family,2025-09-05,2025-11-07,,Issued (under construction),Issued,2025-11-07,Type V-B Construction,Type V (wood-frame),3626.0,500000.0,25.5,yes,15329-15331 W FRIENDS ST,34.0369,-118.5282
25010-10000-03896,Pacific Palisades,90272,Brentwood - Pacific Palisades,yes,Dwelling - Single Family,2025-09-08,2026-02-04,,Issued (under construction),Issued,2026-02-04,Type V-B Construction,Type V (wood-frame),2265.0,800000.0,23.08,no,15205 W FRIENDS ST,34.0336,-118.5267
25010-10000-03977,Pacific Palisades,90272,Brentwood - Pacific Palisades,yes,Dwelling - Single Family,2025-09-08,2025-12-15,,Issued (under construction),Issued,2025-12-15,Type V-B Construction,Type V (wood-frame),5300.0,736000.0,34.42,yes,1280 N PIEDRA MORADA DR,34.0705,-118.5516
25010-10000-04044,Pacific Palisades,90272,Brentwood - Pacific Palisades,no,Dwelling - Single Family,2025-09-08,2026-01-14,,Issued (under construction),Issued,2026-01-14,Type V-B Construction,Type V (wood-frame),1956.0,800000.0,17.67,yes,373 N GRENOLA ST,34.0429,-118.5427
25010-10000-04059,Pacific Palisades,90272,Brentwood - Pacific Palisades,no,Dwelling - Single Family,2025-09-08,2026-02-25,,Issued (under construction),Issued,2026-02-25,Type V-B Construction,Type V (wood-frame),2269.0,796000.0,25.75,yes,653 N SWARTHMORE AVE,34.0417,-118.5276
25010-10000-04078,Pacific Palisades,90272,Brentwood - Pacific Palisades,yes,Dwelling - Single Family,2025-09-08,2025-12-16,,Issued (under construction),Issued,2025-12-16,Type V-B Construction,Type V (wood-frame),3295.0,1500000.0,26.25,yes,825 N JACON WAY,34.0517,-118.547
25010-10000-04212,Pacific Palisades,90272,Brentwood - Pacific Palisades,yes,Accessory Dwelling Unit,2025-09-08,2025-12-15,,Issued (under construction),Issued,2025-12-15,Type V-B Construction,Type V (wood-frame),1009.0,200000.0,24.67,yes,1282 N PIEDRA MORADA DR,34.0703,-118.5508
25010-20000-04118,Pacific Palisades,90272,Brentwood - Pacific Palisades,no,Dwelling - Single Family,2025-09-08,2025-10-09,,Issued (under construction),Issued,2025-10-09,Type V-B Construction,Type V (wood-frame),4956.0,550000.0,28.75,yes,1139 N MONUMENT ST,34.05,-118.525
25010-20000-04119,Pacific Palisades,90272,Brentwood - Pacific Palisades,yes,Dwelling - Single Family,2025-09-08,2026-01-29,,Issued (under construction),Issued,2026-01-29,Type V-B Construction,Type V (wood-frame),7201.0,700000.0,33.33,yes,16651 W CUMBRE VERDE CT,34.0714,-118.5508
25010-20000-04121,Pacific Palisades,90272,Brentwood - Pacific Palisades,yes,Dwelling - Single Family,2025-09-08,,,In plan check,PC Info Complete,2025-12-09,Type V-B Construction,Type V (wood-frame),2167.0,300000.0,12.25,yes,17461 W REVELLO DR,34.0405,-118.5568
25010-30000-04133,Bel Air / Beverly Crest,90077,Bel Air - Beverly Crest,yes,Dwelling - Single Family,2025-09-08,,,In plan check,PC Info Complete,2026-07-31,Type V-B Construction,Type V (wood-frame),7550.0,1133100.0,27.0,no,1905 N LINDA FLORA DR,34.1042,-118.4661
25010-30000-04141,Pacific Palisades,90272,Brentwood - Pacific Palisades,yes,Dwelling - Single Family,2025-09-08,,,In plan check,PC Info Complete,2026-01-26,Type V-B Construction,Type V (wood-frame),3668.0,720000.0,37.12,yes,1275 N CHAUTAUQUA BLVD,34.0524,-118.5198
26010-10000-03412,Pacific Palisades,90272,Brentwood - Pacific Palisades,no,Accessory Dwelling Unit,2025-09-08,2026-08-06,,Issued (under construction),Issued,2026-08-06,Type V-B Construction,Type V (wood-frame),380.0,75000.0,14.0,yes,651 N SWARTHMORE AVE,34.0417,-118.5277
25010-10000-04083,Pacific Palisades,90272,Brentwood - Pacific Palisades,yes,Dwelling - Single Family,2025-09-09,2025-11-07,,Issued (under construction),Issued,2025-11-07,Type V-B Construction,Type V (wood-frame),3490.0,650000.0,23.25,yes,16326 W AKRON ST,34.0497,-118.5402
25010-20000-04152,Encino / Tarzana,91316,Encino - Tarzana,no,Dwelling - Single Family,2025-09-09,,,In plan check,PC Info Complete,2026-01-20,Type V-B Construction,Type V (wood-frame),1773.71,400000.0,24.0,no,5725 N ENFIELD AVE,34.1744,-118.5236
25010-20000-04153,Encino / Tarzana,91316,Encino - Tarzana,no,Accessory Dwelling Unit,2025-09-09,,,In plan check,PC Info Complete,2026-01-20,Type V-B Construction,Type V (wood-frame),384.65,50000.0,14.92,no,5725 1/2 N ENFIELD AVE,,
25010-20000-04154,Encino / Tarzana,91316,Encino - Tarzana,no,Dwelling - Single Family,2025-09-09,,,In plan check,PC Info Complete,2026-01-20,Type V-B Construction,Type V (wood-frame),2158.36,450000.0,24.0,no,5727-5727 1/2 N ENFIELD AVE,,
25010-20000-04159,Pacific Palisades,90272,Brentwood - Pacific Palisades,no,Dwelling - Single Family,2025-09-09,2026-08-04,,Issued (under construction),Issued,2026-08-04,Type V-B Construction,Type V (wood-frame),4435.0,625000.0,28.0,yes,914 N GALLOWAY ST,34.046,-118.5207
25010-20000-04161,Encino / Tarzana,91436,Encino - Tarzana,no,Accessory Dwelling Unit,2025-09-09,2025-11-12,,Issued (under construction),Issued,2025-11-12,Type V-B Construction,Type V (wood-frame),4276.0,555000.0,24.83,no,4745-4747 N FIRMAMENT AVE,34.1573,-118.4729
25010-20000-04162,Encino / Tarzana,91436,Encino - Tarzana,no,Patio Cover,2025-09-09,2025-11-12,,Issued (under construction),Issued,2025-11-12,Type V-B Construction,Type V (wood-frame),200.0,20000.0,11.08,no,4747 N FIRMAMENT AVE,34.1574,-118.4728
25010-30000-04144,Pacific Palisades,90272,Brentwood - Pacific Palisades,no,Dwelling - Single Family,2025-09-09,2025-12-24,,Issued (under construction),Issued,2025-12-24,Type V-B Construction,Type V (wood-frame),3294.0,500000.0,26.92,yes,15239 W EARLHAM ST,34.0373,-118.5263
25010-30000-04145,Pacific Palisades,90272,Brentwood - Pacific Palisades,no,Accessory Dwelling Unit,2025-09-09,2025-12-24,,Issued (under construction),Issued,2025-12-24,Type V-B Construction,Type V (wood-frame),687.0,100000.0,14.25,yes,15239 W EARLHAM ST,34.0373,-118.5263
25010-30000-04163,Pacific Palisades,90272,Brentwood - Pacific Palisades,yes,Dwelling - Single Family,2025-09-09,2025-10-21,,Issued (under construction),Issued,2025-10-21,Type V-A Construction,Type V (wood-frame),4066.0,650000.0,16.08,yes,1080 N EL MEDIO PL,34.0544,-118.531
24014-30001-00437,Pacific Palisades,90272,Brentwood - Pacific Palisades,no,Dwelling - Single Family,2025-09-10,2025-12-05,,Issued (under construction),Issued,2025-12-05,Type V-B Construction,Type V (wood-frame),4043.3,400000.0,29.8,no,806-808 N RADCLIFFE AVE,34.0456,-118.5298
24014-30001-00438,Pacific Palisades,90272,Brentwood - Pacific Palisades,no,Recreation Room,2025-09-10,2025-12-05,,Issued (under construction),Issued,2025-12-05,Type V-B Construction,Type V (wood-frame),705.6,100000.0,16.0,no,808 N RADCLIFFE AVE,34.0457,-118.5298
25010-10000-04089,Pacific Palisades,90272,Brentwood - Pacific Palisades,yes,Dwelling - Single Family,2025-09-10,2025-11-12,,Issued (under construction),Issued,2025-11-12,Type V-B Construction,Type V (wood-frame),3434.0,500000.0,17.67,yes,16914 W ENCHANTED PL,34.0514,-118.5486
25010-10000-04106,Pacific Palisades,90272,Brentwood - Pacific Palisades,no,Dwelling - Single Family,2025-09-10,,,In plan check,PC Approved,2026-03-24,Type V-B Construction,Type V (wood-frame),,650000.0,30.0,yes,15509 W VIA DE LAS OLAS,34.0359,-118.5312
25010-10000-04301,Pacific Palisades,90272,Brentwood - Pacific Palisades,no,Accessory Dwelling Unit,2025-09-10,2026-03-25,,Issued (under construction),Issued,2026-03-25,Type V-B Construction,Type V (wood-frame),1058.0,200000.0,22.66,yes,15507 W VIA DE LAS OLAS,34.036,-118.5313
25010-20000-04175,Pacific Palisades,90272,Brentwood - Pacific Palisades,yes,Dwelling - Single Family,2025-09-10,2026-07-30,,Issued (under construction),Issued,2026-07-30,Type V-B Construction,Type V (wood-frame),3427.0,400000.0,25.75,yes,659 N JACON WAY,34.0488,-118.5474
25010-30000-04169,Pacific Palisades,90272,Brentwood - Pacific Palisades,no,Dwelling - Single Family,2025-09-10,2025-12-01,,Issued (under construction),Issued,2025-12-01,Type V-A Construction,Type V (wood-frame),3893.0,590000.0,26.29,yes,1143 N KAGAWA ST,34.0508,-118.5189
25010-30000-04174,Pacific Palisades,90272,Brentwood - Pacific Palisades,no,Dwelling - Single Family,2025-09-10,2025-11-03,,Issued (under construction),Issued,2025-11-03,Type V-B Construction,Type V (wood-frame),2951.0,500000.0,27.5,yes,1051 N GALLOWAY ST,34.0487,-118.5216
25010-30000-04176,Pacific Palisades,90272,Brentwood - Pacific Palisades,no,Dwelling - Single Family,2025-09-10,2026-03-10,,Issued (under construction),Issued,2026-03-10,Type V-B Construction,Type V (wood-frame),3244.0,478500.0,27.75,yes,16780 W LIVORNO DR,34.0447,-118.5445
25010-10000-03189,Pacific Palisades,90272,Brentwood - Pacific Palisades,no,Accessory Dwelling Unit,2025-09-11,,,In plan check,Ready to Issue,2025-12-22,Type V-B Construction,Type V (wood-frame),721.0,70000.0,22.75,yes,1109 N ILIFF ST,34.0497,-118.5199
25010-10000-04073,Pacific Palisades,90272,Brentwood - Pacific Palisades,yes,Dwelling - Single Family,2025-09-11,2025-10-28,,Issued (under construction),Issued,2025-10-28,Type V-A Construction,Type V (wood-frame),2729.0,400000.0,22.0,yes,17270 W AVENIDA DE LA HERRADURA,34.0783,-118.5627
25010-10000-04172,Pacific Palisades,90272,Brentwood - Pacific Palisades,no,Dwelling - Single Family,2025-09-11,2026-05-10,,Issued (under construction),Issued,2026-05-10,Type V-B Construction,Type V (wood-frame),4456.0,572112.0,30.75,yes,16841 W LIVORNO DR,34.0441,-118.5459
25010-10000-04205,Brentwood,90049,Brentwood - Pacific Palisades,yes,Dwelling - Single Family,2025-09-11,2026-03-17,,Issued (under construction),Issued,2026-03-17,Type V-B Construction,Type V (wood-frame),7800.0,1130000.0,31.2,no,527 N HOMEWOOD ROAD,34.0679,-118.4878
25010-20000-04187,Pacific Palisades,90272,Brentwood - Pacific Palisades,no,Dwelling - Single Family,2025-09-11,2025-11-17,,Issued (under construction),Issued,2025-11-17,Type V-B Construction,Type V (wood-frame),3156.0,400000.0,24.17,yes,508 N VIA DE LA PAZ,34.0385,-118.5291
25010-20000-04189,Pacific Palisades,90272,Brentwood - Pacific Palisades,no,Garage - Private,2025-09-11,2025-11-17,,Issued (under construction),Issued,2025-11-17,Type V-B Construction,Type V (wood-frame),0.0,20000.0,14.5,yes,508 N VIA DE LA PAZ,34.0385,-118.5291
25010-20000-04196,Pacific Palisades,90272,Brentwood - Pacific Palisades,yes,Dwelling - Single Family,2025-09-11,2025-10-10,,Issued (under construction),Issued,2025-10-10,Type V-B Construction,Type V (wood-frame),3871.0,414000.0,25.16,yes,200 N ADERNO WAY,34.0424,-118.5446
25010-20000-04197,Pacific Palisades,90272,Brentwood - Pacific Palisades,yes,Recreation Room,2025-09-11,2025-10-10,,Issued (under construction),Issued,2025-10-10,Type V-B Construction,Type V (wood-frame),175.0,20000.0,13.08,no,200 N ADERNO WAY,34.0424,-118.5446
25010-30000-04185,Pacific Palisades,90272,Brentwood - Pacific Palisades,no,Dwelling - Single Family,2025-09-11,2026-02-20,,Issued (under construction),Issued,2026-02-20,Type V-B Construction,Type V (wood-frame),2548.0,840000.0,20.16,yes,841 N CHAUTAUQUA BLVD,34.0448,-118.5176
25010-30000-04186,Pacific Palisades,90272,Brentwood - Pacific Palisades,no,Garage - Private,2025-09-11,2026-02-19,,Issued (under construction),Issued,2026-02-19,Type V-B Construction,Type V (wood-frame),0.0,60000.0,13.16,no,841 N CHAUTAUQUA BLVD,34.0448,-118.5176
25010-30000-04188,Pacific Palisades,90272,Brentwood - Pacific Palisades,no,Miscellaneous Bldg/Structure,2025-09-11,2026-05-13,,Issued (under construction),Issued,2026-05-13,Type V-B Construction,Type V (wood-frame),411.8,50000.0,15.51,no,444 N OCAMPO DR,34.0365,-118.5212
25010-30000-04198,Pacific Palisades,90272,Brentwood - Pacific Palisades,no,Dwelling - Single Family,2025-09-11,2025-12-15,,Issued (under construction),Issued,2025-12-15,Type V-B Construction,Type V (wood-frame),3478.0,725000.0,27.3,yes,575 N ERSKINE DR,34.0428,-118.5337
25010-30000-04199,Pacific Palisades,90272,Brentwood - Pacific Palisades,no,Dwelling - Single Family,2025-09-11,2025-11-24,,Issued (under construction),Issued,2025-11-24,Type V-B Construction,Type V (wood-frame),2810.0,500000.0,27.58,yes,858 N GALLOWAY ST,34.0449,-118.5204
25010-30000-04200,Pacific Palisades,90272,Brentwood - Pacific Palisades,no,Accessory Dwelling Unit,2025-09-11,2025-11-24,,Issued (under construction),Issued,2025-11-24,Type V-B Construction,Type V (wood-frame),399.0,60000.0,14.67,no,860 N GALLOWAY ST,34.0449,-118.5203
25010-30000-04201,Pacific Palisades,90272,Brentwood - Pacific Palisades,yes,Dwelling - Single Family,2025-09-11,2025-11-04,,Issued (under construction),Issued,2025-11-04,Type V-B Construction,Type V (wood-frame),6241.0,1250000.0,25.92,yes,16762 W VIA LA COSTA,34.0771,-118.5481
25010-30001-02840,Pacific Palisades,90272,Brentwood - Pacific Palisades,no,,2025-09-11,,,In plan check,PC Approved,2025-10-03,,Not stated,,0.0,,no,1023 N FISKE ST,34.0478,-118.5224
25014-10000-04095,Pacific Palisades,90272,Brentwood - Pacific Palisades,yes,Dwelling - Single Family,2025-09-11,2025-11-19,,Issued (under construction),Issued,2025-11-19,Type V-B Construction,Type V (wood-frame),3996.0,480624.0,18.0,yes,1296 N MONUMENT ST,34.0535,-118.5234
25016-10000-27118,Pacific Palisades,90272,Brentwood - Pacific Palisades,yes,Dwelling - Single Family,2025-09-11,2026-03-05,,Issued (under construction),Issued,2026-03-05,Type V-B Construction,Type V (wood-frame),3769.16,500000.0,25.5,yes,577 N RADCLIFFE AVE,34.0406,-118.5308
25010-10000-03836,Pacific Palisades,90272,Brentwood - Pacific Palisades,yes,Dwelling - Single Family,2025-09-12,2025-10-17,,Issued (under construction),Issued,2025-10-17,Type V-A Construction,Type V (wood-frame),3367.0,2400000.0,15.08,yes,927 N LACHMAN LANE,34.0523,-118.5447
25010-30000-04222,Pacific Palisades,90272,Brentwood - Pacific Palisades,yes,Dwelling - Single Family,2025-09-12,2026-03-05,,Issued (under construction),Issued,2026-03-05,Type V-A Construction,Type V (wood-frame),8250.0,140000.0,27.75,yes,676 N VIA SANTA YNEZ,34.0477,-118.5484
25010-30000-04223,Pacific Palisades,90272,Brentwood - Pacific Palisades,yes,Accessory Dwelling Unit,2025-09-12,,,In plan check,PC Approved,2026-02-06,Type V-A Construction,Type V (wood-frame),,145000.0,,no,676 N VIA SANTA YNEZ,34.0477,-118.5484
25010-30000-04224,Pacific Palisades,90272,Brentwood - Pacific Palisades,no,Dwelling - Single Family,2025-09-12,,,In plan check,Verifications in Progress,2026-03-26,Type V-B Construction,Type V (wood-frame),,500000.0,,yes,740 N HARTZELL ST,34.0424,-118.5188
25014-10000-03758,Pacific Palisades,90272,Brentwood - Pacific Palisades,no,Dwelling - Single Family,2025-09-12,,,In plan check,PC Info Complete,2026-05-15,Type V-A Construction,Type V (wood-frame),3760.0,370520.0,33.0,yes,411 N BEIRUT AVE,34.0376,-118.5306
25016-10000-27143,Pacific Palisades,90272,Brentwood - Pacific Palisades,no,Dwelling - Single Family,2025-09-14,2026-01-13,,Issued (under construction),Issued,2026-01-13,Type V-B Construction,Type V (wood-frame),5157.0,750000.0,28.0,yes,16105 W NORTHFIELD ST,34.0477,-118.5371
23014-10002-03395,Pacific Palisades,90272,Brentwood - Pacific Palisades,yes,Dwelling - Single Family,2025-09-15,2026-06-17,,Issued (under construction),Issued,2026-06-17,Type V-B Construction,Type V (wood-frame),4438.0,1130000.0,24.42,yes,580 N PASEO MIRAMAR,34.047,-118.5571
25010-10000-03978,Pacific Palisades,90272,Brentwood - Pacific Palisades,yes,Dwelling - Single Family,2025-09-15,2025-12-03,,Issued (under construction),Issued,2025-12-03,Type V-B Construction,Type V (wood-frame),2185.0,700000.0,11.3,no,1370 S MONUMENT ST,34.0537,-118.5255
25010-10000-04249,Brentwood,90049,Brentwood - Pacific Palisades,yes,Accessory Dwelling Unit,2025-09-15,,,In plan check,Quality Review Completed,2025-10-02,Type V-B Construction,Type V (wood-frame),,178650.0,,no,3476 N MANDEVILLE CANYON ROAD,34.1097,-118.5
25010-10000-05064,Encino / Tarzana,91356,Encino - Tarzana,yes,Garage - Private,2025-09-15,,,In plan check,Verifications in Progress,2026-02-18,,Not stated,,,,no,4745 N VANALDEN AVE,34.1563,-118.5531
25010-20000-04243,Encino / Tarzana,91356,Canoga Park-West Hills-Winnetka-Woodland Hill,no,Accessory Dwelling Unit,2025-09-15,2025-10-30,,Issued (under construction),Issued,2025-10-30,Type V-B Construction,Type V (wood-frame),462.0,47000.0,12.67,no,19704 W TOPHAM ST,34.184,-118.5628
25010-20000-04258,Pacific Palisades,90272,Brentwood - Pacific Palisades,no,Dwelling - Single Family,2025-09-15,2026-07-10,,Issued (under construction),Issued,2026-07-10,Type V-B Construction,Type V (wood-frame),7527.1,1200000.0,29.58,no,634 N ALMA REAL DR,34.0391,-118.5238
25010-30000-04248,Pacific Palisades,90272,Brentwood - Pacific Palisades,no,Dwelling - Single Family,2025-09-15,2026-03-20,,Issued (under construction),Issued,2026-03-20,Type V-B Construction,Type V (wood-frame),4287.0,2600000.0,30.5,yes,16057 W AIGLON ST,34.0451,-118.5379
25010-30000-04254,Pacific Palisades,90272,Brentwood - Pacific Palisades,no,Dwelling - Single Family,2025-09-15,2026-03-04,,Issued (under construction),Issued,2026-03-04,Type V-B Construction,Type V (wood-frame),4953.0,650000.0,28.0,yes,730-732 N OCAMPO DR,34.0415,-118.521
25010-30000-04257,Pacific Palisades,90272,Brentwood - Pacific Palisades,no,Dwelling - Single Family,2025-09-15,2026-02-12,,Issued (under construction),Issued,2026-02-12,Type V-B Construction,Type V (wood-frame),2485.0,400000.0,22.0,yes,15315 W FRIENDS ST,34.0367,-118.5278
25016-10000-27327,Pacific Palisades,90272,Brentwood - Pacific Palisades,yes,Dwelling - Single Family,2025-09-15,2026-04-16,,Issued (under construction),Issued,2026-04-16,Type V-B Construction,Type V (wood-frame),3860.71,500000.0,26.5,yes,583 N RADCLIFFE AVE,34.0407,-118.5307
25010-10000-03719,Pacific Palisades,90272,Brentwood - Pacific Palisades,no,Dwelling - Single Family,2025-09-16,2025-12-11,,Issued (under construction),Issued,2025-12-11,Type V-B Construction,Type V (wood-frame),3605.0,2800000.0,27.0,yes,16780 W BOLLINGER DR,34.0452,-118.5451
25010-10000-04167,Pacific Palisades,90272,Brentwood - Pacific Palisades,no,Dwelling - Single Family,2025-09-16,2026-02-19,,Issued (under construction),Issued,2026-02-19,Type V-B Construction,Type V (wood-frame),1831.0,1200000.0,17.5,yes,452 N ALMAR AVE,34.0412,-118.5381
25010-10000-04274,Pacific Palisades,90272,Brentwood - Pacific Palisades,yes,Dwelling - Single Family,2025-09-16,2026-05-01,,Issued (under construction),Issued,2026-05-01,Type V-B Construction,Type V (wood-frame),3266.0,360000.0,28.67,yes,650 N LAS CASAS AVE,34.0473,-118.5419
25010-10000-04351,Pacific Palisades,90272,Brentwood - Pacific Palisades,yes,Accessory Dwelling Unit,2025-09-16,2026-05-01,,Issued (under construction),Issued,2026-05-01,Type V-B Construction,Type V (wood-frame),232.0,60000.0,9.17,no,652 N LAS CASAS AVE,34.0472,-118.5417
25010-10000-04353,Encino / Tarzana,91436,Encino - Tarzana,yes,Accessory Dwelling Unit,2025-09-16,,,In plan check,PC Approved,2026-02-11,Type V-B Construction,Type V (wood-frame),,45154.0,,no,3616 N HAYVENHURST AVE,34.1366,-118.4972
25010-30000-04267,Pacific Palisades,90272,Brentwood - Pacific Palisades,no,Dwelling - Single Family,2025-09-16,2026-03-10,,Issued (under construction),Issued,2026-03-10,Type V-B Construction,Type V (wood-frame),4107.0,360000.0,30.36,yes,15250 W FRIENDS ST,34.0353,-118.527
25014-10000-04081,Pacific Palisades,90272,Brentwood - Pacific Palisades,yes,Dwelling - Single Family,2025-09-16,2025-12-02,,Issued (under construction),Issued,2025-12-02,Type V-B Construction,Type V (wood-frame),8186.0,2000000.0,29.0,yes,16648 W CUMBRE VERDE CT,34.0714,-118.5504
25010-10000-03938,Pacific Palisades,90272,Brentwood - Pacific Palisades,no,Dwelling - Single Family,2025-09-17,2026-01-26,,Issued (under construction),Issued,2026-01-26,Type V-B Construction,Type V (wood-frame),1959.0,500000.0,27.5,yes,1054 N GALLOWAY ST,34.0489,-118.5213
25010-10000-04203,Pacific Palisades,90272,Brentwood - Pacific Palisades,no,Dwelling - Single Family,2025-09-17,2025-12-11,,Issued (under construction),Issued,2025-12-11,Type V-A Construction,Type V (wood-frame),2217.0,600000.0,27.75,yes,1121 N FISKE ST,34.0496,-118.5228
25010-10000-04269,Pacific Palisades,90272,Brentwood - Pacific Palisades,no,Dwelling - Single Family,2025-09-17,2025-12-24,,Issued (under construction),Issued,2025-12-24,Type V-B Construction,Type V (wood-frame),2614.0,1100000.0,16.64,yes,568 N VIA DE LA PAZ,34.0399,-118.5288
25010-10000-04276,Pacific Palisades,90272,Brentwood - Pacific Palisades,no,Dwelling - Single Family,2025-09-17,2025-12-12,,Issued (under construction),Issued,2025-12-12,Type V-B Construction,Type V (wood-frame),3835.0,3000000.0,27.92,yes,14640 W BESTOR BLVD,34.0512,-118.5194
25010-10000-04280,Pacific Palisades,90272,Brentwood - Pacific Palisades,yes,Dwelling - Single Family,2025-09-17,2026-01-29,,Issued (under construction),Issued,2026-01-29,Type V-B Construction,Type V (wood-frame),3067.0,650400.0,25.64,yes,390 N GRENOLA ST,34.0436,-118.5429
25010-10000-04354,Pacific Palisades,90272,Brentwood - Pacific Palisades,no,Garage - Private,2025-09-17,2025-12-24,,Issued (under construction),Issued,2025-12-24,Type V-B Construction,Type V (wood-frame),0.0,50000.0,13.16,no,568 N VIA DE LA PAZ,34.0399,-118.5288
25010-10000-03660,Pacific Palisades,90272,Brentwood - Pacific Palisades,no,Dwelling - Single Family,2025-09-18,2026-01-20,,Issued (under construction),Issued,2026-01-20,Type V-B Construction,Type V (wood-frame),1965.0,380000.0,17.9,yes,16751 W SUNSET BLVD -,34.0449,-118.544
25010-10000-04236,Encino / Tarzana,91436,Encino - Tarzana,yes,Dwelling - Single Family,2025-09-18,2026-06-29,,Issued (under construction),Issued,2026-06-29,Type V-B Construction,Type V (wood-frame),7172.86,2445705.0,31.7,no,16752-16754 W ASHLEY OAKS,34.1538,-118.4997
25010-10000-04268,Pacific Palisades,90272,Brentwood - Pacific Palisades,yes,Dwelling - Single Family,2025-09-18,,,In plan check,Verifications in Progress,2026-06-22,Type V-B Construction,Type V (wood-frame),3602.01,600000.0,26.5,yes,1816 W MICHAEL LANE,34.0782,-118.5597
25010-30000-04326,Pacific Palisades,90272,Brentwood - Pacific Palisades,yes,Dwelling - Single Family,2025-09-18,2025-12-03,,Issued (under construction),Issued,2025-12-03,Type V-B Construction,Type V (wood-frame),2016.0,600000.0,17.1,yes,520 N LAS CASAS AVE,34.0444,-118.5432
25010-30000-04327,Pacific Palisades,90272,Brentwood - Pacific Palisades,no,Dwelling - Single Family,2025-09-18,2025-10-31,,Issued (under construction),Issued,2025-10-31,Type V-B Construction,Type V (wood-frame),2176.0,300000.0,27.83,yes,746 N RADCLIFFE AVE,34.0443,-118.5302
25014-10000-03841,Pacific Palisades,90272,Brentwood - Pacific Palisades,no,Dwelling - Single Family,2025-09-18,2025-11-13,,Issued (under construction),Issued,2025-11-13,Type V-B Construction,Type V (wood-frame),4989.0,1200000.0,27.5,yes,839 N TOYOPA DR,34.0433,-118.5225
25014-10000-04210,Pacific Palisades,90272,Brentwood - Pacific Palisades,no,Accessory Dwelling Unit,2025-09-18,2025-12-17,,Issued (under construction),Issued,2025-12-17,Type V-B Construction,Type V (wood-frame),536.6,200000.0,18.0,no,865 N FISKE ST,34.0448,-118.5219
25010-10000-04286,Pacific Palisades,90272,Brentwood - Pacific Palisades,no,Dwelling - Single Family,2025-09-19,2025-11-19,,Issued (under construction),Issued,2025-11-19,Type V-B Construction,Type V (wood-frame),2105.0,450000.0,20.9,yes,567 N LAS CASAS AVE,34.046,-118.5433
25010-10000-04304,Pacific Palisades,90272,Brentwood - Pacific Palisades,yes,Dwelling - Single Family,2025-09-19,,,In plan check,PC Info Complete,2025-10-28,Type V-B Construction,Type V (wood-frame),4520.0,1200000.0,30.16,yes,791 N RADCLIFFE AVE,34.0453,-118.5302
25010-10000-04308,Pacific Palisades,90272,Brentwood - Pacific Palisades,no,Dwelling - Single Family,2025-09-19,2026-01-02,,Issued (under construction),Issued,2026-01-02,Type V-B Construction,Type V (wood-frame),5705.0,1800000.0,24.72,no,15254 W EARLHAM ST,34.0376,-118.5268
25010-30000-04347,Pacific Palisades,90272,Brentwood - Pacific Palisades,yes,Dwelling - Single Family,2025-09-19,2025-12-22,,Issued (under construction),Issued,2025-12-22,Type V-B Construction,Type V (wood-frame),3333.78,483150.0,30.58,yes,890 N OREO PL,34.0502,-118.5377
25014-30000-04243,Pacific Palisades,90272,Brentwood - Pacific Palisades,yes,Dwelling - Single Family,2025-09-19,2026-06-25,,Issued (under construction),Issued,2026-06-25,Type V-B Construction,Type V (wood-frame),5497.0,1750000.0,25.25,yes,15313 W DE PAUW ST,34.0396,-118.5261
25010-10000-04111,Pacific Palisades,90272,Brentwood - Pacific Palisades,no,Dwelling - Single Family,2025-09-20,2026-02-13,,Issued (under construction),Issued,2026-02-13,Type V-B Construction,Type V (wood-frame),4488.0,1250000.0,28.33,no,530 N EL MEDIO AVE,34.0427,-118.5345
25010-10000-04247,Pacific Palisades,90272,Brentwood - Pacific Palisades,no,Dwelling - Single Family,2025-09-22,2026-06-07,,Issued (under construction),Issued,2026-06-07,Type V-B Construction,Type V (wood-frame),2348.0,675000.0,17.82,yes,16930 W LIVORNO DR,34.0431,-118.5477
25010-10000-04283,Pacific Palisades,90272,Brentwood - Pacific Palisades,yes,,2025-09-22,,,In plan check,Verifications in Progress,2025-12-18,Type V-A Construction,Type V (wood-frame),,1200000.0,,no,1340 N LUNA VISTA DR,34.0611,-118.5508
25010-10000-04290,Pacific Palisades,90272,Brentwood - Pacific Palisades,no,Dwelling - Single Family,2025-09-22,2025-12-29,,Issued (under construction),Issued,2025-12-29,Type V-B Construction,Type V (wood-frame),4390.25,1500000.0,31.0,yes,572 N TAHQUITZ PL,34.044,-118.5376
25010-10000-04331,Pacific Palisades,90272,Brentwood - Pacific Palisades,yes,Dwelling - Single Family,2025-09-22,2026-07-27,,Issued (under construction),Issued,2026-07-27,Type V-B Construction,Type V (wood-frame),3226.0,325826.0,17.92,yes,662 N ENCHANTED WAY,34.0492,-118.5485
25010-20000-04360,Pacific Palisades,90272,Brentwood - Pacific Palisades,no,Dwelling - Single Family,2025-09-22,2025-10-14,,Issued (under construction),Issued,2025-10-14,Type V-B Construction,Type V (wood-frame),2562.0,270000.0,25.33,yes,332 N BEIRUT AVE,34.0366,-118.5307
25010-30000-04361,Pacific Palisades,90272,Brentwood - Pacific Palisades,no,Dwelling - Single Family,2025-09-22,2025-11-21,,Issued (under construction),Issued,2025-11-21,Type V-B Construction,Type V (wood-frame),3072.0,500000.0,28.0,yes,666 N VIA DE LA PAZ,34.0421,-118.5282
25014-10000-04253,Pacific Palisades,90272,Brentwood - Pacific Palisades,no,Dwelling - Single Family,2025-09-22,2025-10-30,,Issued (under construction),Issued,2025-10-30,Type V-B Construction,Type V (wood-frame),4461.0,962000.0,27.5,yes,926 N ILIFF ST,34.0467,-118.5188
25010-10000-04330,Bel Air / Beverly Crest,90210,Bel Air - Beverly Crest,yes,Dwelling - Single Family,2025-09-23,,,In plan check,Verifications in Progress,2026-02-03,,Not stated,,980000.0,,no,1838 N FRANKLIN CANYON DR,34.1044,-118.4173
25010-20000-04372,Pacific Palisades,90272,Brentwood - Pacific Palisades,yes,Dwelling - Single Family,2025-09-23,2026-02-06,,Issued (under construction),Issued,2026-02-06,Type V-B Construction,Type V (wood-frame),4631.0,748000.0,25.75,yes,811 N LAS CASAS AVE,34.0489,-118.5418
25010-20000-04376,Pacific Palisades,90272,Brentwood - Pacific Palisades,no,Dwelling - Single Family,2025-09-23,2026-01-13,,Issued (under construction),Issued,2026-01-13,Type V-A Construction,Type V (wood-frame),5706.4,700000.0,36.7,yes,16815-16817 W SUNSET BLVD,34.0438,-118.5444
25010-20000-04382,Pacific Palisades,90272,Brentwood - Pacific Palisades,yes,Dwelling - Single Family,2025-09-23,2025-11-25,,Issued (under construction),Issued,2025-11-25,Type V-B Construction,Type V (wood-frame),3868.0,600000.0,35.08,yes,571 N PASEO MIRAMAR,34.0468,-118.5571
25010-30000-04378,Pacific Palisades,90272,Brentwood - Pacific Palisades,yes,Dwelling - Single Family,2025-09-23,2025-11-21,,Issued (under construction),Issued,2025-11-21,Type V-B Construction,Type V (wood-frame),4209.0,1750000.0,19.4,yes,1005 N GLENHAVEN DR,34.053,-118.546
25010-30000-04386,Pacific Palisades,90272,Brentwood - Pacific Palisades,yes,Dwelling - Single Family,2025-09-23,2026-01-29,,Issued (under construction),Issued,2026-01-29,Type V-B Construction,Type V (wood-frame),1.0,3500000.0,40.25,yes,1331 N BEREA PL,34.0534,-118.5214
25010-30000-04387,Pacific Palisades,90272,Brentwood - Pacific Palisades,no,Dwelling - Single Family,2025-09-23,2025-10-30,,Issued (under construction),Issued,2025-10-30,Type V-B Construction,Type V (wood-frame),4063.0,550000.0,27.83,yes,421 N EL MEDIO AVE,34.0408,-118.5356
25014-20000-04286,Pacific Palisades,90272,Brentwood - Pacific Palisades,yes,Patio Cover,2025-09-23,,,In plan check,PC Approved,2025-11-25,Type V-B Construction,Type V (wood-frame),,10000.0,,no,571 N PASEO MIRAMAR,34.0468,-118.5571
25014-30000-04278,Pacific Palisades,90272,Brentwood - Pacific Palisades,no,Dwelling - Single Family,2025-09-23,2025-12-05,,Issued (under construction),Issued,2025-12-05,Type V-B Construction,Type V (wood-frame),5651.0,875000.0,29.17,yes,1101 N KAGAWA ST,34.0498,-118.5187
25010-20000-04410,Pacific Palisades,90272,Brentwood - Pacific Palisades,no,Dwelling - Single Family,2025-09-24,2026-02-02,,Issued (under construction),Issued,2026-02-02,Type V-B Construction,Type V (wood-frame),3769.5,550000.0,28.0,yes,1013-1015 N FISKE ST,34.0476,-118.5225
25010-20000-04412,Encino / Tarzana,91356,Encino - Tarzana,no,Accessory Dwelling Unit,2025-09-24,,,In plan check,Corrections Issued,2025-09-27,Type V-B Construction,Type V (wood-frame),943.0,100000.0,19.5,no,5533 N TAMPA AVE,34.1718,-118.5536
25010-10000-04259,Pacific Palisades,90272,Brentwood - Pacific Palisades,no,Dwelling - Single Family,2025-09-25,2026-03-18,,Issued (under construction),Issued,2026-03-18,Type V-B Construction,Type V (wood-frame),1764.22,400000.0,18.0,yes,923 N HARTZELL ST,34.0463,-118.52
25010-10000-04350,Pacific Palisades,90272,Brentwood - Pacific Palisades,yes,Dwelling - Single Family,2025-09-25,2025-12-29,,Issued (under construction),Issued,2025-12-29,Type V-B Construction,Type V (wood-frame),2207.0,800000.0,16.5,yes,384 N ARNO WAY,34.0426,-118.5451
25010-10000-04401,Pacific Palisades,90272,Brentwood - Pacific Palisades,yes,Dwelling - Single Family,2025-09-25,2025-10-29,,Issued (under construction),Issued,2025-10-29,Type V-B Construction,Type V (wood-frame),4331.0,950000.0,26.5,yes,511 N MOUNT HOLYOKE AVE,34.039,-118.531
25010-10000-04440,Bel Air / Beverly Crest,90077,Bel Air - Beverly Crest,yes,Dwelling - Single Family,2025-09-25,,,In plan check,Quality Review Completed,2025-10-15,Type V-B Construction,Type V (wood-frame),16350.29,1800000.0,36.0,no,948 N BEL-AIR ROAD,34.0908,-118.4407
25010-20000-04425,Encino / Tarzana,91356,Encino - Tarzana,no,Dwelling - Single Family,2025-09-25,2026-01-15,,Issued (under construction),Issued,2026-01-15,Type V-B Construction,Type V (wood-frame),6210.0,600000.0,24.58,no,5205 N BECKFORD AVE,34.1662,-118.5523
25010-20000-04427,Encino / Tarzana,91356,Encino - Tarzana,no,Accessory Dwelling Unit,2025-09-25,2026-01-15,,Issued (under construction),Issued,2026-01-15,Type V-B Construction,Type V (wood-frame),798.3,86000.0,16.0,no,5207 N BECKFORD AVE,34.1663,-118.5523
25010-20000-04428,Encino / Tarzana,91356,Encino - Tarzana,no,Patio Cover,2025-09-25,2026-01-15,,Issued (under construction),Issued,2026-01-15,Type V-B Construction,Type V (wood-frame),373.78,22000.0,17.5,no,5205 N BECKFORD AVE,34.1662,-118.5523
25010-20000-04434,Brentwood,90049,Brentwood - Pacific Palisades,yes,Dwelling - Single Family,2025-09-25,2026-01-07,,Issued (under construction),Issued,2026-01-07,Type V-B Construction,Type V (wood-frame),6810.0,777000.0,26.75,no,432-434 N BONHILL ROAD,34.0667,-118.482
25010-30000-04439,Brentwood,90049,Bel Air - Beverly Crest,yes,Accessory Dwelling Unit,2025-09-25,,,In plan check,Verifications in Progress,2026-08-13,Type V-B Construction,Type V (wood-frame),,2100000.0,,no,858-860 N LINDA FLORA DR,34.0821,-118.4642
25014-10000-04199,Pacific Palisades,90272,Brentwood - Pacific Palisades,no,Dwelling - Single Family,2025-09-25,2025-12-04,,Issued (under construction),Issued,2025-12-04,Type V-A Construction,Type V (wood-frame),4988.0,900000.0,28.5,yes,15859 W ASILOMAR BLVD,34.0401,-118.5351
25010-10000-04394,Pacific Palisades,90272,Brentwood - Pacific Palisades,yes,Accessory Dwelling Unit,2025-09-26,2026-03-05,,Issued (under construction),Issued,2026-03-05,Type V-A Construction,Type V (wood-frame),1597.0,121200.0,22.0,no,1401 W RUSTIC LANE,34.0503,-118.5104
25010-30000-04463,Brentwood,90049,Brentwood - Pacific Palisades,no,Accessory Dwelling Unit,2025-09-26,,,In plan check,Quality Review Completed,2025-11-23,Type V-B Construction,Type V (wood-frame),,595500.0,,no,239 N CLIFFWOOD AVE,34.0606,-118.4868
25010-30000-04465,Pacific Palisades,90272,Brentwood - Pacific Palisades,yes,Dwelling - Single Family,2025-09-26,,,In plan check,PC Info Complete,2026-02-05,Type V-B Construction,Type V (wood-frame),5223.0,1000000.0,39.16,yes,865 N OREO PL,34.0499,-118.5384
25010-10000-04402,Pacific Palisades,90272,Brentwood - Pacific Palisades,no,Accessory Dwelling Unit,2025-09-29,2026-02-04,,Issued (under construction),Issued,2026-02-04,Type V-B Construction,Type V (wood-frame),1866.0,272450.0,27.0,no,415 N LOMBARD AVE,34.0369,-118.5271
25010-10000-04421,Pacific Palisades,90272,Brentwood - Pacific Palisades,yes,Dwelling - Single Family,2025-09-29,2026-07-31,,Issued (under construction),Issued,2026-07-31,Type V-A Construction,Type V (wood-frame),1354.24,1000000.0,25.49,yes,14221 1/2 W EVANS ROAD,34.0534,-118.5079
25010-20000-04479,Pacific Palisades,90272,Brentwood - Pacific Palisades,no,Dwelling - Single Family,2025-09-29,2025-10-21,,Issued (under construction),Issued,2025-10-21,Type V-B Construction,Type V (wood-frame),4018.0,430000.0,25.66,no,1165 N MONUMENT ST,34.0507,-118.5252
25010-30000-04486,Pacific Palisades,90272,Brentwood - Pacific Palisades,yes,Dwelling - Single Family,2025-09-29,2026-03-09,,Issued (under construction),Issued,2026-03-09,Type V-B Construction,Type V (wood-frame),4300.0,675000.0,29.67,yes,16511 W CHATTANOOGA PL,34.0495,-118.5417
25010-30000-04487,Pacific Palisades,90272,Brentwood - Pacific Palisades,yes,Dwelling - Single Family,2025-09-29,2026-01-30,,Issued (under construction),Issued,2026-01-30,Type V-B Construction,Type V (wood-frame),6807.0,1100000.0,35.75,yes,933 N BIENVENEDA AVE,34.0514,-118.5397
25010-30000-04488,Pacific Palisades,90272,Brentwood - Pacific Palisades,no,Dwelling - Single Family,2025-09-29,2026-04-07,,Issued (under construction),Issued,2026-04-07,Type V-B Construction,Type V (wood-frame),4746.0,750000.0,28.0,yes,801 N ALMA REAL DR,34.0425,-118.5232
25010-30000-04489,Pacific Palisades,90272,Brentwood - Pacific Palisades,no,Dwelling - Single Family,2025-09-29,2026-01-29,,Issued (under construction),Issued,2026-01-29,Type V-B Construction,Type V (wood-frame),2968.0,715000.0,24.0,yes,1158-1160 N FISKE ST,34.0508,-118.5228
25010-30000-04493,Pacific Palisades,90272,Brentwood - Pacific Palisades,no,Dwelling - Single Family,2025-09-29,2026-01-21,,Issued (under construction),Issued,2026-01-21,Type V-B Construction,Type V (wood-frame),2217.0,738400.0,17.5,yes,507 N VIA DE LA PAZ,34.0386,-118.5294
25010-30000-04495,Pacific Palisades,90272,Brentwood - Pacific Palisades,no,Dwelling - Single Family,2025-09-29,2025-12-16,,Issued (under construction),Issued,2025-12-16,Type V-B Construction,Type V (wood-frame),3402.0,450000.0,30.0,yes,707 N WILDOMAR ST,34.0472,-118.536
25010-30000-04496,Pacific Palisades,90272,Brentwood - Pacific Palisades,yes,,2025-09-29,,,In plan check,Quality Review Completed,2025-11-23,Type V-B Construction,Type V (wood-frame),8447.0,1690000.0,24.0,no,400 N VANCE ST,34.0318,-118.5187
25010-10000-04349,Pacific Palisades,90272,Brentwood - Pacific Palisades,no,Dwelling - Single Family,2025-09-30,2026-03-05,,Issued (under construction),Issued,2026-03-05,Type V-B Construction,Type V (wood-frame),2186.0,2989186.0,36.92,yes,16055 W MIAMI WAY,34.0458,-118.5374
25010-10000-04393,Pacific Palisades,90272,Brentwood - Pacific Palisades,yes,Dwelling - Single Family,2025-09-30,2026-02-09,,Issued (under construction),Issued,2026-02-09,Type V-A Construction,Type V (wood-frame),2980.0,500000.0,15.5,yes,430 N PUERTO DEL MAR,34.0408,-118.5395
25010-10000-04397,Pacific Palisades,90272,Brentwood - Pacific Palisades,no,Dwelling - Single Family,2025-09-30,2026-01-05,,Issued (under construction),Issued,2026-01-05,Type V-B Construction,Type V (wood-frame),3487.0,800000.0,27.0,yes,16933 W SUNSET BLVD,34.0426,-118.5474
25010-10000-04625,Pacific Palisades,90272,Brentwood - Pacific Palisades,no,Accessory Dwelling Unit,2025-09-30,2026-01-05,,Issued (under construction),Issued,2026-01-05,Type V-B Construction,Type V (wood-frame),528.0,85000.0,14.82,no,16935 W SUNSET BLVD,34.0426,-118.5475
25010-30000-04520,Pacific Palisades,90272,Brentwood - Pacific Palisades,yes,Dwelling - Single Family,2025-09-30,2026-01-27,,Issued (under construction),Issued,2026-01-27,Type V-B Construction,Type V (wood-frame),1780.0,600000.0,26.42,yes,686-686 1/2 N SWARTHMORE AVE,34.0425,-118.527
25010-30000-04526,Pacific Palisades,90272,Brentwood - Pacific Palisades,yes,Dwelling - Single Family,2025-09-30,2026-01-16,,Issued (under construction),Issued,2026-01-16,Type V-B Construction,Type V (wood-frame),2376.0,400000.0,20.42,yes,622-624 N SWARTHMORE AVE,34.0411,-118.5273
25010-30000-04528,Pacific Palisades,90272,Brentwood - Pacific Palisades,no,Dwelling - Single Family,2025-09-30,2025-11-07,,Issued (under construction),Issued,2025-11-07,Type V-B Construction,Type V (wood-frame),2556.0,300000.0,27.42,yes,14909 W SUNSET BLVD,34.0433,-118.5206
25010-30000-04531,Pacific Palisades,90272,Brentwood - Pacific Palisades,no,Dwelling - Single Family,2025-09-30,2025-11-06,,Issued (under construction),Issued,2025-11-06,Type V-B Construction,Type V (wood-frame),4177.0,500000.0,27.67,yes,16820 W BOLLINGER DR,34.0446,-118.546
25010-30000-04829,Pacific Palisades,90272,Brentwood - Pacific Palisades,no,Garage - Private,2025-09-30,2026-03-02,,Issued (under construction),Issued,2026-03-02,Type V-B Construction,Type V (wood-frame),378.0,50000.0,11.83,yes,16055 W MIAMI WAY,34.0458,-118.5374
25010-10000-04414,Pacific Palisades,90272,Brentwood - Pacific Palisades,yes,,2025-10-01,,,In plan check,Verifications in Progress,2026-07-09,,Not stated,,800000.0,,no,16525 W LAS CASAS PL,34.0502,-118.5418
25010-10000-04437,Pacific Palisades,90272,Brentwood - Pacific Palisades,no,Dwelling - Single Family,2025-10-01,2026-07-21,,Issued (under construction),Issued,2026-07-21,Type V-B Construction,Type V (wood-frame),4198.0,800000.0,24.17,yes,370 N ADERNO WAY,34.0424,-118.5441
25010-10000-04567,Pacific Palisades,90272,Brentwood - Pacific Palisades,yes,Patio Cover,2025-10-01,,,In plan check,Corrections Issued,2025-10-03,Type V-B Construction,Type V (wood-frame),0.0,30000.0,,no,1301 N LACHMAN LANE,34.0588,-118.5473
25010-10000-04735,Pacific Palisades,90272,Brentwood - Pacific Palisades,yes,,2025-10-01,,,In plan check,Verifications in Progress,2026-07-09,,Not stated,,85000.0,,no,16525 W LAS CASAS PL,34.0502,-118.5418
25010-20000-04565,Pacific Palisades,90272,Brentwood - Pacific Palisades,no,Dwelling - Single Family,2025-10-01,2026-01-13,,Issued (under construction),Issued,2026-01-13,Type V-B Construction,Type V (wood-frame),8126.0,689000.0,35.5,yes,16828 W BOLLINGER DR,34.0446,-118.5461
25010-30000-04547,Pacific Palisades,90272,Brentwood - Pacific Palisades,no,Dwelling - Single Family,2025-10-01,2025-11-25,,Issued (under construction),Issued,2025-11-25,Type V-B Construction,Type V (wood-frame),4894.0,830000.0,25.17,yes,640 N EL CERCO PL,34.0397,-118.523
25010-30000-04568,Pacific Palisades,90272,Brentwood - Pacific Palisades,no,Dwelling - Single Family,2025-10-01,2025-10-31,,Issued (under construction),Issued,2025-10-31,Type V-B Construction,Type V (wood-frame),3379.0,500000.0,26.75,yes,1043 N GALLOWAY ST,34.0485,-118.5215
25010-10000-04435,Pacific Palisades,90272,Brentwood - Pacific Palisades,yes,Dwelling - Single Family,2025-10-02,2025-12-01,,Issued (under construction),Issued,2025-12-01,Type V-A Construction,Type V (wood-frame),4514.0,500000.0,15.75,no,16638 W CHARMEL LANE,34.0585,-118.5462
25010-10000-04548,Pacific Palisades,90272,Brentwood - Pacific Palisades,yes,Dwelling - Single Family,2025-10-02,2026-01-12,,Issued (under construction),Issued,2026-01-12,Type V-B Construction,Type V (wood-frame),2417.0,250000.0,16.42,yes,841 N JACON WAY,34.052,-118.5471
25010-10000-04584,Pacific Palisades,90272,Brentwood - Pacific Palisades,no,Dwelling - Single Family,2025-10-02,2026-01-14,,Issued (under construction),Issued,2026-01-14,Type V-B Construction,Type V (wood-frame),3616.0,490000.0,28.0,yes,1001 N FISKE ST,34.0474,-118.5223
25010-10000-04843,Pacific Palisades,90272,Brentwood - Pacific Palisades,no,Garage - Private,2025-10-02,2026-01-14,,Issued (under construction),Issued,2026-01-14,Type V-B Construction,Type V (wood-frame),0.0,27000.0,14.16,no,1001 N FISKE ST,34.0474,-118.5223
25010-20000-04590,Encino / Tarzana,91356,Encino - Tarzana,yes,Patio Cover,2025-10-02,2026-01-29,,Issued (under construction),Issued,2026-01-29,Type V-B Construction,Type V (wood-frame),759.0,118000.0,10.8,no,5021 N TOPEKA DR,34.1615,-118.5462
25010-30000-04591,Pacific Palisades,90272,Brentwood - Pacific Palisades,no,Dwelling - Single Family,2025-10-02,2025-12-15,,Issued (under construction),Issued,2025-12-15,Type V-B Construction,Type V (wood-frame),2831.0,400000.0,27.17,yes,1055 N GALLOWAY ST,34.0488,-118.5216
25010-30000-04594,Pacific Palisades,90272,Brentwood - Pacific Palisades,no,Dwelling - Single Family,2025-10-02,2025-11-24,,Issued (under construction),Issued,2025-11-24,Type V-B Construction,Type V (wood-frame),3325.0,500000.0,26.42,yes,950 N FISKE ST,34.0468,-118.5219
25010-10000-04516,Pacific Palisades,90272,Brentwood - Pacific Palisades,yes,Dwelling - Single Family,2025-10-03,2025-12-03,,Issued (under construction),Issued,2025-12-03,Type V-B Construction,Type V (wood-frame),3568.0,1200000.0,31.0,yes,1360 N MONUMENT ST,34.0538,-118.5251
25010-10000-04576,Pacific Palisades,90272,Brentwood - Pacific Palisades,yes,Dwelling - Single Family,2025-10-03,2026-02-26,,Issued (under construction),Issued,2026-02-26,Type V-B Construction,Type V (wood-frame),6003.2,850000.0,35.48,yes,14940 W MCKENDREE AVE,34.0526,-118.5228
25010-20000-04616,Pacific Palisades,90272,Brentwood - Pacific Palisades,yes,Dwelling - Single Family,2025-10-03,2026-02-10,,Issued (under construction),Issued,2026-02-10,Type V-B Construction,Type V (wood-frame),2941.35,550000.0,25.0,no,626 N LAS LOMAS AVE,34.0466,-118.5391
25010-20000-04618,Pacific Palisades,90272,Brentwood - Pacific Palisades,no,Dwelling - Single Family,2025-10-03,2025-11-12,,Issued (under construction),Issued,2025-11-12,Type V-B Construction,Type V (wood-frame),4546.0,475000.0,27.83,yes,928 N ILIFF ST,34.0468,-118.5188
25010-30000-04614,Pacific Palisades,90272,Brentwood - Pacific Palisades,no,Dwelling - Single Family,2025-10-03,2026-01-06,,Issued (under construction),Issued,2026-01-06,Type V-B Construction,Type V (wood-frame),2827.0,750000.0,28.58,yes,15222 W DE PAUW ST,34.037,-118.5251
25010-10000-04413,Pacific Palisades,90272,Brentwood - Pacific Palisades,no,Dwelling - Single Family,2025-10-06,2026-07-29,,Issued (under construction),Issued,2026-07-29,Type V-B Construction,Type V (wood-frame),1490.0,200000.0,15.0,yes,761 N ILIFF ST,34.0431,-118.5182
25010-20000-04645,Brentwood,90049,Bel Air - Beverly Crest,yes,Dwelling - Single Family,2025-10-06,2025-12-16,,Issued (under construction),Issued,2025-12-16,Type V-B Construction,Type V (wood-frame),7318.0,1000000.0,29.83,no,956 N LINDA FLORA DR,34.0858,-118.465
25010-20000-04661,Encino / Tarzana,91356,Encino - Tarzana,no,Dwelling - Single Family,2025-10-06,2026-04-29,,Issued (under construction),Issued,2026-04-29,Type V-B Construction,Type V (wood-frame),4579.9,550000.0,30.42,no,5329 N TAMPA AVE,34.1681,-118.5536
25010-20000-04838,Encino / Tarzana,91356,Encino - Tarzana,no,Accessory Dwelling Unit,2025-10-06,2026-04-24,,Issued (under construction),Issued,2026-04-24,Type V-B Construction,Type V (wood-frame),790.9,90000.0,15.75,no,5329 1/2 N TAMPA AVE,34.1682,-118.5537
25010-20000-04841,Encino / Tarzana,91356,Encino - Tarzana,no,Patio Cover,2025-10-06,2026-04-24,,Issued (under construction),Issued,2026-04-24,Type V-B Construction,Type V (wood-frame),200.0,5000.0,12.58,no,5329 N TAMPA AVE,34.1681,-118.5536
25010-30000-04662,Pacific Palisades,90272,Brentwood - Pacific Palisades,no,Dwelling - Single Family,2025-10-06,2026-01-27,,Issued (under construction),Issued,2026-01-27,Type V-B Construction,Type V (wood-frame),6146.0,1000000.0,29.35,yes,820 N TOYOPA DR,34.043,-118.5217
25010-30000-04664,Pacific Palisades,90272,Brentwood - Pacific Palisades,no,Accessory Dwelling Unit,2025-10-06,2026-01-27,,Issued (under construction),Issued,2026-01-27,Type V-B Construction,Type V (wood-frame),280.0,100000.0,12.27,no,820 N TOYOPA DR,34.043,-118.5217
25010-30000-04667,Pacific Palisades,90272,Brentwood - Pacific Palisades,yes,Dwelling - Single Family,2025-10-06,2025-12-18,,Issued (under construction),Issued,2025-12-18,Type V-B Construction,Type V (wood-frame),2387.0,400000.0,27.0,yes,663 N RADCLIFFE AVE,34.0428,-118.5308
25010-10000-04553,Pacific Palisades,90272,Brentwood - Pacific Palisades,yes,Dwelling - Single Family,2025-10-07,2026-08-07,,Issued (under construction),Issued,2026-08-07,Type V-B Construction,Type V (wood-frame),3275.0,711150.0,28.0,yes,664 N HAVERFORD AVE,34.0426,-118.5294
25010-10000-04642,Pacific Palisades,90272,Brentwood - Pacific Palisades,no,Dwelling - Single Family,2025-10-07,2026-04-29,,Issued (under construction),Issued,2026-04-29,Type V-B Construction,Type V (wood-frame),2001.0,1730000.0,14.33,yes,14601 W DRUMMOND ST,34.0437,-118.5177
25010-30000-04678,Pacific Palisades,90272,Brentwood - Pacific Palisades,no,,2025-10-07,,,In plan check,PC Approved,2025-12-31,,Not stated,,750000.0,,yes,562 N MOUNT HOLYOKE AVE,34.0398,-118.5297
25010-30000-04761,Pacific Palisades,90272,Brentwood - Pacific Palisades,no,Accessory Dwelling Unit,2025-10-07,2026-04-29,,Issued (under construction),Issued,2026-04-29,Type V-B Construction,Type V (wood-frame),1029.0,500000.0,19.67,no,14605 W DRUMMOND ST,34.0438,-118.5175
25016-10000-28673,Pacific Palisades,90272,Brentwood - Pacific Palisades,no,Dwelling - Single Family,2025-10-07,,,In plan check,PC Info Complete,2025-12-26,Type V-B Construction,Type V (wood-frame),5253.0,2400000.0,26.5,yes,710 N HARTZELL ST,34.0419,-118.5187
25010-10000-04659,Pacific Palisades,90272,Brentwood - Pacific Palisades,no,Dwelling - Single Family,2025-10-08,2026-03-24,,Issued (under construction),Issued,2026-03-24,Type V-B Construction,Type V (wood-frame),1392.0,790000.0,17.5,yes,721 N CHAUTAUQUA BLVD,34.042,-118.5176
25010-20000-04709,Brentwood,90049,Brentwood - Pacific Palisades,yes,Dwelling - Single Family,2025-10-08,2026-08-14,,Issued (under construction),Issued,2026-08-14,Type V-B Construction,Type V (wood-frame),13513.0,3000000.0,33.5,no,501 N ROCKINGHAM AVE,34.0641,-118.4905
25010-20000-04710,Brentwood,90049,Brentwood - Pacific Palisades,yes,Dwelling - Single Family,2025-10-08,2026-08-14,,Issued (under construction),Issued,2026-08-14,Type V-A Construction,Type V (wood-frame),812.0,1000000.0,23.5,no,499 N ROCKINGHAM AVE,34.0641,-118.4911
25010-20000-04711,Brentwood,90049,Brentwood - Pacific Palisades,yes,,2025-10-08,,,In plan check,PC Approved,2026-08-07,,Not stated,,5000.0,,no,501 N ROCKINGHAM AVE,34.0641,-118.4905
25010-20000-04712,Brentwood,90049,Brentwood - Pacific Palisades,yes,,2025-10-08,,,In plan check,PC Approved,2026-08-07,,Not stated,,75000.0,,no,501 N ROCKINGHAM AVE,34.0641,-118.4905
25010-20000-04765,Encino / Tarzana,91356,Encino - Tarzana,no,Accessory Dwelling Unit,2025-10-08,2026-03-02,,Issued (under construction),Issued,2026-03-02,Type V-B Construction,Type V (wood-frame),1600.0,176000.0,18.0,no,6014-6014 1/2 N DONNA AVE,34.1797,-118.5474
18014-10003-05098,Pacific Palisades,90272,Brentwood - Pacific Palisades,yes,Dwelling - Single Family,2025-10-09,2025-10-15,,Issued (under construction),Issued,2025-10-15,,Not stated,,501.0,,yes,17757 W TRAMONTO DR,34.0429,-118.5618
25010-10000-04415,Pacific Palisades,90272,Brentwood - Pacific Palisades,no,Dwelling - Single Family,2025-10-09,2026-02-10,,Issued (under construction),Issued,2026-02-10,Type V-B Construction,Type V (wood-frame),2834.0,1305146.0,25.16,yes,542 N MUSKINGUM PL,34.043,-118.5377
25010-10000-04653,Pacific Palisades,90272,Brentwood - Pacific Palisades,yes,,2025-10-09,,,In plan check,Verifications in Progress,2026-02-02,,Not stated,,702000.0,,yes,16800 W CHARMEL LANE,34.0605,-118.552
25010-10000-04668,Pacific Palisades,90272,Brentwood - Pacific Palisades,yes,Dwelling - Single Family,2025-10-09,2026-04-30,,Issued (under construction),Issued,2026-04-30,Type V-B Construction,Type V (wood-frame),2348.0,850000.0,26.4,yes,15511 W EARLHAM ST,34.0385,-118.5308
25010-10000-04669,Pacific Palisades,90272,Brentwood - Pacific Palisades,yes,Dwelling - Single Family,2025-10-09,,,In plan check,PC Info Complete,2026-06-08,Type V-A Construction,Type V (wood-frame),3589.0,750000.0,20.0,yes,826 N JACON WAY,34.0517,-118.5468
25010-10000-04702,Pacific Palisades,90272,Brentwood - Pacific Palisades,yes,Dwelling - Single Family,2025-10-09,2026-03-12,,Issued (under construction),Issued,2026-03-12,Type V-B Construction,Type V (wood-frame),2935.0,293708.0,27.3,yes,1067 N LAS PULGAS ROAD,34.0523,-118.5392
25010-20000-04738,Brentwood,90049,Brentwood - Pacific Palisades,no,Dwelling - Single Family,2025-10-09,2026-09-09,,Issued (under construction),Issued,2026-09-09,Type V-B Construction,Type V (wood-frame),11503.0,1212000.0,31.17,no,250 S CANYON VIEW DR,34.0531,-118.4836
25010-20000-04739,Brentwood,90049,Brentwood - Pacific Palisades,no,Patio Cover,2025-10-09,2026-09-09,,Issued (under construction),Issued,2026-09-09,Type V-B Construction,Type V (wood-frame),189.0,17000.0,11.0,no,250 S CANYON VIEW DR,34.0531,-118.4836
25010-30000-04736,Pacific Palisades,90272,Brentwood - Pacific Palisades,yes,Dwelling - Single Family,2025-10-09,2026-03-03,,Issued (under construction),Issued,2026-03-03,Type V-B Construction,Type V (wood-frame),3149.21,550000.0,16.75,no,15285-15287 W DE PAUW ST,34.039,-118.5261
25010-30000-04740,Pacific Palisades,90272,Brentwood - Pacific Palisades,yes,Dwelling - Single Family,2025-10-09,2026-03-17,,Issued (under construction),Issued,2026-03-17,Type V-B Construction,Type V (wood-frame),3694.0,600000.0,22.67,yes,1236 N LAS PULGAS ROAD,34.0538,-118.5377
25014-10000-04480,Pacific Palisades,90272,Brentwood - Pacific Palisades,no,Dwelling - Single Family,2025-10-09,2026-03-31,,Issued (under construction),Issued,2026-03-31,Type V-B Construction,Type V (wood-frame),3446.0,500000.0,26.0,yes,626 N VIA DE LA PAZ,34.0412,-118.5284
25010-10000-04649,Pacific Palisades,90272,Brentwood - Pacific Palisades,yes,Dwelling - Single Family,2025-10-10,2026-02-12,,Issued (under construction),Issued,2026-02-12,Type V-B Construction,Type V (wood-frame),4690.0,585074.0,36.75,yes,648-650 N LACHMAN LANE,34.0483,-118.5461
25010-30000-04757,Pacific Palisades,90272,Brentwood - Pacific Palisades,no,Dwelling - Single Family,2025-10-10,2026-03-09,,Issued (under construction),Issued,2026-03-09,Type V-B Construction,Type V (wood-frame),3917.0,600000.0,30.0,yes,1131 N FISKE ST,34.0499,-118.5229
25010-10000-04972,Encino / Tarzana,91356,Encino - Tarzana,no,Accessory Dwelling Unit,2025-10-13,2026-05-18,,Issued (under construction),Issued,2026-05-18,Type V-B Construction,Type V (wood-frame),791.1,87021.0,15.75,no,5333 N TAMPA AVE,34.1685,-118.5537
25010-10000-04974,Encino / Tarzana,91356,Encino - Tarzana,no,Patio Cover,2025-10-13,2026-05-18,,Issued (under construction),Issued,2026-05-18,Type V-B Construction,Type V (wood-frame),200.0,4400.0,12.58,no,5331 N TAMPA AVE,34.1684,-118.5537
25010-10000-05048,Bel Air / Beverly Crest,90077,Bel Air - Beverly Crest,yes,Recreation Room,2025-10-13,,,In plan check,Quality Review Completed,2025-11-07,Type V-B Construction,Type V (wood-frame),,11444.0,,no,1767 N ROSCOMARE ROAD,34.1022,-118.4634
25010-20000-04754,Encino / Tarzana,91356,Encino - Tarzana,no,Dwelling - Single Family,2025-10-13,2026-05-18,,Issued (under construction),Issued,2026-05-18,Type V-B Construction,Type V (wood-frame),4535.9,529339.0,29.83,no,5331 N TAMPA AVE,34.1684,-118.5537
25010-10000-04285,Pacific Palisades,90272,Brentwood - Pacific Palisades,no,Dwelling - Single Family,2025-10-14,,,In plan check,PC Info Complete,2026-02-09,Type V-A Construction,Type V (wood-frame),2397.0,800000.0,23.0,yes,16832 W BOLLINGER DR,34.0445,-118.5463
25010-20000-04803,Pacific Palisades,90272,Brentwood - Pacific Palisades,yes,Dwelling - Single Family,2025-10-14,2026-05-13,,Issued (under construction),Issued,2026-05-13,Type V-B Construction,Type V (wood-frame),3879.0,460000.0,25.0,no,14943 W MCKENDREE AVE,34.0528,-118.5229
25010-30000-04797,Brentwood,90049,Brentwood - Pacific Palisades,no,Accessory Dwelling Unit,2025-10-14,2026-04-17,,Issued (under construction),Issued,2026-04-17,Type V-B Construction,Type V (wood-frame),795.0,106500.0,15.11,no,11776 1/2 W CHENAULT ST,34.0544,-118.4694
25010-30000-04806,Pacific Palisades,90272,Brentwood - Pacific Palisades,yes,Dwelling - Single Family,2025-10-14,2025-12-11,,Issued (under construction),Issued,2025-12-11,Type V-B Construction,Type V (wood-frame),5354.0,1000000.0,23.58,no,15301 W BESTOR BLVD,34.0512,-118.5258
25010-30000-04807,Pacific Palisades,90272,Brentwood - Pacific Palisades,yes,Dwelling - Single Family,2025-10-14,2025-12-30,,Issued (under construction),Issued,2025-12-30,Type V-B Construction,Type V (wood-frame),5023.0,850000.0,25.67,no,1141 N DONAIRE WAY,34.0569,-118.5452
24014-30001-04286,Pacific Palisades,90272,Brentwood - Pacific Palisades,yes,,2025-10-15,,,In plan check,Corrections Issued,2025-10-15,,Not stated,,0.0,,no,537 N MUSKINGUM AVE,34.0436,-118.5391
25010-20000-04831,Brentwood,90049,Brentwood - Pacific Palisades,yes,Dwelling - Single Family,2025-10-15,,,In plan check,Quality Review Completed,2025-11-05,Type V-B Construction,Type V (wood-frame),,1370000.0,,no,12010 W CHALON ROAD,34.0817,-118.4811
25010-10000-04682,Pacific Palisades,90272,Brentwood - Pacific Palisades,yes,Dwelling - Single Family,2025-10-16,,,In plan check,PC Info Complete,2025-12-01,Type V-B Construction,Type V (wood-frame),0.0,400000.0,,yes,820 N CHAUTAUQUA BLVD,34.0442,-118.5172
25010-10000-04767,Pacific Palisades,90272,Brentwood - Pacific Palisades,no,Dwelling - Single Family,2025-10-16,2025-12-18,,Issued (under construction),Issued,2025-12-18,Type V-B Construction,Type V (wood-frame),2446.0,950000.0,24.0,yes,1018 N HARTZELL ST,34.0481,-118.5201
25010-10000-04823,Pacific Palisades,90272,Brentwood - Pacific Palisades,no,Dwelling - Single Family,2025-10-16,,,In plan check,PC Info Complete,2026-05-05,Type V-B Construction,Type V (wood-frame),2365.0,650000.0,17.58,yes,629 N LAS CASAS AVE,34.0469,-118.5426
25010-20000-04862,Pacific Palisades,90272,Brentwood - Pacific Palisades,no,Dwelling - Single Family,2025-10-16,2025-11-20,,Issued (under construction),Issued,2025-11-20,Type V-B Construction,Type V (wood-frame),3734.0,393000.0,25.42,yes,950 N GALLOWAY ST,34.047,-118.5209
25010-30000-04847,Pacific Palisades,90272,Brentwood - Pacific Palisades,yes,Dwelling - Single Family,2025-10-16,2026-03-05,,Issued (under construction),Issued,2026-03-05,Type V-B Construction,Type V (wood-frame),4558.0,750000.0,28.0,yes,927 N BIENVENEDA AVE,34.0511,-118.5394
25010-30000-04849,Pacific Palisades,90272,Brentwood - Pacific Palisades,yes,Accessory Dwelling Unit,2025-10-16,2026-06-30,,Issued (under construction),Issued,2026-06-30,Type V-B Construction,Type V (wood-frame),695.0,105000.0,16.0,no,342 N SURFVIEW DR,34.0466,-118.5676
25010-30000-04861,Pacific Palisades,90272,Brentwood - Pacific Palisades,no,Dwelling - Single Family,2025-10-16,2026-02-24,,Issued (under construction),Issued,2026-02-24,Type V-B Construction,Type V (wood-frame),2803.0,465000.0,27.25,yes,873-875 N FISKE ST,34.0451,-118.5219
25014-10000-04591,Pacific Palisades,90272,Brentwood - Pacific Palisades,no,Dwelling - Single Family,2025-10-16,2026-02-11,,Issued (under construction),Issued,2026-02-11,Type V-B Construction,Type V (wood-frame),3141.0,1200000.0,27.67,yes,530 N TAHQUITZ PL,34.0433,-118.5386
25010-10000-04583,Pacific Palisades,90272,Brentwood - Pacific Palisades,no,Dwelling - Single Family,2025-10-17,2026-06-04,,Issued (under construction),Issued,2026-06-04,Type V-B Construction,Type V (wood-frame),1218.5,150000.0,16.58,yes,500 N BEIRUT AVE,34.0385,-118.5302
25010-10000-04725,Pacific Palisades,90272,Brentwood - Pacific Palisades,no,Dwelling - Single Family,2025-10-17,2026-04-02,,Issued (under construction),Issued,2026-04-02,Type V-B Construction,Type V (wood-frame),3066.0,312090.0,30.6,yes,1127 N GALLOWAY ST,34.0499,-118.5218
25010-10000-04792,Pacific Palisades,90272,Brentwood - Pacific Palisades,yes,Dwelling - Single Family,2025-10-17,2026-04-24,,Issued (under construction),Issued,2026-04-24,Type V-B Construction,Type V (wood-frame),4702.0,2000000.0,26.0,yes,809 N ALMA REAL DR,34.0428,-118.5234
25010-10000-04811,Pacific Palisades,90272,Brentwood - Pacific Palisades,yes,Dwelling - Single Family,2025-10-17,2026-08-11,,Issued (under construction),Issued,2026-08-11,Type II-A Construction,Type I/II (non-combustible),5922.0,2000000.0,29.25,yes,487 N ALMAR AVE,34.0421,-118.5376
25010-20000-04896,Encino / Tarzana,91316,Encino - Tarzana,no,Dwelling - Single Family,2025-10-17,2026-01-08,,Issued (under construction),Issued,2026-01-08,Type V-B Construction,Type V (wood-frame),1076.0,120000.0,22.25,no,5836-5838 N BALCOM AVE,34.1764,-118.5204
25010-20000-05083,Pacific Palisades,90272,Brentwood - Pacific Palisades,no,Accessory Living Quarters,2025-10-17,2025-11-25,,Issued (under construction),Issued,2025-11-25,Type V-A Construction,Type V (wood-frame),1777.0,170000.0,24.83,no,622 N TOYOPA DR,34.0392,-118.5189
25010-30000-04883,Pacific Palisades,90272,Brentwood - Pacific Palisades,no,Dwelling - Single Family,2025-10-17,2025-11-25,,Issued (under construction),Issued,2025-11-25,Type V-B Construction,Type V (wood-frame),9507.0,1500000.0,31.92,yes,622 N TOYOPA DR,34.0392,-118.5189
25010-30000-04889,Pacific Palisades,90272,Brentwood - Pacific Palisades,no,Dwelling - Single Family,2025-10-17,2025-12-23,,Issued (under construction),Issued,2025-12-23,Type V-B Construction,Type V (wood-frame),3756.0,514000.0,30.0,yes,514 N MUSKINGUM AVE,34.043,-118.5387
25010-30000-04890,Pacific Palisades,90272,Brentwood - Pacific Palisades,yes,Dwelling - Single Family,2025-10-17,2025-12-12,,Issued (under construction),Issued,2025-12-12,Type V-A Construction,Type V (wood-frame),4922.0,23798000.0,35.17,yes,646 N SWARTHMORE AVE,34.0416,-118.5274
25010-10000-04857,Pacific Palisades,90272,Brentwood - Pacific Palisades,yes,Dwelling - Single Family,2025-10-20,2026-02-04,,Issued (under construction),Issued,2026-02-04,Type V-B Construction,Type V (wood-frame),2080.0,300000.0,24.58,yes,17933 W CASTELLAMMARE DR,34.0429,-118.5655
25010-10000-04898,Pacific Palisades,90272,Brentwood - Pacific Palisades,yes,Dwelling - Single Family,2025-10-20,2026-04-16,,Issued (under construction),Issued,2026-04-16,Type V-B Construction,Type V (wood-frame),2312.0,600000.0,28.0,yes,626 N BIENVENEDA AVE,34.0466,-118.5399
25010-10000-04900,Encino / Tarzana,91436,Encino - Tarzana,no,Dwelling - Single Family,2025-10-20,2026-02-25,,Issued (under construction),Issued,2026-02-25,Type V-B Construction,Type V (wood-frame),4473.7,491000.0,24.58,no,16769-16771 W ADDISON ST,34.1627,-118.499
25010-10000-05125,Encino / Tarzana,91436,Encino - Tarzana,no,Recreation Room,2025-10-20,2026-02-25,,Issued (under construction),Issued,2026-02-25,Type V-B Construction,Type V (wood-frame),199.7,20200.0,14.58,no,16771 W ADDISON ST,34.1626,-118.4988
25010-20000-04884,Encino / Tarzana,91356,Encino - Tarzana,no,Patio Cover,2025-10-20,2026-03-04,,Issued (under construction),Issued,2026-03-04,Type V-B Construction,Type V (wood-frame),199.22,3000.0,13.5,no,5851 N CAHILL AVE,34.1774,-118.5492
25010-20000-04918,Pacific Palisades,90272,Brentwood - Pacific Palisades,no,Dwelling - Single Family,2025-10-20,2025-11-24,,Issued (under construction),Issued,2025-11-24,Type V-B Construction,Type V (wood-frame),6509.0,750000.0,27.16,yes,1115 N MONUMENT ST,34.0493,-118.5249
25010-20000-04927,Pacific Palisades,90272,Brentwood - Pacific Palisades,yes,Dwelling - Single Family,2025-10-20,2026-04-24,,Issued (under construction),Issued,2026-04-24,Type V-B Construction,Type V (wood-frame),6037.67,775000.0,30.0,yes,737 N VIA DE LA PAZ,34.0438,-118.5281
25010-30000-04909,Pacific Palisades,90272,Brentwood - Pacific Palisades,yes,Dwelling - Single Family,2025-10-20,2026-04-29,,Issued (under construction),Issued,2026-04-29,Type V-B Construction,Type V (wood-frame),4928.0,2000000.0,30.0,yes,631 N VIA DE LA PAZ,34.0413,-118.5287
25010-30000-04910,Pacific Palisades,90272,Brentwood - Pacific Palisades,yes,Accessory Dwelling Unit,2025-10-20,2026-04-29,,Issued (under construction),Issued,2026-04-29,Type V-B Construction,Type V (wood-frame),627.0,200000.0,13.83,no,631 N VIA DE LA PAZ,34.0413,-118.5287
25010-30000-04912,Pacific Palisades,90272,Brentwood - Pacific Palisades,no,Dwelling - Single Family,2025-10-20,2026-03-17,,Issued (under construction),Issued,2026-03-17,Type V-B Construction,Type V (wood-frame),2058.0,800000.0,18.5,yes,842 N GALLOWAY ST,34.0444,-118.5204
25010-30000-04916,Pacific Palisades,90272,Brentwood - Pacific Palisades,no,Accessory Dwelling Unit,2025-10-20,2026-03-17,,Issued (under construction),Issued,2026-03-17,Type V-B Construction,Type V (wood-frame),282.0,80000.0,18.0,yes,842 N GALLOWAY ST,34.0444,-118.5204
25010-30000-04919,Pacific Palisades,90272,Brentwood - Pacific Palisades,no,Dwelling - Single Family,2025-10-20,2025-12-02,,Issued (under construction),Issued,2025-12-02,Type V-B Construction,Type V (wood-frame),2712.0,400000.0,28.0,yes,740 N ILIFF ST,34.0426,-118.5179
25010-30000-04922,Pacific Palisades,90272,Brentwood - Pacific Palisades,yes,Garage - Private,2025-10-20,2026-01-22,,Issued (under construction),Issued,2026-01-22,Type V-B Construction,Type V (wood-frame),,20000.0,16.25,yes,14715 W BESTOR BLVD,34.0514,-118.5205
25010-10000-03976,Pacific Palisades,90272,Brentwood - Pacific Palisades,no,Dwelling - Single Family,2025-10-21,,,In plan check,Verifications in Progress,2026-09-10,Type V-B Construction,Type V (wood-frame),,800000.0,,yes,879 N GALLOWAY ST,34.0454,-118.5208
25010-10000-04809,Pacific Palisades,90272,Brentwood - Pacific Palisades,yes,Dwelling - Single Family,2025-10-21,2026-07-07,,Issued (under construction),Issued,2026-07-07,Type V-B Construction,Type V (wood-frame),4355.0,1600000.0,34.75,yes,785 N RADCLIFFE AVE,34.0452,-118.5302
25010-10000-04874,Pacific Palisades,90272,Brentwood - Pacific Palisades,no,Dwelling - Single Family,2025-10-21,2026-02-05,,Issued (under construction),Issued,2026-02-05,Type V-B Construction,Type V (wood-frame),2136.0,550000.0,26.32,yes,919 N HARTZELL ST,34.0462,-118.52
25010-10000-04875,Pacific Palisades,90272,Brentwood - Pacific Palisades,no,Dwelling - Single Family,2025-10-21,2025-12-30,,Issued (under construction),Issued,2025-12-30,Type V-B Construction,Type V (wood-frame),4122.0,400000.0,28.5,yes,16032 W MIAMI WAY,34.0453,-118.5371
25010-10000-04878,Pacific Palisades,90272,Brentwood - Pacific Palisades,no,Dwelling - Single Family,2025-10-21,2025-12-23,,Issued (under construction),Issued,2025-12-23,Type V-B Construction,Type V (wood-frame),3639.0,400000.0,30.33,yes,16049 W MIAMI WAY,34.0457,-118.5372
25010-10000-04917,Pacific Palisades,90272,Brentwood - Pacific Palisades,no,Dwelling - Single Family,2025-10-21,2025-12-24,,Issued (under construction),Issued,2025-12-24,Type V-B Construction,Type V (wood-frame),1630.0,1500000.0,17.0,yes,870 N KAGAWA ST,34.0457,-118.5175
25010-10000-04940,Pacific Palisades,90272,Brentwood - Pacific Palisades,no,Dwelling - Single Family,2025-10-21,2026-06-24,,Issued (under construction),Issued,2026-06-24,Type V-B Construction,Type V (wood-frame),3536.0,900000.0,3336.0,yes,16812 W LIVORNO DR,34.0443,-118.5449
25010-10000-05055,Pacific Palisades,90272,Brentwood - Pacific Palisades,no,Garage - Private,2025-10-21,,,In plan check,Verifications in Progress,2026-09-10,Type V-B Construction,Type V (wood-frame),,70000.0,,yes,879 N GALLOWAY ST,34.0454,-118.5208
25010-10000-05772,Pacific Palisades,90272,Brentwood - Pacific Palisades,no,Accessory Dwelling Unit,2025-10-21,,,In plan check,PC Info Complete,2025-12-19,Type V-B Construction,Type V (wood-frame),421.0,,16.08,yes,917 N HARTZELL ST,34.0462,-118.5201
25010-20000-04945,Brentwood,90049,Brentwood - Pacific Palisades,yes,Dwelling - Single Family,2025-10-21,2026-03-04,,Issued (under construction),Issued,2026-03-04,Type V-B Construction,Type V (wood-frame),5038.0,600000.0,30.0,no,751-753 N LOCKEARN ST,34.0736,-118.4785
25010-20000-04946,Pacific Palisades,90272,Brentwood - Pacific Palisades,no,Dwelling - Single Family,2025-10-21,2026-01-13,,Issued (under construction),Issued,2026-01-13,Type V-B Construction,Type V (wood-frame),4463.0,450000.0,28.0,yes,16060 W TEMECULA ST,34.0462,-118.5369
25010-20000-04950,Pacific Palisades,90272,Brentwood - Pacific Palisades,yes,Dwelling - Single Family,2025-10-21,2025-12-03,,Issued (under construction),Issued,2025-12-03,Type V-B Construction,Type V (wood-frame),6008.38,663000.0,28.0,no,16670 W VIA PACIFICA,34.0749,-118.5469
25010-20000-04952,Pacific Palisades,90272,Brentwood - Pacific Palisades,no,Accessory Dwelling Unit,2025-10-21,2025-11-25,,Issued (under construction),Issued,2025-11-25,Type V-A Construction,Type V (wood-frame),6498.0,758000.0,22.0,yes,1015-1017 N KAGAWA ST,34.0483,-118.5185
25010-20000-04953,Pacific Palisades,90272,Brentwood - Pacific Palisades,no,Dwelling - Single Family,2025-10-21,2026-01-15,,Issued (under construction),Issued,2026-01-15,Type V-B Construction,Type V (wood-frame),3399.0,450000.0,27.5,yes,1144 N ILIFF ST,34.0507,-118.5197
25010-20000-05106,Pacific Palisades,90272,Brentwood - Pacific Palisades,no,Patio Cover,2025-10-21,2026-03-10,,Issued (under construction),Issued,2026-03-10,Type V-B Construction,Type V (wood-frame),200.0,20000.0,12.33,no,1017 N KAGAWA ST,34.0483,-118.5183
25010-30000-04936,Pacific Palisades,90272,Brentwood - Pacific Palisades,no,Dwelling - Single Family,2025-10-21,2026-03-13,,Issued (under construction),Issued,2026-03-13,Type V-B Construction,Type V (wood-frame),3142.0,500000.0,22.0,yes,523-525 N ALMAR AVE,34.0428,-118.5373
25010-30000-04938,Pacific Palisades,90272,Brentwood - Pacific Palisades,no,Dwelling - Single Family,2025-10-21,2026-02-05,,Issued (under construction),Issued,2026-02-05,Type V-B Construction,Type V (wood-frame),1141.0,150000.0,26.67,yes,356 N MOUNT HOLYOKE AVE,34.037,-118.5315
25010-30000-04939,Pacific Palisades,90272,Brentwood - Pacific Palisades,no,Carport,2025-10-21,2026-02-05,,Issued (under construction),Issued,2026-02-05,Type V-B Construction,Type V (wood-frame),303.0,5000.0,8.0,no,356 N MOUNT HOLYOKE AVE,34.037,-118.5315
25010-30000-04942,Pacific Palisades,90272,Brentwood - Pacific Palisades,yes,Dwelling - Single Family,2025-10-21,,,In plan check,Verifications in Progress,2026-07-01,Type V-B Construction,Type V (wood-frame),6167.0,830000.0,28.0,yes,15000 W MCKENDREE AVE,34.0526,-118.5232
25010-30000-04943,Pacific Palisades,90272,Brentwood - Pacific Palisades,yes,Accessory Dwelling Unit,2025-10-21,,,In plan check,Verifications in Progress,2026-07-01,Type V-B Construction,Type V (wood-frame),461.0,75000.0,12.75,yes,15000 W MCKENDREE AVE,34.0526,-118.5232
25010-30000-04949,Pacific Palisades,90272,Brentwood - Pacific Palisades,yes,Dwelling - Single Family,2025-10-21,2026-01-26,,Issued (under construction),Issued,2026-01-26,Type V-B Construction,Type V (wood-frame),4254.0,700000.0,24.33,no,15275 W DE PAUW ST,34.0387,-118.5259
25014-20000-04679,Encino / Tarzana,91316,Encino - Tarzana,no,Dwelling - Single Family,2025-10-21,,,In plan check,Quality Review Completed,2025-11-04,Type V-B Construction,Type V (wood-frame),,500000.0,,no,17917 W BURBANK BLVD,34.1724,-118.5227
25010-10000-04544,Pacific Palisades,90272,Brentwood - Pacific Palisades,no,Dwelling - Single Family,2025-10-22,2026-03-13,,Issued (under construction),Issued,2026-03-13,Type V-B Construction,Type V (wood-frame),1476.0,230000.0,13.42,yes,871 N ILIFF ST,34.0455,-118.5188
25010-10000-04644,Pacific Palisades,90272,Brentwood - Pacific Palisades,no,Dwelling - Single Family,2025-10-22,,,In plan check,Quality Review Completed,2025-11-04,,Not stated,,400000.0,,yes,955 N HARTZELL ST,34.0472,-118.5202
25010-10000-04719,Pacific Palisades,90272,Brentwood - Pacific Palisades,no,Dwelling - Single Family,2025-10-22,2026-02-20,,Issued (under construction),Issued,2026-02-20,Type V-B Construction,Type V (wood-frame),1560.0,1200000.0,24.64,no,16752 W LIVORNO DR,34.045,-118.5442
25010-10000-04895,Pacific Palisades,90272,Brentwood - Pacific Palisades,no,Dwelling - Single Family,2025-10-22,2025-12-18,,Issued (under construction),Issued,2025-12-18,Type V-B Construction,Type V (wood-frame),3014.4,350000.0,27.9,yes,14832 W SUNSET BLVD,34.0424,-118.52
25010-10000-04913,Pacific Palisades,90272,Brentwood - Pacific Palisades,no,Dwelling - Single Family,2025-10-22,2026-03-24,,Issued (under construction),Issued,2026-03-24,Type V-B Construction,Type V (wood-frame),2491.0,333551.0,27.01,no,922 N EMBURY ST,34.046,-118.5228
25010-10000-06600,Pacific Palisades,90272,Brentwood - Pacific Palisades,no,Garage - Private,2025-10-22,2026-03-13,,Issued (under construction),Issued,2026-03-13,Type V-B Construction,Type V (wood-frame),84.0,100000.0,13.2,no,871 N ILIFF ST,34.0455,-118.5188
25010-20000-04975,Pacific Palisades,90272,Brentwood - Pacific Palisades,no,Dwelling - Single Family,2025-10-22,2025-11-24,,Issued (under construction),Issued,2025-11-24,Type V-B Construction,Type V (wood-frame),3957.0,450000.0,33.25,yes,16040 W AIGLON ST,34.0446,-118.5378
25010-20000-05072,Pacific Palisades,90272,Brentwood - Pacific Palisades,no,Accessory Dwelling Unit,2025-10-22,2026-03-24,,Issued (under construction),Issued,2026-03-24,Type V-B Construction,Type V (wood-frame),610.0,70000.0,22.31,yes,924 N EMBURY ST,34.046,-118.5226
25010-30000-04970,Pacific Palisades,90272,Brentwood - Pacific Palisades,no,Dwelling - Single Family,2025-10-22,2025-12-04,,Issued (under construction),Issued,2025-12-04,Type V-B Construction,Type V (wood-frame),4094.0,450000.0,27.67,yes,927 N ILIFF ST,34.0466,-118.519
25010-30000-04978,Pacific Palisades,90272,Brentwood - Pacific Palisades,no,Dwelling - Single Family,2025-10-22,2026-01-15,,Issued (under construction),Issued,2026-01-15,Type V-B Construction,Type V (wood-frame),5558.0,750000.0,27.5,yes,542 N CHAPALA DR,34.0388,-118.5208
25010-10000-04260,Pacific Palisades,90272,Brentwood - Pacific Palisades,no,Dwelling - Single Family,2025-10-23,2026-02-26,,Issued (under construction),Issued,2026-02-26,Type V-B Construction,Type V (wood-frame),3918.0,900000.0,28.0,yes,1106 N EMBURY ST,34.0491,-118.5235
25010-10000-04471,Pacific Palisades,90272,Brentwood - Pacific Palisades,yes,Dwelling - Single Family,2025-10-23,2026-02-04,,Issued (under construction),Issued,2026-02-04,Type V-B Construction,Type V (wood-frame),3451.0,759000.0,31.5,yes,16534 W LAS CASAS PL,34.05,-118.5419
25010-10000-04852,Encino / Tarzana,91316,Encino - Tarzana,no,Accessory Dwelling Unit,2025-10-23,2026-04-09,,Issued (under construction),Issued,2026-04-09,Type V-B Construction,Type V (wood-frame),725.0,110000.0,14.75,no,5700 N WHITE OAK AVE,34.1741,-118.5181
25010-10000-04937,Pacific Palisades,90272,Brentwood - Pacific Palisades,yes,Dwelling - Single Family,2025-10-23,2026-01-15,,Issued (under construction),Issued,2026-01-15,Type V-A Construction,Type V (wood-frame),3700.0,850000.0,15.08,yes,16635 W MERIVALE LANE,34.0532,-118.5451
25010-30000-04985,Pacific Palisades,90272,Brentwood - Pacific Palisades,no,Dwelling - Single Family,2025-10-23,2025-12-24,,Issued (under construction),Issued,2025-12-24,Type V-B Construction,Type V (wood-frame),3657.0,500000.0,27.75,yes,919 N FISKE ST,34.0459,-118.522
25010-30000-04994,Pacific Palisades,90272,Brentwood - Pacific Palisades,no,Dwelling - Single Family,2025-10-23,2025-12-24,,Issued (under construction),Issued,2025-12-24,Type V-B Construction,Type V (wood-frame),3699.0,720000.0,27.67,yes,867 N HARTZELL ST,34.0452,-118.5198
25010-30000-04997,Pacific Palisades,90272,Brentwood - Pacific Palisades,yes,Dwelling - Single Family,2025-10-23,2025-12-18,,Issued (under construction),Issued,2025-12-18,Type V-B Construction,Type V (wood-frame),2814.0,500000.0,27.5,yes,17133 W AVENIDA DE LA HERRADURA,34.0767,-118.559
25010-30000-05010,Pacific Palisades,90272,Brentwood - Pacific Palisades,yes,Dwelling - Single Family,2025-10-23,2026-03-09,,Issued (under construction),Issued,2026-03-09,Type V-B Construction,Type V (wood-frame),4667.0,780000.0,28.25,yes,16620 W BIENVENEDA PL,34.0599,-118.5444
25010-30000-05020,Pacific Palisades,90272,Brentwood - Pacific Palisades,yes,Storage Building,2025-10-23,2026-03-16,,Issued (under construction),Issued,2026-03-16,Type V-B Construction,Type V (wood-frame),150.0,25000.0,10.0,yes,18043 W SANDY CAPE DR,34.0478,-118.5683
25010-10000-04859,Pacific Palisades,90272,Brentwood - Pacific Palisades,yes,Dwelling - Single Family,2025-10-24,,,In plan check,PC Info Complete,2026-02-10,Type V-B Construction,Type V (wood-frame),2238.0,500000.0,11.5,yes,16407 W AKRON ST,34.0504,-118.5398
25010-10000-04973,Pacific Palisades,90272,Brentwood - Pacific Palisades,yes,Dwelling - Single Family,2025-10-24,2026-03-06,,Issued (under construction),Issued,2026-03-06,Type V-B Construction,Type V (wood-frame),3456.0,450000.0,10.32,yes,1049 N GLENHAVEN DR,34.0538,-118.547
25010-20000-05005,Encino / Tarzana,91356,Encino - Tarzana,no,Accessory Dwelling Unit,2025-10-24,2026-02-04,,In plan check,CofO Corrected,2026-09-11,Type V-B Construction,Type V (wood-frame),555.0,87000.0,15.0,no,5225 N BECKFORD AVE,34.1663,-118.5517
25010-20000-05028,Pacific Palisades,90272,Brentwood - Pacific Palisades,no,Dwelling - Single Family,2025-10-24,2025-12-22,,Issued (under construction),Issued,2025-12-22,Type V-B Construction,Type V (wood-frame),5790.0,450000.0,27.33,yes,901 N FISKE ST,34.0455,-118.5219
25010-30000-05023,Pacific Palisades,90272,Brentwood - Pacific Palisades,no,Dwelling - Single Family,2025-10-24,2025-12-04,,Issued (under construction),Issued,2025-12-04,Type V-B Construction,Type V (wood-frame),3379.0,375000.0,27.3,yes,928 N HARTZELL ST,34.0465,-118.5198
25010-30000-05027,Pacific Palisades,90272,Brentwood - Pacific Palisades,no,Dwelling - Single Family,2025-10-24,2026-02-12,,Issued (under construction),Issued,2026-02-12,Type V-B Construction,Type V (wood-frame),2422.0,750000.0,17.33,yes,859 N GALLOWAY ST,34.0448,-118.5207
25010-30000-05038,Pacific Palisades,90272,Brentwood - Pacific Palisades,no,Dwelling - Single Family,2025-10-24,2026-06-11,,Issued (under construction),Issued,2026-06-11,Type V-B Construction,Type V (wood-frame),3236.0,472000.0,23.87,yes,1019 N FISKE ST,34.0477,-118.5224
25010-30000-05040,Pacific Palisades,90272,Brentwood - Pacific Palisades,no,Dwelling - Single Family,2025-10-24,2026-01-07,,Issued (under construction),Issued,2026-01-07,Type V-B Construction,Type V (wood-frame),1962.0,129600.0,26.18,yes,850 N FISKE ST,34.0445,-118.5214
25010-30000-05041,Pacific Palisades,90272,Brentwood - Pacific Palisades,no,Accessory Dwelling Unit,2025-10-24,2026-01-07,,Issued (under construction),Issued,2026-01-07,Type V-B Construction,Type V (wood-frame),392.0,29400.0,16.12,yes,852 N FISKE ST,34.0445,-118.5214
25010-10000-04854,Pacific Palisades,90272,Brentwood - Pacific Palisades,no,Dwelling - Single Family,2025-10-27,2026-02-13,,Issued (under construction),Issued,2026-02-13,Type V-B Construction,Type V (wood-frame),2097.0,660000.0,27.33,yes,16115 W NORTHFIELD ST,34.0477,-118.5371
25010-10000-04957,Pacific Palisades,90272,Brentwood - Pacific Palisades,yes,Dwelling - Single Family,2025-10-27,2026-01-18,,Issued (under construction),Issued,2026-01-18,Type V-A Construction,Type V (wood-frame),6181.0,1200000.0,28.0,yes,16818 W MONTE HERMOSO DR,34.0705,-118.5543
25010-10000-05066,Brentwood,90049,Brentwood - Pacific Palisades,yes,Accessory Dwelling Unit,2025-10-27,,,In plan check,Quality Review Completed,2025-11-13,Type V-B Construction,Type V (wood-frame),,165000.0,,no,708 N KENTER AVE,34.0712,-118.4889
25010-10000-05288,Pacific Palisades,90272,Brentwood - Pacific Palisades,no,Recreation Room,2025-10-27,2026-02-13,,Issued (under construction),Issued,2026-02-13,Type V-B Construction,Type V (wood-frame),828.0,80000.0,18.0,no,16115 W NORTHFIELD ST,34.0477,-118.5371
25010-20000-05068,Pacific Palisades,90272,Brentwood - Pacific Palisades,yes,,2025-10-27,,,In plan check,Verifications in Progress,2026-08-11,Type V-B Construction,Type V (wood-frame),,600000.0,,no,633 N MUSKINGUM AVE,34.046,-118.5377
25010-30000-05056,Pacific Palisades,90272,Brentwood - Pacific Palisades,yes,Dwelling - Single Family,2025-10-27,,,In plan check,PC Info Complete,2025-12-04,Type V-B Construction,Type V (wood-frame),5309.0,2000000.0,28.0,yes,15305 W DE PAUW ST,34.0393,-118.5263
25010-30000-05060,Pacific Palisades,90272,Brentwood - Pacific Palisades,no,Dwelling - Single Family,2025-10-27,2026-02-24,,Issued (under construction),Issued,2026-02-24,Type V-B Construction,Type V (wood-frame),3893.0,575000.0,27.92,yes,362 N MOUNT HOLYOKE AVE,34.0372,-118.5314
25010-30000-05062,Pacific Palisades,90272,Brentwood - Pacific Palisades,yes,Dwelling - Single Family,2025-10-27,2026-03-31,,Issued (under construction),Issued,2026-03-31,Type V-B Construction,Type V (wood-frame),4122.0,1500000.0,26.67,yes,17161 W AVENIDA DE LA HERRADURA,34.0769,-118.5599
25010-30000-05063,Pacific Palisades,90272,Brentwood - Pacific Palisades,no,Dwelling - Single Family,2025-10-27,2026-02-05,,Issued (under construction),Issued,2026-02-05,Type V-B Construction,Type V (wood-frame),2535.37,500000.0,26.5,yes,818 N GALLOWAY ST,34.0438,-118.5202
25010-30000-05065,Pacific Palisades,90272,Brentwood - Pacific Palisades,no,Accessory Dwelling Unit,2025-10-27,2026-02-05,,Issued (under construction),Issued,2026-02-05,Type V-B Construction,Type V (wood-frame),285.0,100000.0,18.29,no,816 N GALLOWAY ST,34.0438,-118.5201
25010-10000-04800,Pacific Palisades,90272,Brentwood - Pacific Palisades,no,,2025-10-28,,,In plan check,Verifications in Progress,2026-02-24,,Not stated,,163633.0,,no,14901 W SUNSET BLVD,34.0433,-118.5206
25010-10000-05009,Brentwood,90049,Brentwood - Pacific Palisades,no,Dwelling - Single Family,2025-10-28,,,In plan check,Verifications in Progress,2026-04-15,,Not stated,,1826391.0,,no,12957 W SAN VICENTE BLVD,34.0492,-118.4896
25010-10000-05026,Pacific Palisades,90272,Brentwood - Pacific Palisades,yes,Dwelling - Single Family,2025-10-28,,,Withdrawn / inactive,No Progress,2026-09-08,Type V-B Construction,Type V (wood-frame),5040.0,880000.0,24.0,yes,1350 N MONUMENT ST,34.0539,-118.5251
25010-10000-05201,Brentwood,90049,Brentwood - Pacific Palisades,no,,2025-10-28,,,In plan check,Verifications in Progress,2026-04-15,,Not stated,,138000.0,,no,12957 W SAN VICENTE BLVD,34.0492,-118.4896
25010-30000-05075,Pacific Palisades,90272,Brentwood - Pacific Palisades,no,Dwelling - Single Family,2025-10-28,2026-02-11,,Issued (under construction),Issued,2026-02-11,Type V-B Construction,Type V (wood-frame),7911.0,1200000.0,33.0,yes,744 N CHAPALA DR,34.0413,-118.5224
25010-30000-05078,Pacific Palisades,90272,Brentwood - Pacific Palisades,no,Dwelling - Single Family,2025-10-28,2026-06-17,,Issued (under construction),Issued,2026-06-17,Type V-B Construction,Type V (wood-frame),4599.0,800000.0,29.16,yes,1135 N VIA DE LA PAZ,34.0501,-118.5265
25010-30000-05087,Pacific Palisades,90272,Brentwood - Pacific Palisades,no,Dwelling - Single Family,2025-10-28,2025-12-05,,Issued (under construction),Issued,2025-12-05,Type V-B Construction,Type V (wood-frame),2940.87,816000.0,24.0,yes,16948 W BOLLINGER DR,34.0437,-118.5485
25010-30000-05088,Pacific Palisades,90272,Brentwood - Pacific Palisades,no,Miscellaneous Bldg/Structure,2025-10-28,2025-12-05,,Issued (under construction),Issued,2025-12-05,Type V-B Construction,Type V (wood-frame),260.75,90000.0,12.5,yes,16948 W BOLLINGER DR,34.0437,-118.5485
25014-10000-04481,Pacific Palisades,90272,Brentwood - Pacific Palisades,yes,Dwelling - Single Family,2025-10-28,,,In plan check,PC Info Complete,2026-05-14,Type V-B Construction,Type V (wood-frame),3008.0,2500000.0,25.0,yes,819 N JACON WAY,34.0515,-118.5469
25010-10000-05015,Pacific Palisades,90272,Brentwood - Pacific Palisades,yes,Dwelling - Single Family,2025-10-29,2025-12-09,,Issued (under construction),Issued,2025-12-09,Type V-B Construction,Type V (wood-frame),5995.0,900000.0,26.83,yes,16722 W VIA LA COSTA,34.0764,-118.5472
25010-10000-05053,Pacific Palisades,90272,Brentwood - Pacific Palisades,no,Dwelling - Single Family,2025-10-29,,,In plan check,PC Info Complete,2026-02-19,Type V-B Construction,Type V (wood-frame),3960.25,2500000.0,26.25,yes,771 N OCAMPO DR,34.0421,-118.5225
25010-10000-05186,Encino / Tarzana,91316,Encino - Tarzana,no,Accessory Dwelling Unit,2025-10-29,2026-07-28,,Issued (under construction),Issued,2026-07-28,Type V-B Construction,Type V (wood-frame),1598.8,160000.0,17.58,no,5043-5043 1/2 N ZELZAH AVE,34.1612,-118.5231
25010-30000-05102,Pacific Palisades,90272,Brentwood - Pacific Palisades,yes,Dwelling - Single Family,2025-10-29,2025-12-17,,Issued (under construction),Issued,2025-12-17,Type V-B Construction,Type V (wood-frame),4532.0,600000.0,27.33,yes,290 N TOYOPA DR,34.0328,-118.5199
25010-30000-05103,Pacific Palisades,90272,Brentwood - Pacific Palisades,yes,Dwelling - Single Family,2025-10-29,2026-03-27,,Issued (under construction),Issued,2026-03-27,Type V-B Construction,Type V (wood-frame),3421.0,370000.0,25.25,no,15301 W DE PAUW ST,34.0391,-118.5262
25010-30000-05104,Pacific Palisades,90272,Brentwood - Pacific Palisades,yes,Accessory Dwelling Unit,2025-10-29,2026-03-27,,Issued (under construction),Issued,2026-03-27,Type V-B Construction,Type V (wood-frame),427.0,150000.0,15.0,no,15303 W DE PAUW ST,34.0392,-118.526
25010-30000-05105,Pacific Palisades,90272,Brentwood - Pacific Palisades,no,Dwelling - Single Family,2025-10-29,2026-02-18,,Issued (under construction),Issued,2026-02-18,Type V-B Construction,Type V (wood-frame),1277.0,500000.0,16.25,yes,835 N GALLOWAY ST,34.0442,-118.5206
25010-30000-05108,Pacific Palisades,90272,Brentwood - Pacific Palisades,no,Dwelling - Single Family,2025-10-29,2026-04-29,,Issued (under construction),Issued,2026-04-29,Type V-B Construction,Type V (wood-frame),4544.0,1000000.0,29.5,no,15314 W DE PAUW ST,34.0394,-118.5267
25010-30000-05109,Pacific Palisades,90272,Brentwood - Pacific Palisades,no,Dwelling - Single Family,2025-10-29,2026-01-27,,Issued (under construction),Issued,2026-01-27,Type V-B Construction,Type V (wood-frame),3033.0,450000.0,27.75,yes,1124 N ILIFF ST,34.0501,-118.5195
25010-30000-05113,Pacific Palisades,90272,Brentwood - Pacific Palisades,no,Dwelling - Single Family,2025-10-29,2026-06-04,,Issued (under construction),Issued,2026-06-04,Type V-B Construction,Type V (wood-frame),1550.5,1642875.0,17.0,yes,16651 W SUNSET BLVD,34.0468,-118.544
25010-10000-04876,Pacific Palisades,90272,Brentwood - Pacific Palisades,yes,Dwelling - Single Family,2025-10-30,2026-02-06,,Issued (under construction),Issued,2026-02-06,Type V-A Construction,Type V (wood-frame),3968.0,630600.0,27.5,yes,1829 W MICHAEL LANE,34.0781,-118.5591
25010-10000-04958,Pacific Palisades,90272,Brentwood - Pacific Palisades,no,Dwelling - Single Family,2025-10-30,,,In plan check,PC Info Complete,2026-02-13,Type V-B Construction,Type V (wood-frame),2770.0,450000.0,24.82,yes,1031 N GALLOWAY ST,34.0482,-118.5214
25010-10000-04990,Pacific Palisades,90272,Brentwood - Pacific Palisades,yes,Dwelling - Single Family,2025-10-30,,,In plan check,Quality Review Completed,2025-11-06,,Not stated,,800000.0,,yes,1331 N GOUCHER ST,34.0529,-118.5223
25010-10000-05278,Pacific Palisades,90272,Brentwood - Pacific Palisades,yes,Garage - Private,2025-10-30,,,In plan check,Quality Review Completed,2025-11-06,,Not stated,,50000.0,,yes,1331 N GOUCHER ST,34.0529,-118.5223
25010-20000-05131,Pacific Palisades,90272,Brentwood - Pacific Palisades,no,Dwelling - Single Family,2025-10-30,2026-05-26,,Issued (under construction),Issued,2026-05-26,Type V-B Construction,Type V (wood-frame),2809.3,450000.0,28.57,no,1118 N ILIFF ST,34.05,-118.5195
25010-20000-05132,Pacific Palisades,90272,Brentwood - Pacific Palisades,no,Accessory Dwelling Unit,2025-10-30,2026-05-26,,Issued (under construction),Issued,2026-05-26,Type V-B Construction,Type V (wood-frame),411.78,60000.0,18.0,no,1120 N ILIFF ST,34.0501,-118.5193
25010-20000-05135,Brentwood,90049,Bel Air - Beverly Crest,yes,Patio Cover,2025-10-30,,,In plan check,Verifications in Progress,2026-09-01,Type V-B Construction,Type V (wood-frame),351.1,10000.0,15.0,no,167 N BENTLEY AVE,34.0763,-118.4583
25010-30000-05137,Pacific Palisades,90272,Brentwood - Pacific Palisades,no,Dwelling - Single Family,2025-10-30,2026-01-21,,Issued (under construction),Issued,2026-01-21,Type V-B Construction,Type V (wood-frame),3820.0,1000000.0,27.79,yes,946 N ILIFF ST,34.0472,-118.5189
25010-30000-05141,Pacific Palisades,90272,Brentwood - Pacific Palisades,yes,Dwelling - Single Family,2025-10-30,2026-02-04,,Issued (under construction),Issued,2026-02-04,Type V-B Construction,Type V (wood-frame),4096.0,2000000.0,30.0,yes,557 N LUCERO AVE,34.0462,-118.5549
25010-30000-05143,Pacific Palisades,90272,Brentwood - Pacific Palisades,no,Accessory Dwelling Unit,2025-10-30,2025-12-16,,Issued (under construction),Issued,2025-12-16,Type V-B Construction,Type V (wood-frame),3568.0,500000.0,28.0,yes,15515-15517 W BOWDOIN ST,34.0451,-118.5292
25010-30000-05155,Pacific Palisades,90272,Brentwood - Pacific Palisades,no,Dwelling - Single Family,2025-10-30,2026-01-08,,Issued (under construction),Issued,2026-01-08,Type V-B Construction,Type V (wood-frame),6569.0,1500000.0,33.0,yes,16988 W MARQUEZ AVE,34.0422,-118.5491
25010-30000-05382,Pacific Palisades,90272,Brentwood - Pacific Palisades,yes,Accessory Dwelling Unit,2025-10-30,2026-02-04,,Issued (under construction),Issued,2026-02-04,Type V-B Construction,Type V (wood-frame),751.0,200000.0,28.0,no,557 N LUCERO AVE,34.0462,-118.5549
25010-10000-05019,Pacific Palisades,90272,Brentwood - Pacific Palisades,no,Dwelling - Single Family,2025-10-31,2026-04-24,,Issued (under construction),Issued,2026-04-24,Type V-B Construction,Type V (wood-frame),5636.0,975000.0,29.7,no,1120 N MONUMENT ST,34.1871,-118.4205
25010-10000-05021,Pacific Palisades,90272,Brentwood - Pacific Palisades,yes,Accessory Living Quarters,2025-10-31,2026-02-04,,Issued (under construction),Issued,2026-02-04,Type V-B Construction,Type V (wood-frame),1372.0,195000.0,23.0,no,676 N VIA SANTA YNEZ,34.0477,-118.5484
25010-10000-05024,Pacific Palisades,90272,Brentwood - Pacific Palisades,no,Dwelling - Single Family,2025-10-31,2026-03-12,,Issued (under construction),Issued,2026-03-12,Type V-B Construction,Type V (wood-frame),2847.0,750000.0,28.08,yes,509 N LAS CASAS AVE,34.0442,-118.5435
25010-30000-05175,Pacific Palisades,90272,Brentwood - Pacific Palisades,yes,Dwelling - Single Family,2025-10-31,2026-07-29,,Issued (under construction),Issued,2026-07-29,Type V-B Construction,Type V (wood-frame),3911.5,581550.0,19.67,yes,634 N ENCHANTED WAY,34.0499,-118.5482
25010-10000-04866,Pacific Palisades,90272,Brentwood - Pacific Palisades,no,Dwelling - Single Family,2025-11-03,2026-04-21,,Issued (under construction),Issued,2026-04-21,Type V-B Construction,Type V (wood-frame),2411.0,800000.0,27.5,yes,424 N MOUNT HOLYOKE AVE,34.0381,-118.5312
25010-10000-04877,Pacific Palisades,90272,Brentwood - Pacific Palisades,no,Dwelling - Single Family,2025-11-03,2026-01-16,,Issued (under construction),Issued,2026-01-16,Type V-B Construction,Type V (wood-frame),1269.0,250000.0,15.75,yes,874 N HARTZELL ST,34.0455,-118.5195
25010-10000-04941,Pacific Palisades,90272,Brentwood - Pacific Palisades,yes,Dwelling - Single Family,2025-11-03,2026-06-03,,Issued (under construction),Issued,2026-06-03,Type V-A Construction,Type V (wood-frame),1784.0,550000.0,14.66,yes,648 N JACON WAY,34.0481,-118.5474
25010-10000-05146,Pacific Palisades,90272,Brentwood - Pacific Palisades,no,Accessory Dwelling Unit,2025-11-03,2025-11-24,,Issued (under construction),Issued,2025-11-24,Type V-B Construction,Type V (wood-frame),480.0,67500.0,17.0,no,611 N TOYOPA DR,34.0389,-118.5192
25010-10000-05348,Pacific Palisades,90272,Brentwood - Pacific Palisades,no,Accessory Dwelling Unit,2025-11-03,2026-01-16,,Issued (under construction),Issued,2026-01-16,Type V-B Construction,Type V (wood-frame),790.0,95000.0,15.0,yes,876 N HARTZELL ST,34.0455,-118.5194
25010-10000-05594,Bel Air / Beverly Crest,90210,Sherman Oaks-Studio City-Toluca Lake-Cahuenga,yes,Patio Cover,2025-11-03,,,In plan check,PC Approved,2026-05-08,,Not stated,,100000.0,,no,3339 N CLERENDON ROAD,34.1357,-118.4382
25010-30000-05213,Pacific Palisades,90272,Brentwood - Pacific Palisades,no,Dwelling - Single Family,2025-11-03,2026-02-12,,Issued (under construction),Issued,2026-02-12,Type V-B Construction,Type V (wood-frame),4006.0,750000.0,30.0,yes,1170-1170 1/2 N GALLOWAY ST,34.0512,-118.5219
25010-10000-04944,Pacific Palisades,90272,Brentwood - Pacific Palisades,yes,Dwelling - Single Family,2025-11-04,2025-12-18,,Issued (under construction),Issued,2025-12-18,Type V-B Construction,Type V (wood-frame),1955.0,750000.0,26.0,yes,15303 W MCKENDREE AVE,34.0528,-118.5258
25010-10000-04956,Pacific Palisades,90272,Brentwood - Pacific Palisades,yes,Dwelling - Single Family,2025-11-04,2026-03-31,,Issued (under construction),Issued,2026-03-31,Type V-B Construction,Type V (wood-frame),3648.0,1343000.0,21.0,yes,1100 N LAS LOMAS AVE,34.0537,-118.5354
25010-10000-05122,Pacific Palisades,90272,Brentwood - Pacific Palisades,yes,Dwelling - Single Family,2025-11-04,2026-03-06,,Issued (under construction),Issued,2026-03-06,Type V-B Construction,Type V (wood-frame),6611.0,1200000.0,42.0,yes,1401-1403 N CHAUTAUQUA BLVD,34.0543,-118.5217
25010-10000-05157,Pacific Palisades,90272,Brentwood - Pacific Palisades,yes,Dwelling - Single Family,2025-11-04,2026-08-11,,Issued (under construction),Issued,2026-08-11,Type V-B Construction,Type V (wood-frame),5164.0,825000.0,18.04,no,16605 W MERIVALE LANE,34.0535,-118.5441
25010-30000-05220,Pacific Palisades,90272,Brentwood - Pacific Palisades,no,Dwelling - Single Family,2025-11-04,2026-02-05,,Issued (under construction),Issued,2026-02-05,Type V-B Construction,Type V (wood-frame),4362.0,600000.0,30.75,yes,549 N MUSKINGUM PL,34.0433,-118.5377
25010-30000-05228,Pacific Palisades,90272,Brentwood - Pacific Palisades,no,Dwelling - Single Family,2025-11-04,2026-02-03,,Issued (under construction),Issued,2026-02-03,Type V-B Construction,Type V (wood-frame),4954.0,700000.0,30.0,yes,927 N CHAUTAUQUA BLVD,34.0471,-118.5168
25010-30000-05229,Pacific Palisades,90272,Brentwood - Pacific Palisades,yes,Dwelling - Single Family,2025-11-04,2026-04-08,,Issued (under construction),Issued,2026-04-08,Type V-B Construction,Type V (wood-frame),2547.0,435000.0,14.58,yes,572 N RADCLIFFE AVE,34.0403,-118.5307
25010-10000-04992,Pacific Palisades,90272,Brentwood - Pacific Palisades,no,Dwelling - Single Family,2025-11-05,2026-05-15,,Issued (under construction),Issued,2026-05-15,Type V-B Construction,Type V (wood-frame),7034.0,875000.0,27.92,yes,14681-14681 1/2 W ALBRIGHT ST,34.0496,-118.5191
25010-10000-05128,Pacific Palisades,90272,Brentwood - Pacific Palisades,no,Dwelling - Single Family,2025-11-05,2026-01-28,,Issued (under construction),Issued,2026-01-28,Type V-B Construction,Type V (wood-frame),2189.0,1000000.0,27.13,yes,870 N HARTZELL ST,34.0453,-118.5195
25010-10000-05136,Pacific Palisades,90272,Brentwood - Pacific Palisades,no,Dwelling - Single Family,2025-11-05,2026-01-09,,Issued (under construction),Issued,2026-01-09,Type V-B Construction,Type V (wood-frame),1256.0,900000.0,13.25,yes,1019 N HARTZELL ST,34.048,-118.5203
25010-10000-05159,Pacific Palisades,90272,Brentwood - Pacific Palisades,no,Dwelling - Single Family,2025-11-05,2026-01-08,,Issued (under construction),Issued,2026-01-08,Type V-B Construction,Type V (wood-frame),3970.0,434502.0,26.1,yes,411 N LOMBARD AVE,34.0369,-118.5272
25010-10000-05227,Pacific Palisades,90272,Brentwood - Pacific Palisades,yes,Dwelling - Single Family,2025-11-05,2026-01-16,,Issued (under construction),Issued,2026-01-16,Type V-B Construction,Type V (wood-frame),3335.0,500000.0,31.17,yes,571 N RADCLIFFE AVE,34.0404,-118.531
25010-10000-05357,Encino / Tarzana,91436,Encino - Tarzana,yes,Patio Cover,2025-11-05,2026-03-10,,In plan check,CofO in Progress,2026-09-08,Type V-B Construction,Type V (wood-frame),0.0,10000.0,9.83,no,16809 W OAK VIEW DR,34.1556,-118.4999
25010-10000-05490,Pacific Palisades,90272,Brentwood - Pacific Palisades,no,Accessory Living Quarters,2025-11-05,2026-05-15,,Issued (under construction),Issued,2026-05-15,Type V-B Construction,Type V (wood-frame),871.0,95000.0,21.02,no,14681 W ALBRIGHT ST,34.0496,-118.5191
25010-30000-05240,Pacific Palisades,90272,Brentwood - Pacific Palisades,no,Dwelling - Single Family,2025-11-05,2025-12-23,,Issued (under construction),Issued,2025-12-23,Type V-B Construction,Type V (wood-frame),3611.0,350000.0,27.42,yes,951 N FISKE ST,34.0468,-118.5222
25010-30000-05242,Pacific Palisades,90272,Brentwood - Pacific Palisades,no,Dwelling - Single Family,2025-11-05,2026-03-10,,Issued (under construction),Issued,2026-03-10,Type V-B Construction,Type V (wood-frame),3876.0,380000.0,27.42,yes,957-959 N FISKE ST,34.047,-118.5223
25010-30000-05243,Pacific Palisades,90272,Brentwood - Pacific Palisades,no,Garage - Private,2025-11-05,,,In plan check,PC Approved,2026-03-10,Type V-B Construction,Type V (wood-frame),0.0,50000.0,,no,959 N FISKE ST,34.047,-118.5222
25010-30000-05244,Pacific Palisades,90272,Brentwood - Pacific Palisades,no,Dwelling - Single Family,2025-11-05,2025-12-12,,Issued (under construction),Issued,2025-12-12,Type V-B Construction,Type V (wood-frame),5162.0,600000.0,28.0,yes,750 N TOYOPA DR,34.0421,-118.5206
17010-30001-03713,Bel Air / Beverly Crest,90210,Bel Air - Beverly Crest,yes,Garage - Private,2025-11-06,2026-06-04,,Issued (under construction),Issued,2026-06-04,Type V-B Construction,Type V (wood-frame),5011.0,501.0,25.0,no,2260 N GLOAMING WAY,34.1133,-118.4017
25010-10000-05049,Pacific Palisades,90272,Brentwood - Pacific Palisades,no,Dwelling - Single Family,2025-11-06,,,In plan check,Quality Review Completed,2025-11-18,Type V-B Construction,Type V (wood-frame),,800000.0,,yes,16710 W BOLLINGER DR,34.0475,-118.5446
25010-10000-05142,Pacific Palisades,90272,Brentwood - Pacific Palisades,yes,Dwelling - Single Family,2025-11-06,2026-02-17,,Issued (under construction),Issued,2026-02-17,Type V-A Construction,Type V (wood-frame),3357.0,1000000.0,29.8,yes,610 N LACHMAN LANE,34.0474,-118.547
25010-10000-05257,Encino / Tarzana,91436,Encino - Tarzana,no,Dwelling - Single Family,2025-11-06,2026-02-04,,Issued (under construction),Issued,2026-02-04,Type V-B Construction,Type V (wood-frame),5523.2,544000.0,27.7,no,5075 N GAVIOTA AVE,34.1618,-118.4817
25010-10000-05496,Encino / Tarzana,91436,Encino - Tarzana,no,Accessory Dwelling Unit,2025-11-06,2026-02-10,,Issued (under construction),Issued,2026-02-10,Type V-B Construction,Type V (wood-frame),716.0,73000.0,16.0,no,5073 N GAVIOTA AVE,34.1618,-118.4822
25010-20000-05275,Pacific Palisades,90272,Brentwood - Pacific Palisades,no,Accessory Dwelling Unit,2025-11-06,2026-06-24,,Issued (under construction),Issued,2026-06-24,Type V-B Construction,Type V (wood-frame),8104.0,920000.0,27.91,no,643-645 N OCAMPO DR,34.0398,-118.5205
26010-10000-04361,Pacific Palisades,90272,Brentwood - Pacific Palisades,no,,2025-11-06,,,In plan check,Quality Review Completed,2025-11-18,,Not stated,,,,yes,16710 W BOLLINGER DR,34.0475,-118.5446
25010-10000-04332,Pacific Palisades,90272,Brentwood - Pacific Palisades,yes,Dwelling - Single Family,2025-11-07,,,In plan check,Verifications in Progress,2026-04-07,Type V-B Construction,Type V (wood-frame),,200000.0,,no,601 N RADCLIFFE AVE,34.0411,-118.5307
25010-10000-04657,Pacific Palisades,90272,Brentwood - Pacific Palisades,no,Dwelling - Single Family,2025-11-07,2026-07-10,,Issued (under construction),Issued,2026-07-10,Type V-B Construction,Type V (wood-frame),4240.0,175000.0,33.0,yes,16766 W MARQUEZ AVE,34.0467,-118.5461
25010-10000-04988,Pacific Palisades,90272,Brentwood - Pacific Palisades,no,Dwelling - Single Family,2025-11-07,2026-04-07,,Issued (under construction),Issued,2026-04-07,Type V-B Construction,Type V (wood-frame),3276.0,577950.0,29.7,no,930 N GALLOWAY ST,34.0464,-118.5208
25010-10000-05117,Pacific Palisades,90272,Brentwood - Pacific Palisades,yes,Dwelling - Single Family,2025-11-07,2026-07-23,,Issued (under construction),Issued,2026-07-23,Type V-B Construction,Type V (wood-frame),2254.0,495800.0,27.72,yes,16654 W AKRON ST,34.0498,-118.5452
25010-10000-05267,Pacific Palisades,90272,Brentwood - Pacific Palisades,no,Accessory Dwelling Unit,2025-11-07,,,In plan check,Quality Review Completed,2025-12-01,,Not stated,,300000.0,,no,515 N VIA DE LA PAZ,34.0387,-118.5294
25010-10000-05268,Pacific Palisades,90272,Brentwood - Pacific Palisades,yes,Dwelling - Single Family,2025-11-07,2026-04-08,,Issued (under construction),Issued,2026-04-08,Type V-A Construction,Type V (wood-frame),4037.0,350000.0,17.16,yes,925 N ENCHANTED WAY,34.053,-118.5489
25010-10000-05534,Pacific Palisades,90272,Brentwood - Pacific Palisades,yes,Carport,2025-11-07,,,In plan check,Verifications in Progress,2026-04-07,Type V-B Construction,Type V (wood-frame),,40000.0,,no,601 N RADCLIFFE AVE,34.0411,-118.5307
25010-20000-05306,Encino / Tarzana,91316,Encino - Tarzana,no,Dwelling - Single Family,2025-11-07,2025-12-31,,Issued (under construction),Issued,2025-12-31,Type V-A Construction,Type V (wood-frame),2614.63,300000.0,27.42,no,17328-17330 W CALIFA ST,34.1781,-118.5109
25010-20000-05308,Brentwood,90049,Brentwood - Pacific Palisades,no,Dwelling - Single Family,2025-11-07,2026-05-07,,Issued (under construction),Issued,2026-05-07,Type V-B Construction,Type V (wood-frame),4402.0,450000.0,27.08,no,1005-1007 S BUNDY DR,34.0468,-118.4691
25010-30000-05302,Bel Air / Beverly Crest,90077,Bel Air - Beverly Crest,yes,Garage - Private,2025-11-07,,,In plan check,Verifications in Progress,2026-09-03,,Not stated,,70000.0,,no,1201 N STONE CANYON ROAD,34.0952,-118.4494
25010-10000-05161,Pacific Palisades,90272,Brentwood - Pacific Palisades,yes,Dwelling - Single Family,2025-11-10,2026-01-28,,Issued (under construction),Issued,2026-01-28,Type V-B Construction,Type V (wood-frame),2969.0,2000000.0,16.5,yes,349 N ARNO WAY,34.042,-118.5461
25010-10000-05297,Pacific Palisades,90272,Brentwood - Pacific Palisades,yes,Dwelling - Single Family,2025-11-10,2026-01-14,,Issued (under construction),Issued,2026-01-14,Type V-A Construction,Type V (wood-frame),3765.0,600000.0,26.16,yes,1822 W MICHAEL LANE,34.0781,-118.5596
25010-10000-05319,Pacific Palisades,90272,Brentwood - Pacific Palisades,yes,Dwelling - Single Family,2025-11-10,2026-02-27,,Issued (under construction),Issued,2026-02-27,Type V-B Construction,Type V (wood-frame),4137.0,850000.0,12.25,yes,1180 N LACHMAN LANE,34.057,-118.5464
25010-20000-05337,Pacific Palisades,90272,Brentwood - Pacific Palisades,yes,Dwelling - Single Family,2025-11-10,2026-01-30,,Issued (under construction),Issued,2026-01-30,Type V-B Construction,Type V (wood-frame),1993.0,250000.0,16.42,yes,17960 W TRAMONTO DR,34.0433,-118.5654
25010-20000-05342,Brentwood,90049,Brentwood - Pacific Palisades,no,Accessory Dwelling Unit,2025-11-10,2026-05-08,,Issued (under construction),Issued,2026-05-08,Type V-B Construction,Type V (wood-frame),3490.0,350000.0,24.83,no,12041-12045 W GOSHEN AVE,34.0459,-118.4676
25010-20000-05343,Brentwood,90049,Brentwood - Pacific Palisades,no,Accessory Dwelling Unit,2025-11-10,2026-05-08,,Issued (under construction),Issued,2026-05-08,Type V-B Construction,Type V (wood-frame),1989.0,150000.0,19.67,no,12041 1/4-1/2 W GOSHEN AVE,34.0459,-118.4676
25010-30000-05328,Pacific Palisades,90272,Brentwood - Pacific Palisades,no,Dwelling - Single Family,2025-11-10,2026-01-14,,Issued (under construction),Issued,2026-01-14,Type V-B Construction,Type V (wood-frame),2844.0,250000.0,24.33,yes,16942 W LIVORNO DR,34.043,-118.5481
25010-30000-05330,Pacific Palisades,90272,Brentwood - Pacific Palisades,no,Accessory Dwelling Unit,2025-11-10,2026-01-14,,Issued (under construction),Issued,2026-01-14,Type V-B Construction,Type V (wood-frame),1051.0,135000.0,21.58,no,16944 W LIVORNO DR,34.0429,-118.548
25010-30000-05338,Pacific Palisades,90272,Brentwood - Pacific Palisades,yes,Dwelling - Single Family,2025-11-10,2026-02-26,,Issued (under construction),Issued,2026-02-26,Type V-A Construction,Type V (wood-frame),2752.0,510000.0,35.04,yes,15313 W WHITFIELD AVE,34.0521,-118.5261
25010-30000-05344,Pacific Palisades,90272,Brentwood - Pacific Palisades,no,Dwelling - Single Family,2025-11-10,2026-01-26,,Issued (under construction),Issued,2026-01-26,Type V-B Construction,Type V (wood-frame),4279.0,650000.0,33.0,yes,361 N LAS CASAS AVE,34.0427,-118.5435
25010-10000-05284,Pacific Palisades,90272,Brentwood - Pacific Palisades,no,Dwelling - Single Family,2025-11-12,2026-04-27,,Issued (under construction),Issued,2026-04-27,Type V-B Construction,Type V (wood-frame),2319.0,400000.0,18.0,yes,1110 N FISKE ST,34.0494,-118.5225
25010-10000-05286,Pacific Palisades,90272,Brentwood - Pacific Palisades,no,Accessory Dwelling Unit,2025-11-12,,,In plan check,PC Info Complete,2026-03-06,Type V-B Construction,Type V (wood-frame),313.0,53000.0,13.83,no,1112 N FISKE ST,34.0495,-118.5223
25010-10000-05298,Pacific Palisades,90272,Brentwood - Pacific Palisades,yes,Dwelling - Single Family,2025-11-12,2026-01-15,,Issued (under construction),Issued,2026-01-15,Type V-B Construction,Type V (wood-frame),3241.0,3000000.0,27.5,yes,1838 W MICHAEL LANE,34.0777,-118.5595
25010-10000-05300,Pacific Palisades,90272,Brentwood - Pacific Palisades,yes,Dwelling - Single Family,2025-11-12,2026-08-06,,Issued (under construction),Issued,2026-08-06,Type V-B Construction,Type V (wood-frame),6276.0,2900000.0,43.83,yes,1204 N LAS PULGAS ROAD,34.0535,-118.5378
25010-10000-05316,Pacific Palisades,90272,Brentwood - Pacific Palisades,no,Dwelling - Single Family,2025-11-12,2026-05-20,,Issued (under construction),Issued,2026-05-20,Type V-B Construction,Type V (wood-frame),2562.0,1200000.0,21.83,yes,376 N ADERNO WAY,34.0426,-118.5442
25010-20000-05361,Pacific Palisades,90272,Brentwood - Pacific Palisades,no,Dwelling - Single Family,2025-11-12,2026-01-05,,Issued (under construction),Issued,2026-01-05,Type V-B Construction,Type V (wood-frame),3789.0,500000.0,25.42,yes,1037-1039 N HARTZELL ST,34.0486,-118.5207
25010-20000-05369,Pacific Palisades,90272,Brentwood - Pacific Palisades,yes,Dwelling - Single Family,2025-11-12,2026-01-12,,Issued (under construction),Issued,2026-01-12,Type V-B Construction,Type V (wood-frame),7670.44,1100000.0,27.83,yes,671 N ALMA REAL DR,34.0402,-118.5239
25010-20000-05370,Pacific Palisades,90272,Brentwood - Pacific Palisades,yes,Accessory Dwelling Unit,2025-11-12,2026-01-12,,Issued (under construction),Issued,2026-01-12,Type V-B Construction,Type V (wood-frame),2700.49,350000.0,26.33,no,673 N ALMA REAL DR,34.0403,-118.5241
25010-30000-05358,Pacific Palisades,90272,Brentwood - Pacific Palisades,no,Dwelling - Single Family,2025-11-12,2026-03-02,,Issued (under construction),Issued,2026-03-02,Type V-B Construction,Type V (wood-frame),6627.0,1500000.0,28.5,yes,863 N GALLOWAY ST,34.0449,-118.5207
25010-30000-05364,Pacific Palisades,90272,Brentwood - Pacific Palisades,no,Dwelling - Single Family,2025-11-12,2025-12-30,,Issued (under construction),Issued,2025-12-30,Type V-B Construction,Type V (wood-frame),3762.0,500000.0,28.5,yes,1024 N KAGAWA ST,34.0485,-118.5181
25010-30000-05365,Pacific Palisades,90272,Brentwood - Pacific Palisades,no,Accessory Dwelling Unit,2025-11-12,2025-12-30,,Issued (under construction),Issued,2025-12-30,Type V-A Construction,Type V (wood-frame),303.0,80000.0,13.67,yes,1026 N KAGAWA ST,34.0486,-118.518
25010-30000-05367,Pacific Palisades,90272,Brentwood - Pacific Palisades,no,Dwelling - Single Family,2025-11-12,2026-05-26,,Issued (under construction),Issued,2026-05-26,Type V-B Construction,Type V (wood-frame),4559.0,650000.0,27.92,yes,649 N LAS CASAS AVE,34.0474,-118.5422
25010-10000-05156,Pacific Palisades,90272,Brentwood - Pacific Palisades,no,Dwelling - Single Family,2025-11-13,2026-03-18,,Issued (under construction),Issued,2026-03-18,Type V-B Construction,Type V (wood-frame),3413.0,1000000.0,23.9,yes,947 N GALLOWAY ST,34.0468,-118.5211
25010-10000-05196,Pacific Palisades,90272,Brentwood - Pacific Palisades,no,Dwelling - Single Family,2025-11-13,2026-04-22,,Issued (under construction),Issued,2026-04-22,Type V-B Construction,Type V (wood-frame),2670.73,1200000.0,31.08,yes,954 N HARTZELL ST,34.0472,-118.5199
25010-10000-05226,Pacific Palisades,90272,Brentwood - Pacific Palisades,yes,Dwelling - Single Family,2025-11-13,2026-04-17,,Issued (under construction),Issued,2026-04-17,Type V-B Construction,Type V (wood-frame),2259.0,400000.0,19.08,yes,764 N JACON WAY,34.0508,-118.5466
25010-10000-05241,Pacific Palisades,90272,Brentwood - Pacific Palisades,yes,Dwelling - Single Family,2025-11-13,2026-02-19,,Issued (under construction),Issued,2026-02-19,Type V-B Construction,Type V (wood-frame),2844.0,750000.0,34.0,yes,14915 W WHITFIELD AVE,34.0521,-118.5223
25010-10000-05248,Pacific Palisades,90272,Brentwood - Pacific Palisades,yes,Dwelling - Single Family,2025-11-13,2026-05-11,,Issued (under construction),Issued,2026-05-11,Type V-B Construction,Type V (wood-frame),2138.3,400000.0,13.58,yes,1000 N LACHMAN LANE,34.0536,-118.5448
25010-10000-05312,Pacific Palisades,90272,Brentwood - Pacific Palisades,no,Dwelling - Single Family,2025-11-13,2026-02-27,,Issued (under construction),Issued,2026-02-27,Type V-B Construction,Type V (wood-frame),3318.0,510972.0,26.0,yes,1129 N KAGAWA ST,34.0504,-118.5188
25010-10000-05315,Pacific Palisades,90272,Brentwood - Pacific Palisades,no,Accessory Dwelling Unit,2025-11-13,,,In plan check,PC Info Complete,2026-03-15,Type V-B Construction,Type V (wood-frame),800.0,100000.0,15.67,no,1033 N GALLOWAY ST,34.0482,-118.5216
25010-10000-05393,Encino / Tarzana,91436,Encino - Tarzana,no,Dwelling - Single Family,2025-11-13,2026-02-28,,Issued (under construction),Issued,2026-02-28,Type V-B Construction,Type V (wood-frame),5711.05,450000.0,26.2,no,5000-5002 N ODESSA AVE,34.1612,-118.4909
25010-10000-05646,Pacific Palisades,90272,Brentwood - Pacific Palisades,yes,Accessory Dwelling Unit,2025-11-13,2026-05-11,,Issued (under construction),Issued,2026-05-11,Type V-B Construction,Type V (wood-frame),365.4,82400.0,23.75,yes,1004 N LACHMAN LANE,34.0535,-118.5447
25010-10000-05688,Encino / Tarzana,91436,Encino - Tarzana,no,Recreation Room,2025-11-13,2026-03-02,,Issued (under construction),Issued,2026-03-02,Type V-B Construction,Type V (wood-frame),199.0,30000.0,13.6,no,5000 N ODESSA AVE,34.1612,-118.4909
25010-30000-05388,Pacific Palisades,90272,Brentwood - Pacific Palisades,no,Dwelling - Single Family,2025-11-13,2026-01-27,,Issued (under construction),Issued,2026-01-27,Type V-B Construction,Type V (wood-frame),1613.0,175000.0,18.83,yes,554 N MOUNT HOLYOKE AVE,34.0395,-118.5298
25010-30000-05389,Pacific Palisades,90272,Brentwood - Pacific Palisades,no,Garage - Private,2025-11-13,2026-01-27,,Issued (under construction),Issued,2026-01-27,Type V-B Construction,Type V (wood-frame),417.0,45000.0,11.25,no,554 N MOUNT HOLYOKE AVE,34.0395,-118.5298
25010-10000-04768,Pacific Palisades,90272,Brentwood - Pacific Palisades,yes,Dwelling - Single Family,2025-11-14,2026-02-13,,Issued (under construction),Issued,2026-02-13,Type V-B Construction,Type V (wood-frame),2245.0,800000.0,16.9,yes,668 N ENCHANTED WAY,34.049,-118.5485
25010-10000-05225,Pacific Palisades,90272,Brentwood - Pacific Palisades,no,Dwelling - Single Family,2025-11-14,2026-05-20,,Issued (under construction),Issued,2026-05-20,Type V-B Construction,Type V (wood-frame),1497.0,500000.0,18.16,yes,300 N LOMBARD AVE,34.0358,-118.5278
25010-10000-05253,Pacific Palisades,90272,Brentwood - Pacific Palisades,no,Dwelling - Single Family,2025-11-14,2026-01-27,,Issued (under construction),Issued,2026-01-27,Type V-B Construction,Type V (wood-frame),2988.0,750000.0,30.82,yes,536 N EL MEDIO AVE,34.0429,-118.5344
25010-10000-05317,Pacific Palisades,90272,Brentwood - Pacific Palisades,no,Dwelling - Single Family,2025-11-14,2026-04-24,,Issued (under construction),Issued,2026-04-24,Type V-B Construction,Type V (wood-frame),4940.0,1300000.0,28.0,yes,16861 W LIVORNO DR -,34.0438,-118.5464
25010-10000-05414,Pacific Palisades,90272,Brentwood - Pacific Palisades,yes,Dwelling - Single Family,2025-11-14,2026-01-12,,Issued (under construction),Issued,2026-01-12,Type V-B Construction,Type V (wood-frame),4663.0,582875.0,28.0,yes,745 N ALMA REAL DR,34.042,-118.5232
25010-10000-05415,Pacific Palisades,90272,Brentwood - Pacific Palisades,no,Dwelling - Single Family,2025-11-14,2026-07-31,,Issued (under construction),Issued,2026-07-31,Type V-B Construction,Type V (wood-frame),3886.0,1300000.0,34.5,yes,1146 N GALLOWAY ST,34.0505,-118.5217
25010-10000-05741,Pacific Palisades,90272,Brentwood - Pacific Palisades,no,Accessory Dwelling Unit,2025-11-14,2026-01-28,,Issued (under construction),Issued,2026-01-28,Type V-B Construction,Type V (wood-frame),845.0,122400.0,25.0,no,534 N EL MEDIO AVE,34.0428,-118.5343
25010-20000-05421,Encino / Tarzana,91356,Encino - Tarzana,yes,Dwelling - Single Family,2025-11-14,2025-12-29,,Issued (under construction),Issued,2025-12-29,Type V-B Construction,Type V (wood-frame),799.0,85000.0,11.67,no,18843 W PASADERO DR,34.1487,-118.5442
25010-20000-05423,Pacific Palisades,90272,Brentwood - Pacific Palisades,yes,Dwelling - Single Family,2025-11-14,2026-04-03,,Issued (under construction),Issued,2026-04-03,Type V-B Construction,Type V (wood-frame),2342.0,300000.0,18.0,yes,848-850 N BIENVENEDA AVE,34.0502,-118.539
25010-30000-05420,Pacific Palisades,90272,Brentwood - Pacific Palisades,no,Dwelling - Single Family,2025-11-14,,,In plan check,PC Info Complete,2026-04-01,Type V-A Construction,Type V (wood-frame),3222.0,450000.0,27.76,yes,810-812 N HARTZELL ST,34.0437,-118.5192
25010-30000-05425,Pacific Palisades,90272,Brentwood - Pacific Palisades,yes,Dwelling - Single Family,2025-11-14,2026-06-26,,Issued (under construction),Issued,2026-06-26,Type V-B Construction,Type V (wood-frame),2894.0,450000.0,26.0,yes,683-683 1/2 N PALMERA AVE,34.0477,-118.5384
25010-30000-05434,Pacific Palisades,90272,Brentwood - Pacific Palisades,yes,Dwelling - Single Family,2025-11-14,2026-05-06,,Issued (under construction),Issued,2026-05-06,Type V-B Construction,Type V (wood-frame),4898.0,875000.0,24.33,yes,947-949 N BIENVENEDA AVE,34.0514,-118.5402
25010-30000-05443,Pacific Palisades,90272,Brentwood - Pacific Palisades,no,Accessory Dwelling Unit,2025-11-14,2026-05-26,,Issued (under construction),Issued,2026-05-26,Type V-B Construction,Type V (wood-frame),1177.0,150000.0,17.92,yes,651 N LAS CASAS AVE,34.0475,-118.5424
25010-30000-05445,Pacific Palisades,90272,Brentwood - Pacific Palisades,no,Dwelling - Single Family,2025-11-14,2026-02-03,,Issued (under construction),Issued,2026-02-03,Type V-A Construction,Type V (wood-frame),3530.0,1400000.0,29.5,yes,1150 N MONUMENT ST,34.0502,-118.5248
25010-30000-05446,Pacific Palisades,90272,Brentwood - Pacific Palisades,no,Accessory Dwelling Unit,2025-11-14,2026-02-03,,Issued (under construction),Issued,2026-02-03,Type V-A Construction,Type V (wood-frame),475.0,100000.0,14.67,yes,1152 N MONUMENT ST,34.0503,-118.5246
25014-10000-04853,Pacific Palisades,90272,Brentwood - Pacific Palisades,yes,Dwelling - Single Family,2025-11-14,,,In plan check,PC Info Complete,2026-08-10,Type V-B Construction,Type V (wood-frame),4206.0,800000.0,29.6,yes,15245 W DE PAUW ST,34.0378,-118.5253
26010-10000-00477,Pacific Palisades,90272,Brentwood - Pacific Palisades,yes,Garage - Private,2025-11-14,2026-03-11,,Issued (under construction),Issued,2026-03-11,Type V-B Construction,Type V (wood-frame),0.0,501.0,11.16,no,668 N ENCHANTED WAY,34.049,-118.5485
25010-10000-05197,Pacific Palisades,90272,Brentwood - Pacific Palisades,yes,Dwelling - Single Family,2025-11-17,2026-01-27,,Issued (under construction),Issued,2026-01-27,Type V-B Construction,Type V (wood-frame),3718.0,1200000.0,28.0,yes,16526 W LAS CASAS PL,34.05,-118.5419
25010-10000-05261,Pacific Palisades,90272,Brentwood - Pacific Palisades,no,Dwelling - Single Family,2025-11-17,2026-04-07,,Issued (under construction),Issued,2026-04-07,Type V-B Construction,Type V (wood-frame),3480.0,350000.0,30.42,yes,572 N LAS CASAS AVE,34.0459,-118.543
25010-10000-05318,Pacific Palisades,90272,Brentwood - Pacific Palisades,yes,Dwelling - Single Family,2025-11-17,2026-05-20,,Issued (under construction),Issued,2026-05-20,Type V-B Construction,Type V (wood-frame),7227.0,900000.0,35.75,yes,15263 W FRIENDS ST,34.0357,-118.5268
25010-10000-05349,Pacific Palisades,90272,Brentwood - Pacific Palisades,yes,Dwelling - Single Family,2025-11-17,2026-01-09,,Issued (under construction),Issued,2026-01-09,Type V-B Construction,Type V (wood-frame),4460.0,900000.0,30.66,yes,574 N VIA SANTA YNEZ,34.0469,-118.5479
25010-10000-05408,Pacific Palisades,90272,Brentwood - Pacific Palisades,no,Dwelling - Single Family,2025-11-17,2026-01-12,,Issued (under construction),Issued,2026-01-12,Type V-A Construction,Type V (wood-frame),2630.0,2200000.0,28.5,yes,524-526 N MUSKINGUM PL,34.0426,-118.538
25010-10000-05473,Pacific Palisades,90272,Brentwood - Pacific Palisades,no,Dwelling - Single Family,2025-11-17,2026-03-04,,Issued (under construction),Issued,2026-03-04,Type V-B Construction,Type V (wood-frame),5049.0,750000.0,28.0,yes,537 N SWARTHMORE AVE,34.0391,-118.5281
25010-10000-05582,Pacific Palisades,90272,Brentwood - Pacific Palisades,no,Accessory Dwelling Unit,2025-11-17,2026-04-03,,Issued (under construction),Issued,2026-04-03,Type V-B Construction,Type V (wood-frame),369.0,41000.0,14.17,no,570 N LAS CASAS AVE,34.046,-118.5428
25010-10000-05632,Bel Air / Beverly Crest,90077,Bel Air - Beverly Crest,yes,Accessory Living Quarters,2025-11-17,,,In plan check,Verifications in Progress,2026-04-20,Type V-A Construction,Type V (wood-frame),,130000.0,,no,978 N STRADELLA ROAD,34.0893,-118.4519
25010-10000-05633,Bel Air / Beverly Crest,90077,Bel Air - Beverly Crest,yes,Recreation Room,2025-11-17,,,In plan check,Verifications in Progress,2026-04-20,Type V-B Construction,Type V (wood-frame),57.0,10000.0,10.0,no,980 N STRADELLA ROAD,34.0893,-118.452
25010-10000-05634,Bel Air / Beverly Crest,90077,Bel Air - Beverly Crest,yes,,2025-11-17,,,In plan check,Verifications in Progress,2026-04-20,Type V-B Construction,Type V (wood-frame),146.0,50000.0,10.0,no,980 N STRADELLA ROAD,34.0893,-118.452
25010-30000-05474,Brentwood,90049,Brentwood - Pacific Palisades,yes,Carport,2025-11-17,,,In plan check,PC Info Complete,2026-03-12,Type V-B Construction,Type V (wood-frame),,3000.0,8.0,no,574 N CRESTLINE DR,34.0696,-118.4779
25010-30000-05475,Brentwood,90049,Brentwood - Pacific Palisades,yes,Carport,2025-11-17,,,In plan check,PC Info Complete,2026-03-12,Type V-B Construction,Type V (wood-frame),,5000.0,8.0,no,574 N CRESTLINE DR,34.0696,-118.4779
25010-30000-05477,Pacific Palisades,90272,Brentwood - Pacific Palisades,no,Dwelling - Single Family,2025-11-17,2026-05-11,,Issued (under construction),Issued,2026-05-11,Type V-B Construction,Type V (wood-frame),4169.0,500000.0,30.18,yes,900 N ILIFF ST,34.0461,-118.5186
25010-30000-05479,Pacific Palisades,90272,Brentwood - Pacific Palisades,no,Accessory Dwelling Unit,2025-11-17,2026-05-11,,Issued (under construction),Issued,2026-05-11,Type V-B Construction,Type V (wood-frame),511.0,80000.0,27.92,no,14651 W CAREY ST,34.0461,-118.5185
25014-10000-04051,Pacific Palisades,90272,Brentwood - Pacific Palisades,yes,Dwelling - Single Family,2025-11-17,2026-03-02,,Issued (under construction),Issued,2026-03-02,Type V-B Construction,Type V (wood-frame),3068.0,1200000.0,28.0,no,736 N EL MEDIO AVE,34.0466,-118.5332
25010-10000-04987,Pacific Palisades,90272,Brentwood - Pacific Palisades,no,Dwelling - Single Family,2025-11-18,2026-06-22,,Issued (under construction),Issued,2026-06-22,Type V-B Construction,Type V (wood-frame),3458.0,925000.0,27.25,yes,14744 W SUNSET BLVD,34.0417,-118.5192
25010-10000-05230,Pacific Palisades,90272,Brentwood - Pacific Palisades,yes,Dwelling - Single Family,2025-11-18,2026-03-17,,Issued (under construction),Issued,2026-03-17,Type V-B Construction,Type V (wood-frame),2717.0,800000.0,28.42,yes,14949 W MCKENDREE AVE,34.0528,-118.523
25010-10000-05313,Pacific Palisades,90272,Brentwood - Pacific Palisades,no,Dwelling - Single Family,2025-11-18,2026-04-13,,Issued (under construction),Issued,2026-04-13,Type V-B Construction,Type V (wood-frame),1728.0,600000.0,15.94,no,926 N FISKE ST,34.0462,-118.5218
25010-10000-05409,Pacific Palisades,90272,Brentwood - Pacific Palisades,no,Dwelling - Single Family,2025-11-18,2026-02-19,,Issued (under construction),Issued,2026-02-19,Type V-B Construction,Type V (wood-frame),1880.0,800000.0,16.0,yes,16808 W MARQUEZ AVE,34.0457,-118.5471
25010-10000-05438,Pacific Palisades,90272,Brentwood - Pacific Palisades,no,Dwelling - Single Family,2025-11-18,2026-02-12,,Issued (under construction),Issued,2026-02-12,Type V-B Construction,Type V (wood-frame),3198.0,1000000.0,28.0,yes,1035 N HARTZELL ST,34.0485,-118.5204
25010-10000-05470,Pacific Palisades,90272,Brentwood - Pacific Palisades,no,Dwelling - Single Family,2025-11-18,2026-05-11,,Issued (under construction),Issued,2026-05-11,Type V-B Construction,Type V (wood-frame),2861.0,623575.0,26.9,yes,16007 W MIAMI WAY,34.0449,-118.5365
25010-10000-05635,Pacific Palisades,90272,Brentwood - Pacific Palisades,no,Accessory Dwelling Unit,2025-11-18,2026-04-13,,Issued (under construction),Issued,2026-04-13,Type V-B Construction,Type V (wood-frame),340.0,75000.0,9.75,no,926 N FISKE ST,34.0462,-118.5218
25010-30000-05501,Pacific Palisades,90272,Brentwood - Pacific Palisades,yes,Accessory Dwelling Unit,2025-11-18,2026-07-28,,Issued (under construction),Issued,2026-07-28,Type V-B Construction,Type V (wood-frame),6261.87,750000.0,27.46,yes,1250 N VILLA WOODS DR,34.0521,-118.5149
25014-10000-05110,Pacific Palisades,90272,Brentwood - Pacific Palisades,yes,Dwelling - Single Family,2025-11-18,2026-03-04,,Issued (under construction),Issued,2026-03-04,Type V-B Construction,Type V (wood-frame),2124.0,700000.0,28.92,no,16537-16541 W SUNSET BLVD,34.0484,-118.5428
25010-10000-05191,Pacific Palisades,90272,Brentwood - Pacific Palisades,yes,Dwelling - Single Family,2025-11-19,2026-05-05,,Issued (under construction),Issued,2026-05-05,Type V-B Construction,Type V (wood-frame),3000.0,750000.0,13.67,yes,1186 N LACHMAN LANE,34.0572,-118.5462
25010-10000-05198,Pacific Palisades,90272,Brentwood - Pacific Palisades,no,Dwelling - Single Family,2025-11-19,2026-02-19,,Issued (under construction),Issued,2026-02-19,Type V-B Construction,Type V (wood-frame),2778.5,918000.0,25.83,yes,1051 N EMBURY ST,34.0484,-118.5236
25010-10000-05363,Pacific Palisades,90272,Brentwood - Pacific Palisades,no,,2025-11-19,,,In plan check,Quality Review Completed,2025-12-02,,Not stated,,1190000.0,,yes,319 N VIA DE LA PAZ,34.0365,-118.5299
25010-20000-05522,Pacific Palisades,90272,Brentwood - Pacific Palisades,no,Dwelling - Single Family,2025-11-19,2026-02-02,,Issued (under construction),Issued,2026-02-02,Type V-B Construction,Type V (wood-frame),4443.0,467000.0,27.83,yes,837 N ILIFF ST,34.0446,-118.5186
25010-20000-05528,Brentwood,90049,Brentwood - Pacific Palisades,no,Recreation Room,2025-11-19,2026-03-03,,Issued (under construction),Issued,2026-03-03,Type V-B Construction,Type V (wood-frame),192.0,20000.0,13.0,no,660 S GRETNA GREEN WAY,34.0524,-118.4757
25010-20000-05530,Pacific Palisades,90272,Brentwood - Pacific Palisades,no,Dwelling - Single Family,2025-11-19,2026-01-21,,Issued (under construction),Issued,2026-01-21,Type V-B Construction,Type V (wood-frame),8431.0,1100000.0,28.0,yes,530 N CHAPALA DR,34.0384,-118.5209
25010-30000-05523,Pacific Palisades,90272,Brentwood - Pacific Palisades,no,Dwelling - Single Family,2025-11-19,2026-01-14,,Issued (under construction),Issued,2026-01-14,Type V-B Construction,Type V (wood-frame),2571.0,280000.0,26.41,yes,16900 W LIVORNO DR,34.0434,-118.5468
25010-30000-05524,Pacific Palisades,90272,Brentwood - Pacific Palisades,no,Accessory Dwelling Unit,2025-11-19,2026-01-14,,Issued (under construction),Issued,2026-01-14,Type V-B Construction,Type V (wood-frame),1192.0,120000.0,25.0,no,497 N SALERNO DR,34.0434,-118.5467
25010-30000-05525,Pacific Palisades,90272,Brentwood - Pacific Palisades,yes,Accessory Dwelling Unit,2025-11-19,2026-05-29,,Issued (under construction),Issued,2026-05-29,Type V-B Construction,Type V (wood-frame),1104.0,250000.0,27.0,yes,640 N HAVERFORD AVE,34.042,-118.5296
25010-30000-05531,Pacific Palisades,90272,Brentwood - Pacific Palisades,no,Garage - Private,2025-11-19,2026-01-26,,Issued (under construction),Issued,2026-01-26,Type V-B Construction,Type V (wood-frame),326.0,80000.0,15.33,no,608 N EL MEDIO AVE,34.0436,-118.5342
25010-30000-05532,Pacific Palisades,90272,Brentwood - Pacific Palisades,no,Dwelling - Single Family,2025-11-19,2026-03-02,,Issued (under construction),Issued,2026-03-02,Type V-B Construction,Type V (wood-frame),3136.0,1550000.0,30.0,yes,339 N SWARTHMORE AVE,34.0367,-118.5287
25016-10000-31156,Pacific Palisades,90272,Brentwood - Pacific Palisades,no,Dwelling - Single Family,2025-11-19,2026-02-13,,Issued (under construction),Issued,2026-02-13,Type V-B Construction,Type V (wood-frame),2724.0,1500000.0,27.25,yes,600 N RADCLIFFE AVE,34.0413,-118.5305
25010-10000-05495,Pacific Palisades,90272,Brentwood - Pacific Palisades,yes,Dwelling - Single Family,2025-11-20,2026-05-11,,Issued (under construction),Issued,2026-05-11,Type V-B Construction,Type V (wood-frame),4624.0,1000000.0,26.25,yes,432 N PUERTO DEL MAR,34.0409,-118.5394
25010-30000-05538,Pacific Palisades,90272,Brentwood - Pacific Palisades,yes,Garage - Private,2025-11-20,2026-01-14,,Issued (under construction),Issued,2026-01-14,Type V-B Construction,Type V (wood-frame),399.0,30000.0,10.0,no,857 N CHATTANOOGA AVE,34.0492,-118.5435
25010-30000-05548,Pacific Palisades,90272,Brentwood - Pacific Palisades,no,Dwelling - Single Family,2025-11-20,2026-03-02,,Issued (under construction),Issued,2026-03-02,Type V-B Construction,Type V (wood-frame),3891.0,500000.0,28.83,yes,512-514 N SWARTHMORE AVE,34.0383,-118.528
25014-10000-05091,Pacific Palisades,90272,Brentwood - Pacific Palisades,yes,Dwelling - Single Family,2025-11-20,2026-07-15,,Issued (under construction),Issued,2026-07-15,Type V-B Construction,Type V (wood-frame),3307.0,1500000.0,30.5,yes,657 N LAS LOMAS AVE,34.0476,-118.5393
25010-30000-05587,Pacific Palisades,90272,Brentwood - Pacific Palisades,yes,Dwelling - Single Family,2025-11-21,2026-01-27,,Issued (under construction),Issued,2026-01-27,Type V-B Construction,Type V (wood-frame),3293.0,700000.0,25.25,yes,501 N MOUNT HOLYOKE AVE,34.0386,-118.5313
25010-30000-05589,Pacific Palisades,90272,Brentwood - Pacific Palisades,yes,Dwelling - Single Family,2025-11-21,2026-04-09,,Issued (under construction),Issued,2026-04-09,Type V-B Construction,Type V (wood-frame),4843.0,728400.0,34.0,yes,15201 W BESTOR BLVD,34.0513,-118.525
25010-10000-05052,Pacific Palisades,90272,Brentwood - Pacific Palisades,no,Dwelling - Single Family,2025-11-24,,,In plan check,Quality Review Completed,2025-12-11,Type V-B Construction,Type V (wood-frame),,920000.0,28.0,no,17064 W LIVORNO DR,34.0417,-118.5506
25010-10000-05124,Pacific Palisades,90272,Brentwood - Pacific Palisades,yes,Dwelling - Single Family,2025-11-24,2026-04-06,,Issued (under construction),Issued,2026-04-06,Type V-B Construction,Type V (wood-frame),3610.0,800000.0,28.0,yes,755 N LACHMAN LANE,34.0498,-118.5459
25010-10000-05430,Pacific Palisades,90272,Brentwood - Pacific Palisades,yes,Dwelling - Single Family,2025-11-24,2026-05-04,,Issued (under construction),Issued,2026-05-04,Type V-B Construction,Type V (wood-frame),1076.0,1120000.0,20.6,yes,537 N BIENVENEDA AVE,34.0453,-118.5406
25010-10000-05536,Pacific Palisades,90272,Brentwood - Pacific Palisades,no,Dwelling - Single Family,2025-11-24,2025-12-22,,Issued (under construction),Issued,2025-12-22,Type V-B Construction,Type V (wood-frame),3565.0,550000.0,25.5,yes,14811 W DRUMMOND ST,34.0434,-118.5197
25010-10000-05558,Pacific Palisades,90272,Brentwood - Pacific Palisades,yes,Dwelling - Single Family,2025-11-24,2026-01-27,,Issued (under construction),Issued,2026-01-27,Type V-B Construction,Type V (wood-frame),3906.0,750000.0,32.75,yes,17840 W LECCO LANE,34.0417,-118.5641
25010-10000-05584,Pacific Palisades,90272,Brentwood - Pacific Palisades,yes,Dwelling - Single Family,2025-11-24,2026-07-29,,Issued (under construction),Issued,2026-07-29,Type V-B Construction,Type V (wood-frame),2435.0,35000.0,18.25,no,575 N MOUNT HOLYOKE AVE,34.0401,-118.5299
25010-10000-05774,Pacific Palisades,90272,Brentwood - Pacific Palisades,yes,,2025-11-24,,,In plan check,PC Approved,2026-03-04,,Not stated,,25000.0,,no,575 N MOUNT HOLYOKE AVE,34.0401,-118.5299
25010-30000-05615,Pacific Palisades,90272,Brentwood - Pacific Palisades,no,Dwelling - Single Family,2025-11-24,2026-02-02,,Issued (under construction),Issued,2026-02-02,Type V-B Construction,Type V (wood-frame),3335.0,500000.0,26.4,yes,622 N EL MEDIO AVE,34.0438,-118.5339
25010-30000-05616,Pacific Palisades,90272,Brentwood - Pacific Palisades,no,Accessory Dwelling Unit,2025-11-24,2026-02-02,,Issued (under construction),Issued,2026-02-02,Type V-B Construction,Type V (wood-frame),1027.0,150000.0,26.25,no,620 N EL MEDIO AVE,34.0439,-118.534
25010-30000-05617,Pacific Palisades,90272,Brentwood - Pacific Palisades,no,Dwelling - Single Family,2025-11-24,2026-03-19,,Issued (under construction),Issued,2026-03-19,Type V-B Construction,Type V (wood-frame),5400.0,880000.0,31.25,yes,831 N CHAUTAUQUA BLVD,34.0446,-118.5175
25010-30000-05630,Pacific Palisades,90272,Brentwood - Pacific Palisades,no,Dwelling - Single Family,2025-11-24,2026-01-29,,Issued (under construction),Issued,2026-01-29,Type V-B Construction,Type V (wood-frame),2387.0,300000.0,27.75,yes,1131 N GALLOWAY ST,34.0501,-118.5218
25010-30000-05631,Pacific Palisades,90272,Brentwood - Pacific Palisades,yes,Dwelling - Single Family,2025-11-24,2026-01-21,,Issued (under construction),Issued,2026-01-21,Type V-B Construction,Type V (wood-frame),6015.0,500000.0,35.42,yes,1116 N CUMBRE ALTA CT,34.0679,-118.5546
25014-30000-05213,Pacific Palisades,90272,Brentwood - Pacific Palisades,yes,Dwelling - Single Family,2025-11-24,,,In plan check,PC Info Complete,2026-01-23,Type V-B Construction,Type V (wood-frame),8460.0,2000000.0,36.84,yes,767 N PASEO MIRAMAR,34.0488,-118.5572
25010-10000-05350,Pacific Palisades,90272,Brentwood - Pacific Palisades,no,Dwelling - Single Family,2025-11-25,2026-03-31,,Issued (under construction),Issued,2026-03-31,Type V-B Construction,Type V (wood-frame),5482.0,430000.0,32.2,yes,1101 N HARTZELL ST,34.0495,-118.5207
25010-10000-05351,Pacific Palisades,90272,Brentwood - Pacific Palisades,no,Dwelling - Single Family,2025-11-25,2026-03-16,,Issued (under construction),Issued,2026-03-16,Type V-B Construction,Type V (wood-frame),1594.0,217693.0,16.5,yes,1043 N EMBURY ST,34.0482,-118.5235
25010-10000-05574,Pacific Palisades,90272,Brentwood - Pacific Palisades,yes,Dwelling - Single Family,2025-11-25,2026-04-21,,Issued (under construction),Issued,2026-04-21,Type V-B Construction,Type V (wood-frame),1947.0,225000.0,19.5,yes,842 N BIENVENEDA AVE,34.05,-118.5391
25010-10000-05576,Pacific Palisades,90272,Brentwood - Pacific Palisades,yes,Dwelling - Single Family,2025-11-25,2026-01-30,,Issued (under construction),Issued,2026-01-30,Type V-B Construction,Type V (wood-frame),1705.0,225000.0,18.0,yes,820 N BIENVENEDA AVE,34.0494,-118.5393
25010-10000-05640,Pacific Palisades,90272,Brentwood - Pacific Palisades,yes,Dwelling - Single Family,2025-11-25,2026-03-23,,Issued (under construction),Issued,2026-03-23,Type V-B Construction,Type V (wood-frame),2265.65,452900.0,26.4,no,722-724 N HAVERFORD AVE,34.0436,-118.5289
25010-20000-05650,Pacific Palisades,90272,Brentwood - Pacific Palisades,yes,Dwelling - Single Family,2025-11-25,2026-01-22,,Issued (under construction),Issued,2026-01-22,Type V-B Construction,Type V (wood-frame),4497.0,618000.0,29.66,yes,791 N RADCLIFFE AVE,34.0453,-118.5302
25010-20000-05651,Pacific Palisades,90272,Brentwood - Pacific Palisades,yes,Accessory Dwelling Unit,2025-11-25,2026-01-22,,Issued (under construction),Issued,2026-01-22,Type V-B Construction,Type V (wood-frame),796.0,120000.0,15.16,no,793 N RADCLIFFE AVE,34.0454,-118.5305
25010-20000-05653,Pacific Palisades,90272,Brentwood - Pacific Palisades,no,Dwelling - Single Family,2025-11-25,2026-01-15,,Issued (under construction),Issued,2026-01-15,Type V-B Construction,Type V (wood-frame),3506.0,390000.0,29.92,yes,1151 N EMBURY ST,34.0503,-118.524
25010-20000-05654,Pacific Palisades,90272,Brentwood - Pacific Palisades,no,Accessory Dwelling Unit,2025-11-25,2026-01-15,,Issued (under construction),Issued,2026-01-15,Type V-B Construction,Type V (wood-frame),312.0,40000.0,13.08,yes,1153 N EMBURY ST,34.0503,-118.5242
25010-20000-05674,Encino / Tarzana,91436,Encino - Tarzana,no,Dwelling - Single Family,2025-11-25,2026-04-23,,Issued (under construction),Issued,2026-04-23,Type V-B Construction,Type V (wood-frame),6587.35,720000.0,37.37,no,4369 N FIRMAMENT AVE,34.1505,-118.4724
25010-20000-06627,Pacific Palisades,90272,Brentwood - Pacific Palisades,yes,Recreation Room,2025-11-25,2026-02-04,,Issued (under construction),Issued,2026-02-04,Type V-B Construction,Type V (wood-frame),199.0,25000.0,14.33,no,791 N RADCLIFFE AVE,34.0453,-118.5302
25010-20000-06628,Pacific Palisades,90272,Brentwood - Pacific Palisades,yes,Accessory Living Quarters,2025-11-25,2026-02-04,,Issued (under construction),Issued,2026-02-04,Type V-B Construction,Type V (wood-frame),199.0,25000.0,14.33,no,791 N RADCLIFFE AVE,34.0453,-118.5302
25010-10000-05539,Pacific Palisades,90272,Brentwood - Pacific Palisades,yes,Dwelling - Single Family,2025-11-26,2026-05-06,,Issued (under construction),Issued,2026-05-06,Type V-B Construction,Type V (wood-frame),3354.0,342693.0,23.75,yes,812 N JACON WAY,34.0513,-118.5467
25010-10000-05675,Pacific Palisades,90272,Brentwood - Pacific Palisades,yes,Dwelling - Single Family,2025-11-26,2026-03-09,,Issued (under construction),Issued,2026-03-09,Type V-B Construction,Type V (wood-frame),8694.0,3000000.0,35.0,yes,1189 N CUMBRE ALTA CT,34.07,-118.5542
25010-10000-05676,Pacific Palisades,90272,Brentwood - Pacific Palisades,no,Dwelling - Single Family,2025-11-26,2026-02-05,,Issued (under construction),Issued,2026-02-05,Type V-B Construction,Type V (wood-frame),3535.0,1050000.0,27.0,yes,553 N MUSKINGUM PL,34.0434,-118.5375
25010-10000-05697,Encino / Tarzana,91436,Encino - Tarzana,yes,Dwelling - Single Family,2025-11-26,2026-07-06,,Issued (under construction),Issued,2026-07-06,Type V-B Construction,Type V (wood-frame),10985.0,1500000.0,29.83,no,3864 N KIM LANE,34.141,-118.5002
25010-20000-05685,Pacific Palisades,90272,Brentwood - Pacific Palisades,yes,Dwelling - Single Family,2025-11-26,2026-05-05,,Issued (under construction),Issued,2026-05-05,Type V-B Construction,Type V (wood-frame),3900.0,800000.0,28.0,no,16127 W ALCIMA AVE,34.0506,-118.5357
25010-30000-05682,Pacific Palisades,90272,Brentwood - Pacific Palisades,yes,Dwelling - Single Family,2025-11-26,2026-07-10,,Issued (under construction),Issued,2026-07-10,Type V-B Construction,Type V (wood-frame),3257.0,600000.0,12.58,yes,1317 N EL HITO CIR,34.0595,-118.5427
25010-10000-05402,Pacific Palisades,90272,Brentwood - Pacific Palisades,yes,Dwelling - Single Family,2025-12-01,2026-03-02,,Issued (under construction),Issued,2026-03-02,Type V-B Construction,Type V (wood-frame),2075.5,350000.0,16.9,no,16339 W AKRON ST,34.0501,-118.5398
25010-10000-05599,Pacific Palisades,90272,Brentwood - Pacific Palisades,yes,Dwelling - Single Family,2025-12-01,2026-02-23,,Issued (under construction),Issued,2026-02-23,Type V-B Construction,Type V (wood-frame),3712.74,850000.0,26.71,no,708 N JACON WAY,34.0493,-118.5469
25010-10000-05613,Pacific Palisades,90272,Brentwood - Pacific Palisades,yes,Dwelling - Single Family,2025-12-01,2026-06-05,,Issued (under construction),Issued,2026-06-05,Type V-B Construction,Type V (wood-frame),1943.0,500000.0,23.5,yes,683 N HAMPDEN PL,34.0423,-118.5266
25010-10000-05673,Pacific Palisades,90272,Brentwood - Pacific Palisades,no,Dwelling - Single Family,2025-12-01,2026-03-31,,Issued (under construction),Issued,2026-03-31,Type V-B Construction,Type V (wood-frame),4121.63,750000.0,33.0,yes,501-501 1/2 N ALMAR AVE,34.0422,-118.5375
25010-10000-05704,Brentwood,90049,Brentwood - Pacific Palisades,no,Accessory Dwelling Unit,2025-12-01,2026-04-18,,Issued (under construction),Issued,2026-04-18,Type V-B Construction,Type V (wood-frame),800.0,90000.0,20.0,no,12115 W DUNOON LANE,34.0537,-118.476
25010-10000-05744,Encino / Tarzana,91316,Reseda - West Van Nuys,no,Accessory Dwelling Unit,2025-12-01,2026-04-24,,Issued (under construction),Issued,2026-04-24,Type V-B Construction,Type V (wood-frame),1200.0,175000.0,14.58,no,6236 N ENFIELD AVE,34.1832,-118.5236
25010-20000-05724,Encino / Tarzana,91436,Encino - Tarzana,yes,Accessory Living Quarters,2025-12-01,,,In plan check,Verifications in Progress,2026-07-21,Type V-B Construction,Type V (wood-frame),1686.0,151900.0,28.17,no,4463 N WOODLEY AVE,34.1526,-118.4841
25010-20000-05725,Encino / Tarzana,91436,Encino - Tarzana,yes,Recreation Room,2025-12-01,,,In plan check,Verifications in Progress,2026-07-21,Type V-B Construction,Type V (wood-frame),959.0,107700.0,19.17,no,4463 N WOODLEY AVE,34.1526,-118.4841
25010-30000-05734,Brentwood,90049,Brentwood - Pacific Palisades,no,Garage - Private,2025-12-01,2026-03-04,,Issued (under construction),Issued,2026-03-04,Type V-B Construction,Type V (wood-frame),,125000.0,11.0,no,12815 W SUNSET BLVD,34.0565,-118.4895
25010-30000-05736,Pacific Palisades,90272,Brentwood - Pacific Palisades,no,Dwelling - Single Family,2025-12-01,2026-04-08,,Issued (under construction),Issued,2026-04-08,Type V-B Construction,Type V (wood-frame),1222.0,175000.0,16.34,yes,925 N EMBURY ST,34.046,-118.5231
25010-30000-05737,Pacific Palisades,90272,Brentwood - Pacific Palisades,no,Garage - Private,2025-12-01,2026-04-08,,Issued (under construction),Issued,2026-04-08,Type V-B Construction,Type V (wood-frame),318.0,30000.0,11.78,yes,925 N EMBURY ST,34.046,-118.5231
25010-30000-05738,Pacific Palisades,90272,Brentwood - Pacific Palisades,no,Dwelling - Single Family,2025-12-01,2026-02-04,,Issued (under construction),Issued,2026-02-04,Type V-B Construction,Type V (wood-frame),5224.0,550000.0,24.33,yes,725 N SWARTHMORE AVE,34.0433,-118.527
25010-30000-05740,Pacific Palisades,90272,Brentwood - Pacific Palisades,yes,Accessory Living Quarters,2025-12-01,,,In plan check,PC Info Complete,2026-09-11,Type V-B Construction,Type V (wood-frame),372.0,68448.0,14.0,yes,1001 N RIVAS CANYON ROAD,34.0486,-118.5154
25010-10000-05292,Pacific Palisades,90272,Brentwood - Pacific Palisades,no,Dwelling - Single Family,2025-12-02,2026-03-10,,Issued (under construction),Issued,2026-03-10,Type V-B Construction,Type V (wood-frame),4877.0,550000.0,27.58,yes,1041 N ILIFF ST,34.0488,-118.5195
25010-10000-05868,Encino / Tarzana,91356,Encino - Tarzana,yes,Recreation Room,2025-12-02,2026-03-24,,Issued (under construction),Issued,2026-03-24,Type V-B Construction,Type V (wood-frame),200.0,40000.0,13.5,no,5448 N BOTHWELL ROAD,34.1698,-118.561
25010-20000-05753,Encino / Tarzana,91436,Encino - Tarzana,no,Dwelling - Single Family,2025-12-02,2026-02-23,,Issued (under construction),Issued,2026-02-23,Type V-B Construction,Type V (wood-frame),4354.14,540000.0,27.83,no,16680-16682 W LA MAIDA ST,34.1612,-118.4966
25010-20000-05769,Pacific Palisades,90272,Brentwood - Pacific Palisades,no,Dwelling - Single Family,2025-12-02,2026-02-10,,Issued (under construction),Issued,2026-02-10,Type V-B Construction,Type V (wood-frame),4300.0,420000.0,28.04,no,15879 W SEABEC CIR,34.041,-118.535
25010-30000-05750,Pacific Palisades,90272,Brentwood - Pacific Palisades,no,Dwelling - Single Family,2025-12-02,2026-01-16,,Issued (under construction),Issued,2026-01-16,Type V-B Construction,Type V (wood-frame),3240.0,400000.0,28.0,yes,934 N EMBURY ST,34.0462,-118.5228
25010-30000-05766,Pacific Palisades,90272,Brentwood - Pacific Palisades,no,Dwelling - Single Family,2025-12-02,2026-02-06,,Issued (under construction),Issued,2026-02-06,Type V-B Construction,Type V (wood-frame),4232.0,500000.0,34.83,no,16739 W BOLLINGER DR,34.0464,-118.5447
25010-30001-04740,Pacific Palisades,90272,Brentwood - Pacific Palisades,yes,,2025-12-02,,,In plan check,Quality Review Completed,2025-12-10,,Not stated,,130000.0,,no,1236 N LAS PULGAS ROAD,34.0538,-118.5377
25010-10000-05677,Pacific Palisades,90272,Brentwood - Pacific Palisades,yes,Dwelling - Single Family,2025-12-03,2026-04-17,,Issued (under construction),Issued,2026-04-17,Type V-B Construction,Type V (wood-frame),4272.0,962346.0,29.5,yes,17121 W AVENIDA DE LA HERRADURA,34.0769,-118.5588
25010-10000-05710,Pacific Palisades,90272,Brentwood - Pacific Palisades,yes,Dwelling - Single Family,2025-12-03,2026-02-19,,Issued (under construction),Issued,2026-02-19,Type V-B Construction,Type V (wood-frame),2756.0,750000.0,24.0,yes,1169 N VIA DE LA PAZ,34.051,-118.5263
25010-10000-05762,Encino / Tarzana,91316,Encino - Tarzana,no,Dwelling - Single Family,2025-12-03,2026-07-23,,Issued (under construction),Issued,2026-07-23,Type V-B Construction,Type V (wood-frame),800.0,125000.0,20.66,no,4925 N LOUISE AVE,34.1593,-118.5103
25010-10000-05853,Pacific Palisades,90272,Brentwood - Pacific Palisades,yes,Garage - Private,2025-12-03,2026-02-20,,Issued (under construction),Issued,2026-02-20,Type V-B Construction,Type V (wood-frame),0.0,40000.0,11.0,no,1169 N VIA DE LA PAZ,34.051,-118.5263
25010-30001-05213,Pacific Palisades,90272,Brentwood - Pacific Palisades,no,,2025-12-03,,,In plan check,Quality Review Completed,2025-12-12,,Not stated,,501.0,,yes,1166 N GALLOWAY ST,34.051,-118.5218
25014-10000-05227,Pacific Palisades,90272,Brentwood - Pacific Palisades,yes,Dwelling - Single Family,2025-12-03,2026-03-02,,Issued (under construction),Issued,2026-03-02,Type V-B Construction,Type V (wood-frame),4740.0,2000000.0,36.0,yes,667 N LACHMAN LANE,34.0488,-118.5463
25010-10000-05662,Pacific Palisades,90272,Brentwood - Pacific Palisades,no,Accessory Dwelling Unit,2025-12-04,2026-04-21,,Issued (under construction),Issued,2026-04-21,Type V-B Construction,Type V (wood-frame),525.0,102800.0,14.5,yes,424 N MOUNT HOLYOKE AVE,34.0381,-118.5312
25010-10000-05708,Pacific Palisades,90272,Brentwood - Pacific Palisades,no,Dwelling - Single Family,2025-12-04,2026-06-15,,Issued (under construction),Issued,2026-06-15,Type V-B Construction,Type V (wood-frame),2903.0,500000.0,28.0,yes,16139 W NORTHFIELD ST,34.0481,-118.5379
25010-30000-05804,Pacific Palisades,90272,Brentwood - Pacific Palisades,yes,Dwelling - Single Family,2025-12-04,,,In plan check,PC Info Complete,2026-01-12,Type V-B Construction,Type V (wood-frame),4654.0,700000.0,30.0,yes,755 N ALMA REAL DR,34.0421,-118.5232
25010-30000-05805,Pacific Palisades,90272,Brentwood - Pacific Palisades,yes,Recreation Room,2025-12-04,,,In plan check,PC Info Complete,2026-01-12,Type V-B Construction,Type V (wood-frame),200.0,25000.0,14.5,no,755 N ALMA REAL DR,34.0421,-118.5232
25010-30000-05811,Pacific Palisades,90272,Brentwood - Pacific Palisades,yes,Accessory Dwelling Unit,2025-12-04,2026-04-30,,Issued (under construction),Issued,2026-04-30,Type V-B Construction,Type V (wood-frame),1389.0,180000.0,35.58,no,1560 N CASALE ROAD,34.0609,-118.5049
25010-30000-05815,Pacific Palisades,90272,Brentwood - Pacific Palisades,yes,Dwelling - Single Family,2025-12-04,2026-05-08,,Issued (under construction),Issued,2026-05-08,Type V-B Construction,Type V (wood-frame),4318.0,150000.0,21.5,yes,1020 N LAS LOMAS AVE,34.0526,-118.5356
25010-30000-05819,Pacific Palisades,90272,Brentwood - Pacific Palisades,yes,Accessory Living Quarters,2025-12-04,2026-07-22,,Issued (under construction),Issued,2026-07-22,Type V-B Construction,Type V (wood-frame),1523.0,170000.0,16.5,yes,933 N BIENVENEDA AVE,34.0514,-118.5397
25010-30000-05822,Pacific Palisades,90272,Brentwood - Pacific Palisades,yes,Dwelling - Single Family,2025-12-04,,,In plan check,PC Info Complete,2026-08-26,Type V-B Construction,Type V (wood-frame),4389.0,800000.0,27.0,yes,871 N OREO PL,34.0501,-118.5384
20010-20001-03578,Pacific Palisades,90272,Brentwood - Pacific Palisades,no,,2025-12-05,,,In plan check,Quality Review Completed,2025-12-15,,Not stated,,0.0,,no,13525 W LUCCA DR,34.0563,-118.4996
25010-10000-05025,Pacific Palisades,90272,Brentwood - Pacific Palisades,no,Dwelling - Single Family,2025-12-05,2026-03-20,,Issued (under construction),Issued,2026-03-20,Type V-A Construction,Type V (wood-frame),4042.0,1750000.0,22.0,yes,1151 N FISKE ST,34.0505,-118.523
25010-10000-05561,Pacific Palisades,90272,Brentwood - Pacific Palisades,no,Dwelling - Single Family,2025-12-05,2026-03-10,,Issued (under construction),Issued,2026-03-10,Type V-B Construction,Type V (wood-frame),1766.0,1000000.0,23.25,yes,17041 W LIVORNO DR,34.0422,-118.55
25010-10000-05830,Pacific Palisades,90272,Brentwood - Pacific Palisades,no,Dwelling - Single Family,2025-12-05,,,In plan check,PC Info Complete,2026-04-17,Type V-B Construction,Type V (wood-frame),3270.0,384000.0,24.0,yes,954 N GALLOWAY ST,34.0471,-118.5209
25010-20000-05799,Pacific Palisades,90272,Brentwood - Pacific Palisades,yes,Dwelling - Single Family,2025-12-05,2026-02-06,,Issued (under construction),Issued,2026-02-06,Type V-B Construction,Type V (wood-frame),3496.0,650000.0,27.5,yes,1805 W MICHAEL LANE,34.0786,-118.5597
25010-30000-05829,Pacific Palisades,90272,Brentwood - Pacific Palisades,yes,Dwelling - Single Family,2025-12-05,2026-02-13,,Issued (under construction),Issued,2026-02-13,Type V-B Construction,Type V (wood-frame),4738.1,445000.0,39.25,yes,16771-16773 W MONTE HERMOSO DR,34.069,-118.5532
25010-30000-05838,Pacific Palisades,90272,Brentwood - Pacific Palisades,yes,Dwelling - Single Family,2025-12-05,2026-05-11,,Issued (under construction),Issued,2026-05-11,Type V-B Construction,Type V (wood-frame),2345.64,286000.0,13.16,yes,1240 N CHAUTAUQUA BLVD,34.0525,-118.5188
25010-10000-05707,Pacific Palisades,90272,Brentwood - Pacific Palisades,no,Dwelling - Single Family,2025-12-08,2026-02-27,,Issued (under construction),Issued,2026-02-27,Type V-A Construction,Type V (wood-frame),3403.0,1000000.0,24.17,yes,15226 W FRIENDS ST,34.0344,-118.5269
25010-10000-05761,Pacific Palisades,90272,Brentwood - Pacific Palisades,yes,Dwelling - Single Family,2025-12-08,2026-05-13,,Issued (under construction),Issued,2026-05-13,Type V-B Construction,Type V (wood-frame),4821.0,777998.0,27.96,yes,16924-16926 1/2 W DULCE YNEZ LANE,34.0466,-118.5496
25010-10000-05792,Bel Air / Beverly Crest,90210,Sherman Oaks-Studio City-Toluca Lake-Cahuenga Pass,yes,Accessory Dwelling Unit,2025-12-08,,,In plan check,Quality Review Completed,2026-01-14,,Not stated,,230000.0,,no,13319 W MULHOLLAND DR,34.1304,-118.4227
25010-10000-05800,Pacific Palisades,90272,Brentwood - Pacific Palisades,yes,Dwelling - Single Family,2025-12-08,2026-09-08,,Issued (under construction),Issued,2026-09-08,Type V-B Construction,Type V (wood-frame),3373.0,1086000.0,23.33,yes,1013 N GLENHAVEN DR,34.0531,-118.546
25010-10000-05874,Encino / Tarzana,91436,Encino - Tarzana,yes,Recreation Room,2025-12-08,2026-07-06,,Issued (under construction),Issued,2026-07-06,Type V-B Construction,Type V (wood-frame),293.0,75000.0,12.0,no,3864 N KIM LANE,34.141,-118.5002
25010-10000-06256,Pacific Palisades,90272,Brentwood - Pacific Palisades,yes,Accessory Dwelling Unit,2025-12-08,2026-05-21,,Issued (under construction),Issued,2026-05-21,Type V-A Construction,Type V (wood-frame),800.0,100000.0,11.16,no,16928 W DULCE YNEZ LANE,34.0466,-118.5496
25010-20000-05872,Encino / Tarzana,91356,Encino - Tarzana,yes,Patio Cover,2025-12-08,,,In plan check,PC Approved,2026-03-11,Type V-B Construction,Type V (wood-frame),148.0,12000.0,16.92,no,18619 W ROSITA ST,34.1545,-118.5366
25010-20000-05873,Encino / Tarzana,91356,Encino - Tarzana,yes,Accessory Dwelling Unit,2025-12-08,,,In plan check,PC Approved,2026-03-11,Type V-B Construction,Type V (wood-frame),1110.88,81000.0,15.92,no,18619 W ROSITA ST,34.1545,-118.5366
25010-30000-05877,Pacific Palisades,90272,Brentwood - Pacific Palisades,no,Dwelling - Single Family,2025-12-08,2026-01-27,,Issued (under construction),Issued,2026-01-27,Type V-B Construction,Type V (wood-frame),2165.0,475000.0,27.0,yes,14921 W SUNSET BLVD,34.0435,-118.5209
25010-30000-05891,Pacific Palisades,90272,Brentwood - Pacific Palisades,yes,Dwelling - Single Family,2025-12-09,2026-06-01,,Issued (under construction),Issued,2026-06-01,Type V-B Construction,Type V (wood-frame),4670.0,720000.0,29.67,yes,16524 W CHATTANOOGA PL,34.0493,-118.5417
25010-30000-05896,Pacific Palisades,90272,Brentwood - Pacific Palisades,no,Dwelling - Single Family,2025-12-09,2026-06-17,,Issued (under construction),Issued,2026-06-17,Type V-B Construction,Type V (wood-frame),2744.0,470000.0,24.67,yes,324 N VIA DE LA PAZ,34.0366,-118.5296
25010-30000-05897,Pacific Palisades,90272,Brentwood - Pacific Palisades,no,Accessory Dwelling Unit,2025-12-09,2026-06-17,,Issued (under construction),Issued,2026-06-17,Type V-B Construction,Type V (wood-frame),341.0,225000.0,16.0,no,322 N VIA DE LA PAZ,34.0366,-118.5294
25010-30000-05902,Pacific Palisades,90272,Brentwood - Pacific Palisades,no,Dwelling - Single Family,2025-12-09,2026-01-30,,Issued (under construction),Issued,2026-01-30,Type V-A Construction,Type V (wood-frame),4594.5,500000.0,27.0,yes,1027 N ILIFF ST,34.0484,-118.5194
25010-10000-05763,Brentwood,90049,Brentwood - Pacific Palisades,no,Accessory Dwelling Unit,2025-12-10,2026-07-15,,Issued (under construction),Issued,2026-07-15,Type V-B Construction,Type V (wood-frame),599.0,80000.0,20.0,no,346 S SALTAIR AVE,34.0563,-118.4738
25010-10000-05782,Pacific Palisades,90272,Brentwood - Pacific Palisades,no,Dwelling - Single Family,2025-12-10,2026-03-13,,Issued (under construction),Issued,2026-03-13,Type V-B Construction,Type V (wood-frame),2579.0,1000000.0,30.08,yes,15444 E DE PAUW ST,34.0402,-118.5294
25010-10000-05823,Pacific Palisades,90272,Brentwood - Pacific Palisades,no,Dwelling - Single Family,2025-12-10,,,In plan check,Quality Review Completed,2025-12-17,Type V-B Construction,Type V (wood-frame),,225000.0,15.92,no,1011 N EMBURY ST,34.0473,-118.5234
25010-10000-05882,Pacific Palisades,90272,Brentwood - Pacific Palisades,yes,Dwelling - Single Family,2025-12-10,2026-04-22,,Issued (under construction),Issued,2026-04-22,Type V-B Construction,Type V (wood-frame),4245.0,750000.0,27.38,no,1811 W MICHAEL LANE,34.0785,-118.5596
25010-10000-06026,Pacific Palisades,90272,Brentwood - Pacific Palisades,no,Garage - Private,2025-12-10,2026-03-17,,Issued (under construction),Issued,2026-03-17,Type V-B Construction,Type V (wood-frame),242.0,35000.0,12.92,yes,15444 E DE PAUW ST,34.0402,-118.5294
25010-30000-05954,Pacific Palisades,90272,Brentwood - Pacific Palisades,no,Dwelling - Single Family,2025-12-10,2026-05-01,,Issued (under construction),Issued,2026-05-01,Type V-B Construction,Type V (wood-frame),1597.0,600000.0,22.6,yes,673 N SWARTHMORE AVE,34.0423,-118.5274
25010-10000-03911,Pacific Palisades,90272,Brentwood - Pacific Palisades,yes,Dwelling - Single Family,2025-12-11,2026-08-07,,Issued (under construction),Issued,2026-08-07,Type V-B Construction,Type V (wood-frame),4264.0,1000000.0,30.5,yes,15237 W DE PAUW ST,34.0376,-118.5251
25010-10000-05785,Pacific Palisades,90272,Brentwood - Pacific Palisades,no,Dwelling - Single Family,2025-12-11,2026-04-11,,Issued (under construction),Issued,2026-04-11,Type V-B Construction,Type V (wood-frame),2994.0,1355900.0,29.5,yes,17036 W BOLLINGER DR,34.0432,-118.5499
25010-10000-05821,Pacific Palisades,90272,Brentwood - Pacific Palisades,no,Dwelling - Single Family,2025-12-11,2026-03-02,,Issued (under construction),Issued,2026-03-02,Type V-B Construction,Type V (wood-frame),2573.0,350000.0,24.0,yes,15005 W SUNSET BLVD,34.0442,-118.5217
25010-10000-05966,Pacific Palisades,90272,Brentwood - Pacific Palisades,no,Accessory Dwelling Unit,2025-12-11,,,In plan check,Quality Review Completed,2025-12-26,Type V-B Construction,Type V (wood-frame),346.0,51900.0,10.33,no,1126 N GALLOWAY ST,34.05,-118.5216
25010-20000-05987,Pacific Palisades,90272,Brentwood - Pacific Palisades,no,Dwelling - Single Family,2025-12-11,2026-03-10,,Issued (under construction),Issued,2026-03-10,Type V-B Construction,Type V (wood-frame),5922.0,400000.0,27.25,no,719 N ALMA REAL DR,34.0413,-118.5233
25010-20000-05988,Pacific Palisades,90272,Brentwood - Pacific Palisades,yes,Dwelling - Single Family,2025-12-11,2026-02-12,,Issued (under construction),Issued,2026-02-12,Type V-A Construction,Type V (wood-frame),3368.0,400000.0,32.75,yes,728 N HAVERFORD AVE,34.0437,-118.5291
25010-20000-05989,Pacific Palisades,90272,Brentwood - Pacific Palisades,yes,Garage - Private,2025-12-11,2026-02-12,,Issued (under construction),Issued,2026-02-12,Type V-A Construction,Type V (wood-frame),336.0,80000.0,14.54,yes,728 N HAVERFORD AVE,34.0437,-118.5291
25010-30000-05972,Pacific Palisades,90272,Brentwood - Pacific Palisades,yes,Dwelling - Single Family,2025-12-11,2026-05-28,,Issued (under construction),Issued,2026-05-28,Type V-B Construction,Type V (wood-frame),10779.0,1272636.0,29.0,yes,17797 W CAMINO DE YATASTO,34.0793,-118.5682
25010-30000-05980,Pacific Palisades,90272,Brentwood - Pacific Palisades,no,Dwelling - Single Family,2025-12-11,2026-01-16,,Issued (under construction),Issued,2026-01-16,Type V-B Construction,Type V (wood-frame),3932.0,300000.0,27.75,yes,731 N ILIFF ST,34.0422,-118.5181
25010-10000-05585,Pacific Palisades,90272,Brentwood - Pacific Palisades,yes,Dwelling - Single Family,2025-12-12,2026-07-22,,Issued (under construction),Issued,2026-07-22,Type V-B Construction,Type V (wood-frame),13609.0,365976.0,24.32,yes,15215 W WHITFIELD AVE,34.0521,-118.5255
25010-30000-06001,Pacific Palisades,90272,Brentwood - Pacific Palisades,yes,Dwelling - Single Family,2025-12-12,2026-01-26,,Issued (under construction),Issued,2026-01-26,Type V-B Construction,Type V (wood-frame),3452.0,600000.0,28.08,yes,15007 W MCKENDREE AVE,34.0528,-118.5235
25010-30000-06019,Pacific Palisades,90272,Brentwood - Pacific Palisades,no,Dwelling - Single Family,2025-12-12,2026-04-14,,Issued (under construction),Issued,2026-04-14,Type V-B Construction,Type V (wood-frame),4162.0,400000.0,27.92,yes,1115 N GALLOWAY ST,34.0497,-118.5218
25010-30000-06021,Pacific Palisades,90272,Brentwood - Pacific Palisades,yes,Dwelling - Single Family,2025-12-12,2026-01-28,,Issued (under construction),Issued,2026-01-28,Type V-B Construction,Type V (wood-frame),3665.0,730000.0,23.17,yes,1120 N LAS LOMAS AVE,34.0537,-118.5354
25010-10000-05559,Pacific Palisades,90272,Brentwood - Pacific Palisades,no,Dwelling - Single Family,2025-12-15,2026-03-17,,Issued (under construction),Issued,2026-03-17,Type V-B Construction,Type V (wood-frame),4087.0,1200000.0,27.75,yes,752 N HARTZELL ST,34.0427,-118.5189
25010-10000-05680,Pacific Palisades,90272,Brentwood - Pacific Palisades,yes,Dwelling - Single Family,2025-12-15,2026-03-03,,Issued (under construction),Issued,2026-03-03,Type V-B Construction,Type V (wood-frame),1742.0,250000.0,15.77,yes,16401 W AKRON ST,34.0503,-118.5398
25010-10000-05759,Pacific Palisades,90272,Brentwood - Pacific Palisades,no,Dwelling - Single Family,2025-12-15,2026-07-01,,Issued (under construction),Issued,2026-07-01,Type V-B Construction,Type V (wood-frame),5066.0,985545.0,36.32,yes,629 N ERSKINE DR,34.0438,-118.533
25010-10000-05802,Pacific Palisades,90272,Brentwood - Pacific Palisades,yes,Dwelling - Single Family,2025-12-15,2026-03-10,,Issued (under construction),Issued,2026-03-10,Type V-B Construction,Type V (wood-frame),2596.11,700000.0,27.0,no,1232 N MONUMENT ST,34.0523,-118.5248
25010-10000-05963,Pacific Palisades,90272,Brentwood - Pacific Palisades,yes,Dwelling - Single Family,2025-12-15,2026-04-02,,Issued (under construction),Issued,2026-04-02,Type V-B Construction,Type V (wood-frame),3663.0,500000.0,26.58,yes,627 N LACHMAN LANE,34.0479,-118.5468
25010-10000-06004,Pacific Palisades,90272,Brentwood - Pacific Palisades,no,Dwelling - Single Family,2025-12-15,2026-07-29,,Issued (under construction),Issued,2026-07-29,Type V-B Construction,Type V (wood-frame),5580.0,4200000.0,31.16,yes,16921 W BOLLINGER DR,34.0442,-118.5478
25010-20000-06017,Pacific Palisades,90272,Brentwood - Pacific Palisades,no,Dwelling - Single Family,2025-12-15,,,In plan check,PC Info Complete,2026-03-06,Type V-B Construction,Type V (wood-frame),7615.22,800000.0,28.1,no,550 N VIA DE LA PAZ,34.0395,-118.5289
25010-20000-06041,Pacific Palisades,90272,Brentwood - Pacific Palisades,no,Dwelling - Single Family,2025-12-15,2026-04-29,,Issued (under construction),Issued,2026-04-29,Type V-B Construction,Type V (wood-frame),6513.0,500000.0,27.83,yes,16121 W NORTHFIELD ST,34.0478,-118.5374
25010-20000-06042,Pacific Palisades,90272,Brentwood - Pacific Palisades,no,Accessory Dwelling Unit,2025-12-15,,,In plan check,PC Approved,2026-04-29,Type V-B Construction,Type V (wood-frame),,50000.0,,yes,16121 W NORTHFIELD ST,34.0478,-118.5374
25010-20000-06043,Pacific Palisades,90272,Brentwood - Pacific Palisades,no,Dwelling - Single Family,2025-12-15,2026-01-29,,Issued (under construction),Issued,2026-01-29,Type V-B Construction,Type V (wood-frame),1399.0,200000.0,19.33,yes,1117 N ILIFF ST,34.05,-118.5197
25010-20000-06044,Pacific Palisades,90272,Brentwood - Pacific Palisades,no,Garage - Private,2025-12-15,2026-01-29,,Issued (under construction),Issued,2026-01-29,Type V-B Construction,Type V (wood-frame),0.0,50000.0,16.0,no,1117 N ILIFF ST,34.05,-118.5197
25010-30000-06037,Pacific Palisades,90272,Brentwood - Pacific Palisades,no,Dwelling - Single Family,2025-12-15,2026-02-13,,Issued (under construction),Issued,2026-02-13,Type V-B Construction,Type V (wood-frame),2203.0,500000.0,15.91,yes,1106 N KAGAWA ST,34.0499,-118.5185
25010-10000-05598,Pacific Palisades,90272,Brentwood - Pacific Palisades,no,Dwelling - Single Family,2025-12-16,2026-03-12,,Issued (under construction),Issued,2026-03-12,Type V-B Construction,Type V (wood-frame),4275.0,4500000.0,26.42,yes,815 N TOYOPA DR,34.0427,-118.5217
25010-10000-05997,Pacific Palisades,90272,Brentwood - Pacific Palisades,yes,Dwelling - Single Family,2025-12-16,2026-02-06,,Issued (under construction),Issued,2026-02-06,Type V-B Construction,Type V (wood-frame),3529.0,580000.0,26.33,yes,17239 W AVENIDA DE LA HERRADURA,34.0784,-118.5615
25010-20000-06208,Pacific Palisades,90272,Brentwood - Pacific Palisades,yes,Dwelling - Single Family,2025-12-16,2026-02-06,,Issued (under construction),Issued,2026-02-06,Type V-B Construction,Type V (wood-frame),5940.0,1500000.0,35.16,yes,16754 W VIA LA COSTA,34.077,-118.5479
25010-20000-06233,Pacific Palisades,90272,Brentwood - Pacific Palisades,yes,Patio Cover,2025-12-16,2026-02-06,,Issued (under construction),Issued,2026-02-06,Type V-B Construction,Type V (wood-frame),210.0,40000.0,13.66,no,16754 W VIA LA COSTA,34.077,-118.5479
25010-30000-06055,Pacific Palisades,90272,Brentwood - Pacific Palisades,no,Accessory Dwelling Unit,2025-12-16,2026-07-13,,Issued (under construction),Issued,2026-07-13,Type V-B Construction,Type V (wood-frame),3867.0,500000.0,22.0,yes,530-532 N SWARTHMORE AVE,34.0389,-118.5279
25010-30000-06057,Bel Air / Beverly Crest,90210,Bel Air - Beverly Crest,yes,Dwelling - Single Family,2025-12-16,,,In plan check,Verifications in Progress,2026-08-18,Type V-B Construction,Type V (wood-frame),6722.0,1000000.0,,no,1336 N RIDGECREST DR,34.0949,-118.4015
25010-30000-06250,Pacific Palisades,90272,Brentwood - Pacific Palisades,yes,Dwelling - Single Family,2025-12-16,2026-08-18,,Issued (under construction),Issued,2026-08-18,Type V-B Construction,Type V (wood-frame),2332.0,850000.0,23.33,yes,619 N RESOLANO DR,34.0474,-118.5574
25014-10000-05524,Brentwood,90049,Bel Air - Beverly Crest,yes,Patio Cover,2025-12-16,2026-05-22,,Issued (under construction),Issued,2026-05-22,Type V-B Construction,Type V (wood-frame),282.0,100000.0,10.08,no,11848 W BEL TER,34.0853,-118.4741
25010-10000-05836,Pacific Palisades,90272,Brentwood - Pacific Palisades,no,Dwelling - Single Family,2025-12-17,2026-03-09,,Issued (under construction),Issued,2026-03-09,Type V-B Construction,Type V (wood-frame),4021.0,3760000.0,28.5,yes,331 N GRENOLA ST,34.0416,-118.5424
25010-10000-06009,Pacific Palisades,90272,Brentwood - Pacific Palisades,no,Dwelling - Single Family,2025-12-17,2026-02-17,,Issued (under construction),Issued,2026-02-17,Type V-B Construction,Type V (wood-frame),1858.0,3050500.0,23.35,yes,336 N LAS CASAS AVE,34.0418,-118.5433
25010-10000-06010,Pacific Palisades,90272,Brentwood - Pacific Palisades,no,Dwelling - Single Family,2025-12-17,2026-02-17,,Issued (under construction),Issued,2026-02-17,Type V-B Construction,Type V (wood-frame),6305.0,5296000.0,39.5,yes,332 N LAS CASAS AVE,34.0416,-118.5433
25010-10000-06247,Pacific Palisades,90272,Brentwood - Pacific Palisades,no,Dwelling - Single Family,2025-12-17,2026-02-19,,Issued (under construction),Issued,2026-02-19,Type V-B Construction,Type V (wood-frame),4645.0,300000.0,32.33,yes,363 N GRENOLA ST,34.0426,-118.5425
25010-10000-06277,Pacific Palisades,90272,Brentwood - Pacific Palisades,no,Dwelling - Single Family,2025-12-17,2026-06-25,,Issued (under construction),Issued,2026-06-25,Type V-B Construction,Type V (wood-frame),5568.0,1390585.0,28.0,no,614 N FRONTERA DR,34.0401,-118.5222
25010-20000-06264,Encino / Tarzana,91436,Encino - Tarzana,no,Accessory Dwelling Unit,2025-12-17,2026-02-05,,Issued (under construction),Issued,2026-02-05,Type V-B Construction,Type V (wood-frame),800.0,87000.0,15.0,no,16686 W MORRISON ST,34.1622,-118.4968
25010-30000-06259,Pacific Palisades,90272,Brentwood - Pacific Palisades,yes,Dwelling - Single Family,2025-12-17,,,In plan check,Verifications in Progress,2026-06-02,Type V-B Construction,Type V (wood-frame),,350000.0,35.67,yes,16953 W DULCE YNEZ LANE,34.047,-118.5507
25010-30000-06273,Pacific Palisades,90272,Brentwood - Pacific Palisades,no,Dwelling - Single Family,2025-12-17,2026-03-11,,Issued (under construction),Issued,2026-03-11,Type V-B Construction,Type V (wood-frame),1951.0,180000.0,18.0,yes,15000 W ALBRIGHT ST,34.0488,-118.5228
25010-30000-06274,Pacific Palisades,90272,Brentwood - Pacific Palisades,no,Accessory Dwelling Unit,2025-12-17,2026-03-11,,Issued (under construction),Issued,2026-03-11,Type V-B Construction,Type V (wood-frame),471.0,70000.0,22.08,yes,15010 W ALBRIGHT ST,34.0488,-118.5228
25010-30000-06287,Pacific Palisades,90272,Brentwood - Pacific Palisades,yes,Dwelling - Single Family,2025-12-17,2026-06-23,,Issued (under construction),Issued,2026-06-23,Type V-B Construction,Type V (wood-frame),7241.0,1500000.0,34.08,yes,16871 W CHARMEL LANE,34.0638,-118.5514
25010-30000-06294,Pacific Palisades,90272,Brentwood - Pacific Palisades,no,Dwelling - Single Family,2025-12-17,,,In plan check,Verifications in Progress,2026-03-10,Type V-B Construction,Type V (wood-frame),,700000.0,24.17,yes,1150 N CHARM ACRES PL,34.05,-118.5257
18010-30001-05195,Bel Air / Beverly Crest,90210,Bel Air - Beverly Crest,yes,Recreation Room,2025-12-18,,,In plan check,Verifications in Progress,2026-04-17,Type V-B Construction,Type V (wood-frame),,50000.0,15.75,no,3053 N HUTTON DR,34.1258,-118.4264
24014-20002-03520,Pacific Palisades,90272,Brentwood - Pacific Palisades,yes,Dwelling - Single Family,2025-12-18,2026-01-12,,Issued (under construction),Issued,2026-01-12,Type V-B Construction,Type V (wood-frame),2440.0,250000.0,14.0,yes,231 N GIARDINO WAY,34.0445,-118.5638
25010-10000-05786,Pacific Palisades,90272,Brentwood - Pacific Palisades,no,Dwelling - Single Family,2025-12-18,2026-03-05,,Issued (under construction),Issued,2026-03-05,Type V-B Construction,Type V (wood-frame),1672.0,150000.0,18.0,yes,548 N MUSKINGUM PL,34.0431,-118.5376
25010-10000-05881,Pacific Palisades,90272,Brentwood - Pacific Palisades,no,Dwelling - Single Family,2025-12-18,2026-01-20,,Issued (under construction),Issued,2026-01-20,Type V-B Construction,Type V (wood-frame),4588.0,510000.0,27.63,yes,537 N OCAMPO DR,34.038,-118.5204
25010-20000-06311,Pacific Palisades,90272,Brentwood - Pacific Palisades,yes,Dwelling - Single Family,2025-12-18,2026-06-23,,Issued (under construction),Issued,2026-06-23,Type V-B Construction,Type V (wood-frame),3102.0,450000.0,19.71,no,17059 W BOLLINGER DR,34.0428,-118.5506
25010-20000-06320,Pacific Palisades,90272,Brentwood - Pacific Palisades,yes,Dwelling - Single Family,2025-12-18,2026-06-26,,Issued (under construction),Issued,2026-06-26,Type V-B Construction,Type V (wood-frame),4444.89,500000.0,29.83,no,1101 N MARONEY LANE,34.0528,-118.5372
25010-20000-06324,Pacific Palisades,90272,Brentwood - Pacific Palisades,yes,Accessory Dwelling Unit,2025-12-18,2026-08-11,,Issued (under construction),Issued,2026-08-11,Type V-B Construction,Type V (wood-frame),6173.74,668000.0,33.0,no,16741-16743 W MARQUEZ TER,34.0476,-118.5461
25010-30000-06306,Pacific Palisades,90272,Brentwood - Pacific Palisades,yes,Garage - Private,2025-12-18,,,In plan check,Verifications in Progress,2026-04-30,Type V-B Construction,Type V (wood-frame),,1347831.0,33.0,yes,15265 W BESTOR BLVD,34.0512,-118.5254
25010-30000-06309,Pacific Palisades,90272,Brentwood - Pacific Palisades,no,Dwelling - Single Family,2025-12-18,2026-07-15,,Issued (under construction),Issued,2026-07-15,Type V-B Construction,Type V (wood-frame),9031.2,1400000.0,32.0,yes,14800 W PAMPAS RICAS BLVD,34.0408,-118.5187
25010-30000-06310,Pacific Palisades,90272,Brentwood - Pacific Palisades,no,Accessory Dwelling Unit,2025-12-18,2026-07-15,,Issued (under construction),Issued,2026-07-15,Type V-B Construction,Type V (wood-frame),1728.6,100000.0,14.0,yes,14802 W PAMPAS RICAS BLVD,34.0407,-118.5185
25010-30000-06318,Pacific Palisades,90272,Brentwood - Pacific Palisades,yes,Dwelling - Single Family,2025-12-18,2026-04-01,,Issued (under construction),Issued,2026-04-01,Type V-B Construction,Type V (wood-frame),2640.0,500000.0,24.25,yes,15214 W WHITFIELD AVE,34.0519,-118.5255
25010-30000-06322,Pacific Palisades,90272,Brentwood - Pacific Palisades,no,Accessory Dwelling Unit,2025-12-18,2026-03-31,,Issued (under construction),Issued,2026-03-31,Type V-B Construction,Type V (wood-frame),3148.24,500000.0,31.33,yes,643-645 N BAYLOR ST,34.0474,-118.5434
25010-10000-05543,Pacific Palisades,90272,Brentwood - Pacific Palisades,no,Dwelling - Single Family,2025-12-19,,,In plan check,PC Info Complete,2026-06-10,Type V-B Construction,Type V (wood-frame),2296.0,250000.0,22.63,no,939 N GALLOWAY ST,34.0466,-118.5211
25010-10000-05858,Pacific Palisades,90272,Brentwood - Pacific Palisades,yes,Dwelling - Single Family,2025-12-19,2026-02-11,,Issued (under construction),Issued,2026-02-11,Type V-B Construction,Type V (wood-frame),2462.0,1000000.0,28.5,no,1583 N CALLE PATRICIA,34.0761,-118.5498
25010-10000-05992,Pacific Palisades,90272,Brentwood - Pacific Palisades,yes,Dwelling - Single Family,2025-12-19,,,In plan check,Quality Review Completed,2026-01-09,,Not stated,,696760.0,,no,1050 N CHAUTAUQUA BLVD,34.0493,-118.5172
25010-10000-06003,Pacific Palisades,90272,Brentwood - Pacific Palisades,no,Dwelling - Single Family,2025-12-19,2026-03-06,,Issued (under construction),Issued,2026-03-06,Type V-B Construction,Type V (wood-frame),4154.0,850000.0,28.92,yes,530 N MUSKINGUM AVE,34.0437,-118.5389
25010-10000-06275,Pacific Palisades,90272,Brentwood - Pacific Palisades,no,Dwelling - Single Family,2025-12-19,2026-06-02,,Issued (under construction),Issued,2026-06-02,Type V-B Construction,Type V (wood-frame),1694.0,1400000.0,13.75,yes,337 N GRENOLA ST,34.0418,-118.5424
25010-10000-06355,Pacific Palisades,90272,Brentwood - Pacific Palisades,yes,Dwelling - Single Family,2025-12-19,,,In plan check,PC Info Complete,2026-03-13,Type V-B Construction,Type V (wood-frame),3579.0,1000000.0,24.5,no,717 N VIA DE LA PAZ,34.0432,-118.5282
25010-10000-06357,Pacific Palisades,90272,Brentwood - Pacific Palisades,yes,Accessory Dwelling Unit,2025-12-19,,,In plan check,PC Info Complete,2026-03-13,Type V-B Construction,Type V (wood-frame),456.0,250000.0,14.0,no,715 N VIA DE LA PAZ,34.0432,-118.5285
25010-30000-06339,Pacific Palisades,90272,Brentwood - Pacific Palisades,no,Dwelling - Single Family,2025-12-19,,,In plan check,Verifications in Progress,2026-09-11,Type V-B Construction,Type V (wood-frame),4251.0,880000.0,31.33,yes,16939 W SUNSET BLVD,34.0425,-118.5476
25010-30000-06340,Pacific Palisades,90272,Brentwood - Pacific Palisades,no,Accessory Dwelling Unit,2025-12-19,,,In plan check,Verifications in Progress,2026-09-11,Type V-B Construction,Type V (wood-frame),504.0,120000.0,15.42,yes,16937 W SUNSET BLVD,34.0427,-118.5476
25010-30000-06341,Pacific Palisades,90272,Brentwood - Pacific Palisades,no,Dwelling - Single Family,2025-12-19,2026-06-29,,Issued (under construction),Issued,2026-06-29,Type V-B Construction,Type V (wood-frame),2151.0,872000.0,19.8,yes,16633 W SUNSET BLVD,34.0474,-118.544
25010-30000-06353,Pacific Palisades,90272,Brentwood - Pacific Palisades,no,Dwelling - Single Family,2025-12-19,2026-02-23,,Issued (under construction),Issued,2026-02-23,Type V-B Construction,Type V (wood-frame),3065.0,380000.0,26.67,yes,915 N GALLOWAY ST,34.046,-118.5209
25010-30000-06354,Pacific Palisades,90272,Brentwood - Pacific Palisades,no,Dwelling - Single Family,2025-12-19,2026-03-20,,Issued (under construction),Issued,2026-03-20,Type V-B Construction,Type V (wood-frame),3832.8,780000.0,30.37,yes,16835 W EDGAR ST,34.0453,-118.5473
25010-30000-06356,Pacific Palisades,90272,Brentwood - Pacific Palisades,no,Dwelling - Single Family,2025-12-19,2026-03-05,,Issued (under construction),Issued,2026-03-05,Type V-B Construction,Type V (wood-frame),2948.16,400000.0,18.0,yes,1061 N CHAUTAUQUA BLVD,34.0495,-118.5175
25010-30000-06359,Pacific Palisades,90272,Brentwood - Pacific Palisades,no,Dwelling - Single Family,2025-12-19,2026-04-10,,Issued (under construction),Issued,2026-04-10,Type V-B Construction,Type V (wood-frame),3379.0,800000.0,28.0,yes,326 N SWARTHMORE AVE,34.0365,-118.5285
25010-30000-06360,Pacific Palisades,90272,Brentwood - Pacific Palisades,no,Accessory Dwelling Unit,2025-12-19,2026-04-10,,Issued (under construction),Issued,2026-04-10,Type V-B Construction,Type V (wood-frame),371.0,150000.0,13.17,yes,324 N SWARTHMORE AVE,34.0364,-118.5283
25010-10000-06280,Pacific Palisades,90272,Brentwood - Pacific Palisades,yes,Dwelling - Single Family,2025-12-20,,,In plan check,PC Info Complete,2026-03-09,Type V-B Construction,Type V (wood-frame),4184.0,620000.0,29.83,yes,1588 S CHASTAIN PKWY WEST,34.0764,-118.5499
25010-10000-05570,Pacific Palisades,90272,Brentwood - Pacific Palisades,no,Accessory Dwelling Unit,2025-12-22,,,In plan check,PC Info Complete,2026-05-27,Type V-B Construction,Type V (wood-frame),652.0,150000.0,22.0,no,941 N GALLOWAY ST,34.0466,-118.5213
25010-10000-05964,Pacific Palisades,90272,Brentwood - Pacific Palisades,yes,Dwelling - Single Family,2025-12-22,2026-02-25,,Issued (under construction),Issued,2026-02-25,Type V-B Construction,Type V (wood-frame),5924.0,1950000.0,28.0,yes,1117 N CUMBRE ALTA CT,34.0682,-118.5548
25010-10000-06263,Pacific Palisades,90272,Brentwood - Pacific Palisades,yes,Dwelling - Single Family,2025-12-22,2026-07-30,,Issued (under construction),Issued,2026-07-30,Type V-B Construction,Type V (wood-frame),3025.0,2600000.0,28.0,yes,656 N LAS CASAS AVE,34.0474,-118.5418
25010-10000-06271,Pacific Palisades,90272,Brentwood - Pacific Palisades,yes,Dwelling - Single Family,2025-12-22,2026-06-29,,Issued (under construction),Issued,2026-06-29,Type V-B Construction,Type V (wood-frame),3937.0,300000.0,28.0,yes,555 N MUSKINGUM AVE,34.0442,-118.5392
25010-10000-06370,Encino / Tarzana,91436,Encino - Tarzana,yes,Patio Cover,2025-12-22,2026-04-03,,Issued (under construction),Issued,2026-04-03,Type V-B Construction,Type V (wood-frame),600.0,25000.0,12.0,no,16481 W WESTFALL PL,34.1428,-118.4929
25010-10000-06379,Pacific Palisades,90272,Brentwood - Pacific Palisades,yes,Accessory Dwelling Unit,2025-12-22,2026-05-05,,Issued (under construction),Issued,2026-05-05,Type V-B Construction,Type V (wood-frame),236.0,100000.0,15.92,no,632 N LAS CASAS AVE,34.0468,-118.5421
25010-20000-06366,Encino / Tarzana,91356,Encino - Tarzana,no,Accessory Dwelling Unit,2025-12-22,2026-05-01,,Issued (under construction),Issued,2026-05-01,Type V-B Construction,Type V (wood-frame),1147.0,200000.0,18.6,no,6099 N SHIRLEY AVE,34.1812,-118.5586
25010-20000-06393,Pacific Palisades,90272,Brentwood - Pacific Palisades,no,Dwelling - Single Family,2025-12-22,2026-06-26,,Issued (under construction),Issued,2026-06-26,Type V-B Construction,Type V (wood-frame),7032.0,740000.0,30.26,yes,16824 W LIVORNO DR,34.0441,-118.5452
25010-30000-06381,Encino / Tarzana,91436,Encino - Tarzana,yes,Dwelling - Single Family,2025-12-22,,,In plan check,Verifications in Progress,2026-06-30,Type V-B Construction,Type V (wood-frame),8322.98,1413361.91,32.29,no,16232 W ELISA PL,34.1487,-118.487
25010-30000-06382,Encino / Tarzana,91436,Encino - Tarzana,yes,Dwelling - Single Family,2025-12-22,,,In plan check,Verifications in Progress,2026-06-30,Type V-B Construction,Type V (wood-frame),8337.05,1355099.26,29.4,no,16226 W ELISA PL,34.149,-118.487
25010-30000-06384,Encino / Tarzana,91436,Encino - Tarzana,yes,Accessory Dwelling Unit,2025-12-22,,,In plan check,Verifications in Progress,2026-06-30,Type V-B Construction,Type V (wood-frame),720.41,98696.17,16.67,no,16228 W ELISA PL,34.1487,-118.487
25010-30000-06385,Encino / Tarzana,91436,Encino - Tarzana,yes,Accessory Living Quarters,2025-12-22,,,In plan check,Verifications in Progress,2026-06-30,Type V-B Construction,Type V (wood-frame),651.29,89226.73,19.85,no,16232 W ELISA PL,34.1487,-118.487
25010-30000-06387,Pacific Palisades,90272,Brentwood - Pacific Palisades,no,Dwelling - Single Family,2025-12-22,,,In plan check,Quality Review Completed,2026-01-21,Type V-B Construction,Type V (wood-frame),,440000.0,,yes,17035 W LIVORNO DR,34.0423,-118.5499
25010-30000-06389,Pacific Palisades,90272,Brentwood - Pacific Palisades,no,Dwelling - Single Family,2025-12-22,2026-02-13,,Issued (under construction),Issued,2026-02-13,Type V-B Construction,Type V (wood-frame),2784.0,380000.0,18.0,yes,14910 W SUNSET BLVD,34.0431,-118.5209
25010-30000-06397,Pacific Palisades,90272,Brentwood - Pacific Palisades,no,Dwelling - Single Family,2025-12-22,2026-07-10,,Issued (under construction),Issued,2026-07-10,Type V-B Construction,Type V (wood-frame),4312.0,875000.0,29.0,yes,413 N SWARTHMORE AVE,34.0372,-118.5285
25010-30000-06399,Pacific Palisades,90272,Brentwood - Pacific Palisades,no,Dwelling - Single Family,2025-12-22,2026-04-30,,Issued (under construction),Issued,2026-04-30,Type V-B Construction,Type V (wood-frame),2974.0,1000000.0,20.17,yes,16711 W SUNSET BLVD,34.046,-118.5439
25010-30000-06408,Pacific Palisades,90272,Brentwood - Pacific Palisades,yes,Dwelling - Single Family,2025-12-22,2026-06-22,,Issued (under construction),Issued,2026-06-22,Type V-B Construction,Type V (wood-frame),3778.0,400000.0,26.17,yes,1024 N CHAUTAUQUA BLVD,34.0487,-118.517
25010-30000-06410,Pacific Palisades,90272,Brentwood - Pacific Palisades,yes,Accessory Dwelling Unit,2025-12-22,2026-06-22,,Issued (under construction),Issued,2026-06-22,Type V-B Construction,Type V (wood-frame),756.0,90000.0,11.67,yes,1026 N CHAUTAUQUA BLVD,34.0488,-118.5166
25010-10000-05883,Pacific Palisades,90272,Brentwood - Pacific Palisades,no,Dwelling - Single Family,2025-12-23,2026-07-06,,Issued (under construction),Issued,2026-07-06,Type V-B Construction,Type V (wood-frame),2939.0,450000.0,27.5,yes,16748 W EDGAR ST,34.0465,-118.5452
25010-10000-06304,Pacific Palisades,90272,Brentwood - Pacific Palisades,yes,Dwelling - Single Family,2025-12-23,2026-06-01,,Issued (under construction),Issued,2026-06-01,Type V-B Construction,Type V (wood-frame),6005.0,3500000.0,33.0,yes,16630 W CUMBRE VERDE CT,34.0722,-118.5505
25010-10000-06363,Pacific Palisades,90272,Brentwood - Pacific Palisades,no,Dwelling - Single Family,2025-12-23,,,In plan check,PC Info Complete,2026-04-06,Type V-B Construction,Type V (wood-frame),4622.0,850000.0,27.0,no,16815 W LIVORNO DR,34.0444,-118.5452
25010-10000-06373,Pacific Palisades,90272,Brentwood - Pacific Palisades,yes,Dwelling - Single Family,2025-12-23,2026-04-17,,Issued (under construction),Issued,2026-04-17,Type V-B Construction,Type V (wood-frame),6543.0,2542000.0,32.0,no,300 N TOYOPA DR,34.0331,-118.5199
25010-20000-06423,Pacific Palisades,90272,Brentwood - Pacific Palisades,yes,,2025-12-23,,,In plan check,Quality Review Completed,2025-12-30,Type V-B Construction,Type V (wood-frame),,900000.0,,no,401-407 N ALMAR AVE,34.0403,-118.5392
25010-20000-06425,Pacific Palisades,90272,Brentwood - Pacific Palisades,yes,Accessory Dwelling Unit,2025-12-23,,,In plan check,Quality Review Completed,2025-12-30,Type V-B Construction,Type V (wood-frame),,58000.0,,no,401-407 N ALMAR AVE,34.0403,-118.5392
25010-20000-06427,Pacific Palisades,90272,Brentwood - Pacific Palisades,no,Dwelling - Single Family,2025-12-23,2026-05-05,,Issued (under construction),Issued,2026-05-05,Type V-B Construction,Type V (wood-frame),2583.0,300000.0,29.58,yes,733 N SWARTHMORE AVE,34.0435,-118.5269
25010-20000-06428,Pacific Palisades,90272,Brentwood - Pacific Palisades,no,Accessory Dwelling Unit,2025-12-23,2026-05-05,,Issued (under construction),Issued,2026-05-05,Type V-B Construction,Type V (wood-frame),480.0,50000.0,15.75,yes,731 N SWARTHMORE AVE,34.0435,-118.5271
25010-20000-06429,Pacific Palisades,90272,Brentwood - Pacific Palisades,no,Patio Cover,2025-12-23,2026-05-05,,Issued (under construction),Issued,2026-05-05,Type V-B Construction,Type V (wood-frame),196.0,9800.0,8.83,yes,733 N SWARTHMORE AVE,34.0435,-118.5269
25010-30000-06415,Pacific Palisades,90272,Brentwood - Pacific Palisades,yes,Dwelling - Single Family,2025-12-23,2026-07-06,,Issued (under construction),Issued,2026-07-06,Type V-B Construction,Type V (wood-frame),3315.0,510000.0,26.33,yes,568 N RADCLIFFE AVE,34.0402,-118.5309
25010-30000-06418,Pacific Palisades,90272,Brentwood - Pacific Palisades,yes,Accessory Dwelling Unit,2025-12-23,2026-07-06,,Issued (under construction),Issued,2026-07-06,Type V-B Construction,Type V (wood-frame),386.0,120000.0,21.92,yes,566 N RADCLIFFE AVE,34.04,-118.5307
25010-30000-06419,Bel Air / Beverly Crest,90077,Bel Air - Beverly Crest,yes,Dwelling - Single Family,2025-12-23,,,In plan check,Verifications in Progress,2026-07-21,Type V-B Construction,Type V (wood-frame),17467.27,4000000.0,30.0,no,750 N LAUSANNE ROAD,34.0854,-118.4478
25010-30000-06420,Pacific Palisades,90272,Brentwood - Pacific Palisades,yes,Dwelling - Single Family,2025-12-23,2026-05-05,,Issued (under construction),Issued,2026-05-05,Type V-B Construction,Type V (wood-frame),3711.0,2500000.0,22.58,yes,653 N RADCLIFFE AVE,34.0425,-118.5309
25010-30000-06424,Pacific Palisades,90272,Brentwood - Pacific Palisades,no,Dwelling - Single Family,2025-12-23,2026-07-31,,Issued (under construction),Issued,2026-07-31,Type V-B Construction,Type V (wood-frame),4105.0,800000.0,28.0,yes,14808 W SUNSET BLVD,34.0419,-118.5194
25010-30000-06430,Pacific Palisades,90272,Brentwood - Pacific Palisades,no,Dwelling - Single Family,2025-12-23,2026-07-30,,Issued (under construction),Issued,2026-07-30,Type V-B Construction,Type V (wood-frame),3718.0,1500000.0,29.58,yes,752 N RADCLIFFE AVE,34.0444,-118.5301
25010-30000-06431,Pacific Palisades,90272,Brentwood - Pacific Palisades,no,Accessory Dwelling Unit,2025-12-23,2026-07-30,,Issued (under construction),Issued,2026-07-30,Type V-B Construction,Type V (wood-frame),347.0,500000.0,14.17,no,752 N RADCLIFFE AVE,34.0444,-118.5301
25010-30000-06432,Pacific Palisades,90272,Brentwood - Pacific Palisades,yes,Dwelling - Single Family,2025-12-23,,,In plan check,Verifications in Progress,2026-03-17,Type V-B Construction,Type V (wood-frame),,380000.0,24.04,yes,17241 W AVENIDA DE LA HERRADURA,34.0786,-118.5615
25010-30000-06448,Pacific Palisades,90272,Brentwood - Pacific Palisades,no,Dwelling - Single Family,2025-12-23,2026-04-14,,Issued (under construction),Issued,2026-04-14,Type V-B Construction,Type V (wood-frame),1619.0,750000.0,17.5,yes,1167 N EMBURY ST,34.0507,-118.5241
25010-30000-06449,Pacific Palisades,90272,Brentwood - Pacific Palisades,no,Accessory Dwelling Unit,2025-12-23,2026-04-14,,Issued (under construction),Issued,2026-04-14,Type V-B Construction,Type V (wood-frame),457.0,50000.0,13.83,no,1169 N EMBURY ST,34.0507,-118.5243
25010-10000-06243,Pacific Palisades,90272,Brentwood - Pacific Palisades,no,Dwelling - Single Family,2025-12-24,2026-03-31,,Issued (under construction),Issued,2026-03-31,Type V-B Construction,Type V (wood-frame),3279.0,2250000.0,23.92,no,330 N VIA DE LA PAZ,34.0367,-118.5295
25010-10000-06282,Pacific Palisades,90272,Brentwood - Pacific Palisades,no,Dwelling - Single Family,2025-12-24,2026-06-24,,Issued (under construction),Issued,2026-06-24,Type V-B Construction,Type V (wood-frame),2264.0,2000000.0,23.26,yes,1116 N EMBURY ST,34.0494,-118.5235
25010-30000-06463,Brentwood,90049,Brentwood - Pacific Palisades,yes,Dwelling - Single Family,2025-12-24,,,In plan check,Verifications in Progress,2026-07-02,Type V-B Construction,Type V (wood-frame),3449.0,800000.0,33.17,no,1737 N WESTRIDGE ROAD,34.0656,-118.4978
25010-30000-06464,Brentwood,90049,Brentwood - Pacific Palisades,yes,Miscellaneous Bldg/Structure,2025-12-24,,,In plan check,Verifications in Progress,2026-07-02,Type V-B Construction,Type V (wood-frame),154.0,30000.0,14.66,no,1737 N WESTRIDGE ROAD,34.0656,-118.4978
25010-30000-06465,Brentwood,90049,Brentwood - Pacific Palisades,yes,Miscellaneous Bldg/Structure,2025-12-24,,,In plan check,Verifications in Progress,2026-07-02,Type V-B Construction,Type V (wood-frame),,50000.0,,no,1737 N WESTRIDGE ROAD,34.0656,-118.4978
25010-30000-06468,Brentwood,90049,Brentwood - Pacific Palisades,yes,Dwelling - Single Family,2025-12-24,,,In plan check,Verifications in Progress,2026-07-02,Type V-B Construction,Type V (wood-frame),13439.0,2200000.0,34.25,no,1739 N WESTRIDGE ROAD,34.0656,-118.4981
25010-30000-06469,Brentwood,90049,Brentwood - Pacific Palisades,yes,Dwelling - Single Family,2025-12-24,,,In plan check,Verifications in Progress,2026-07-02,Type V-B Construction,Type V (wood-frame),3272.0,805046.0,35.0,no,1741 N WESTRIDGE ROAD,34.0656,-118.4985
25010-30000-06471,Brentwood,90049,Brentwood - Pacific Palisades,yes,Miscellaneous Bldg/Structure,2025-12-24,,,In plan check,Verifications in Progress,2026-07-02,,Not stated,,80000.0,,no,1739 N WESTRIDGE ROAD,34.0656,-118.4981
25010-30000-06472,Brentwood,90049,Brentwood - Pacific Palisades,yes,Miscellaneous Bldg/Structure,2025-12-24,,,In plan check,Verifications in Progress,2026-07-02,,Not stated,,90000.0,,no,1741 N WESTRIDGE ROAD,34.0656,-118.4985
25010-30000-06474,Brentwood,90049,Brentwood - Pacific Palisades,yes,Miscellaneous Bldg/Structure,2025-12-24,,,In plan check,Verifications in Progress,2026-07-02,Type V-B Construction,Type V (wood-frame),1198.0,200000.0,16.56,no,1739 N WESTRIDGE ROAD,34.0656,-118.4981
25010-30000-06475,Brentwood,90049,Brentwood - Pacific Palisades,yes,Miscellaneous Bldg/Structure,2025-12-24,,,In plan check,Verifications in Progress,2026-07-02,Type V-B Construction,Type V (wood-frame),167.0,75000.0,11.0,no,1739 N WESTRIDGE ROAD,34.0656,-118.4981
25010-30000-06476,Pacific Palisades,90272,Brentwood - Pacific Palisades,yes,Dwelling - Single Family,2025-12-24,,,In plan check,PC Info Complete,2026-08-27,Type V-B Construction,Type V (wood-frame),5990.0,1472000.0,31.08,no,14401 W VILLA WOODS PL,34.0523,-118.5142
25010-30000-06480,Pacific Palisades,90272,Brentwood - Pacific Palisades,no,Dwelling - Single Family,2025-12-24,2026-06-16,,Issued (under construction),Issued,2026-06-16,Type V-B Construction,Type V (wood-frame),4103.0,689400.0,30.0,yes,1110 N EMBURY ST,34.0493,-118.5235
25010-30000-06488,Pacific Palisades,90272,Brentwood - Pacific Palisades,yes,Dwelling - Single Family,2025-12-24,,,In plan check,Quality Review Completed,2026-01-14,Type V-B Construction,Type V (wood-frame),,600000.0,,yes,747 N JACON WAY,34.0504,-118.5467
25010-30000-06497,Pacific Palisades,90272,Brentwood - Pacific Palisades,yes,Dwelling - Single Family,2025-12-24,,,In plan check,Verifications in Progress,2026-08-14,Type V-B Construction,Type V (wood-frame),5782.0,2475000.0,46.5,yes,14931 W MCKENDREE AVE,34.0527,-118.5225
25010-30000-06498,Pacific Palisades,90272,Brentwood - Pacific Palisades,yes,Accessory Dwelling Unit,2025-12-24,2026-08-14,,Issued (under construction),Issued,2026-08-14,Type V-B Construction,Type V (wood-frame),419.0,217800.0,28.0,yes,1335 N GOUCHER ST,34.053,-118.5225
26010-10000-00027,Pacific Palisades,90272,Brentwood - Pacific Palisades,no,Garage - Private,2025-12-24,2026-08-04,,Issued (under construction),Issued,2026-08-04,Type V-B Construction,Type V (wood-frame),0.0,50000.0,12.44,yes,1116 N EMBURY ST,34.0494,-118.5235
25010-10000-06413,Encino / Tarzana,91436,Encino - Tarzana,no,Accessory Dwelling Unit,2025-12-25,2026-06-04,,Issued (under construction),Issued,2026-06-04,Type V-B Construction,Type V (wood-frame),714.0,200000.0,18.0,no,4371 N FIRMAMENT AVE,34.1504,-118.4725
25010-10000-05860,Pacific Palisades,90272,Brentwood - Pacific Palisades,no,Garage - Private,2025-12-26,,,In plan check,PC Info Complete,2026-09-02,Type V-B Construction,Type V (wood-frame),0.0,40000.0,11.0,no,1100 N FISKE ST,34.0492,-118.5225
25010-10000-05863,Pacific Palisades,90272,Brentwood - Pacific Palisades,no,Dwelling - Single Family,2025-12-26,2026-06-09,,Issued (under construction),Issued,2026-06-09,Type V-B Construction,Type V (wood-frame),2263.0,235366.0,23.75,no,1027 N EMBURY ST,34.0478,-118.5234
25010-10000-05971,Pacific Palisades,90272,Brentwood - Pacific Palisades,no,Dwelling - Single Family,2025-12-26,2026-03-24,,Issued (under construction),Issued,2026-03-24,Type V-B Construction,Type V (wood-frame),3412.0,629000.0,28.0,yes,16030 W TEMECULA ST,34.0457,-118.5364
25010-10000-06278,Pacific Palisades,90272,Brentwood - Pacific Palisades,yes,Dwelling - Single Family,2025-12-26,,,In plan check,PC Info Complete,2026-03-17,Type V-B Construction,Type V (wood-frame),8428.0,2000000.0,34.65,yes,14800 W MCKENDREE AVE,34.0523,-118.5215
25010-10000-06303,Pacific Palisades,90272,Brentwood - Pacific Palisades,yes,Dwelling - Single Family,2025-12-26,2026-06-01,,Issued (under construction),Issued,2026-06-01,Type V-B Construction,Type V (wood-frame),4108.0,682000.0,28.0,yes,1367 N CHAUTAUQUA BLVD,34.054,-118.5212
25010-10000-06327,Pacific Palisades,90272,Brentwood - Pacific Palisades,yes,Dwelling - Single Family,2025-12-26,2026-05-12,,Issued (under construction),Issued,2026-05-12,Type V-B Construction,Type V (wood-frame),5023.0,1000000.0,35.82,yes,877 N CHATTANOOGA AVE,34.0497,-118.5435
25010-10000-06330,Pacific Palisades,90272,Brentwood - Pacific Palisades,no,Dwelling - Single Family,2025-12-26,2026-06-09,,Issued (under construction),Issued,2026-06-09,Type V-B Construction,Type V (wood-frame),7670.0,1300000.0,28.0,no,951 N CHAUTAUQUA BLVD,34.0476,-118.5169
25010-10000-06521,Pacific Palisades,90272,Brentwood - Pacific Palisades,yes,Dwelling - Single Family,2025-12-26,,,In plan check,PC Info Complete,2026-08-17,Type V-B Construction,Type V (wood-frame),5351.5,740000.0,28.0,yes,712 N HAVERFORD AVE,34.0433,-118.5292
25010-30000-06518,Pacific Palisades,90272,Brentwood - Pacific Palisades,yes,Dwelling - Single Family,2025-12-26,2026-03-03,,Issued (under construction),Issued,2026-03-03,Type V-B Construction,Type V (wood-frame),4999.0,710000.0,25.42,yes,14700-14702 W ORACLE PL,34.0553,-118.5188
25010-30000-06526,Pacific Palisades,90272,Brentwood - Pacific Palisades,no,Dwelling - Single Family,2025-12-26,2026-02-24,,Issued (under construction),Issued,2026-02-24,Type V-B Construction,Type V (wood-frame),3480.0,600000.0,28.5,no,523-525 N MUSKINGUM PL,34.0428,-118.5382
25010-30000-06527,Pacific Palisades,90272,Brentwood - Pacific Palisades,yes,Dwelling - Single Family,2025-12-26,2026-03-04,,Issued (under construction),Issued,2026-03-04,Type V-B Construction,Type V (wood-frame),2781.0,600000.0,24.8,no,15309 W MCKENDREE AVE,34.0528,-118.5259
25010-10000-06369,Pacific Palisades,90272,Brentwood - Pacific Palisades,no,Dwelling - Single Family,2025-12-28,2026-06-24,,Issued (under construction),Issued,2026-06-24,Type V-B Construction,Type V (wood-frame),2926.0,1000000.0,22.0,yes,1026-1028 N EMBURY ST,34.0478,-118.5232
25010-10000-06260,Pacific Palisades,90272,Brentwood - Pacific Palisades,yes,Dwelling - Single Family,2025-12-29,2026-05-19,,Issued (under construction),Issued,2026-05-19,Type V-B Construction,Type V (wood-frame),7006.5,1400000.0,27.97,no,13717 W ROMANY DR,34.0549,-118.5056
25010-10000-06450,Pacific Palisades,90272,Brentwood - Pacific Palisades,no,Dwelling - Single Family,2025-12-29,2026-03-17,,Issued (under construction),Issued,2026-03-17,Type V-B Construction,Type V (wood-frame),3107.0,660000.0,27.9,yes,761 N HARTZELL ST,34.0429,-118.5193
25010-10000-06577,Encino / Tarzana,91316,Encino - Tarzana,no,Dwelling - Single Family,2025-12-29,,,In plan check,Verifications in Progress,2026-08-21,Type V-B Construction,Type V (wood-frame),,1400000.0,,no,17121 W RANCHO ST,34.1583,-118.5068
25010-10000-06579,Encino / Tarzana,91316,Encino - Tarzana,no,Dwelling - Single Family,2025-12-29,,,In plan check,Verifications in Progress,2026-08-21,Type V-B Construction,Type V (wood-frame),10388.0,1600000.0,24.71,no,17115 W RANCHO ST,34.1582,-118.5064
25010-20000-06559,Pacific Palisades,90272,Brentwood - Pacific Palisades,no,Dwelling - Single Family,2025-12-29,,,In plan check,PC Info Complete,2026-04-29,Type V-B Construction,Type V (wood-frame),4869.81,520000.0,30.0,no,548 N CHAPALA DR,34.039,-118.5208
25010-20000-06561,Pacific Palisades,90272,Brentwood - Pacific Palisades,no,Garage - Private,2025-12-29,,,In plan check,PC Info Complete,2026-04-29,Type V-B Construction,Type V (wood-frame),0.0,30000.0,14.83,no,548 N CHAPALA DR,34.039,-118.5208
25010-20000-06569,Pacific Palisades,90272,Brentwood - Pacific Palisades,yes,Dwelling - Single Family,2025-12-29,2026-05-01,,Issued (under construction),Issued,2026-05-01,Type V-B Construction,Type V (wood-frame),9555.98,1000000.0,33.0,no,543 N RADCLIFFE AVE,34.0397,-118.5318
25010-20000-06572,Pacific Palisades,90272,Brentwood - Pacific Palisades,no,Dwelling - Single Family,2025-12-29,,,In plan check,PC Info Complete,2026-09-10,Type V-B Construction,Type V (wood-frame),4747.56,523000.0,29.75,no,719 N CHAPALA DR,34.0405,-118.5219
25010-20000-06573,Pacific Palisades,90272,Brentwood - Pacific Palisades,no,Accessory Dwelling Unit,2025-12-29,,,In plan check,PC Info Complete,2026-09-10,Type V-B Construction,Type V (wood-frame),346.21,33500.0,11.58,no,717 N CHAPALA DR,34.0405,-118.522
25010-20000-06574,Pacific Palisades,90272,Brentwood - Pacific Palisades,no,Dwelling - Single Family,2025-12-29,,,In plan check,Quality Review Completed,2026-01-05,Type V-B Construction,Type V (wood-frame),,600000.0,,yes,15248 W DE PAUW ST,34.0378,-118.5255
25010-30000-06560,Pacific Palisades,90272,Brentwood - Pacific Palisades,yes,Dwelling - Single Family,2025-12-29,2026-05-04,,Issued (under construction),Issued,2026-05-04,Type V-B Construction,Type V (wood-frame),1667.0,225000.0,15.2,yes,825 N MUSKINGUM AVE,34.0497,-118.5353
25010-30000-06568,Pacific Palisades,90272,Brentwood - Pacific Palisades,no,Dwelling - Single Family,2025-12-29,2026-03-02,,Issued (under construction),Issued,2026-03-02,Type V-B Construction,Type V (wood-frame),2220.0,428000.0,26.17,yes,817 N GALLOWAY ST,34.0438,-118.5205
25010-30000-06581,Pacific Palisades,90272,Brentwood - Pacific Palisades,yes,Dwelling - Single Family,2025-12-29,2026-03-09,,Issued (under construction),Issued,2026-03-09,Type V-B Construction,Type V (wood-frame),3001.0,574000.0,30.24,yes,983 N JACON WAY,34.0547,-118.5483
25010-30000-06583,Pacific Palisades,90272,Brentwood - Pacific Palisades,no,Dwelling - Single Family,2025-12-29,2026-05-04,,Issued (under construction),Issued,2026-05-04,Type V-B Construction,Type V (wood-frame),3026.0,660000.0,25.16,yes,17023 W LIVORNO DR,34.0085,-118.44
25010-30000-06585,Pacific Palisades,90272,Brentwood - Pacific Palisades,yes,Dwelling - Single Family,2025-12-29,,,In plan check,PC Info Complete,2026-06-26,Type V-B Construction,Type V (wood-frame),4441.0,700000.0,14.5,no,1053 N GLENHAVEN DR,34.0539,-118.5472
25014-10000-05683,Pacific Palisades,90272,Brentwood - Pacific Palisades,no,Accessory Dwelling Unit,2025-12-29,,,In plan check,PC Info Complete,2026-05-05,Type V-B Construction,Type V (wood-frame),799.0,80699.0,22.67,yes,15274 W DE PAUW ST,34.0385,-118.5263
26010-10000-00158,Encino / Tarzana,91316,Encino - Tarzana,no,Accessory Dwelling Unit,2025-12-29,,,In plan check,Verifications in Progress,2026-08-21,Type V-B Construction,Type V (wood-frame),929.82,93930.0,17.5,no,17117 W RANCHO ST,34.1587,-118.5065
26010-10000-00205,Encino / Tarzana,91316,Encino - Tarzana,no,Accessory Dwelling Unit,2025-12-29,,,In plan check,Verifications in Progress,2026-08-21,Type V-B Construction,Type V (wood-frame),,93930.0,,no,17123 W RANCHO ST,34.1588,-118.507
25010-10000-06335,Pacific Palisades,90272,Brentwood - Pacific Palisades,no,Dwelling - Single Family,2025-12-30,2026-03-05,,Issued (under construction),Issued,2026-03-05,Type V-B Construction,Type V (wood-frame),1813.0,350000.0,15.3,yes,751 N ILIFF ST,34.0428,-118.5182
25010-10000-06439,Pacific Palisades,90272,Brentwood - Pacific Palisades,no,Dwelling - Single Family,2025-12-30,2026-04-27,,Issued (under construction),Issued,2026-04-27,Type V-B Construction,Type V (wood-frame),3677.0,550000.0,30.58,yes,1104 N VIA DE LA PAZ,34.0491,-118.5265
25010-10000-06460,Pacific Palisades,90272,Brentwood - Pacific Palisades,no,Dwelling - Single Family,2025-12-30,,,In plan check,PC Info Complete,2026-05-12,Type II-A Construction,Type I/II (non-combustible),1512.0,750000.0,16.75,yes,935 N EMBURY ST,34.0462,-118.5231
25010-10000-06467,Pacific Palisades,90272,Brentwood - Pacific Palisades,yes,Dwelling - Single Family,2025-12-30,2026-08-17,,Issued (under construction),Issued,2026-08-17,Type V-B Construction,Type V (wood-frame),3213.0,500000.0,25.67,no,15426 W BESTOR BLVD,34.0512,-118.527
25010-10000-06479,Pacific Palisades,90272,Brentwood - Pacific Palisades,yes,Dwelling - Single Family,2025-12-30,2026-04-08,,Issued (under construction),Issued,2026-04-08,Type V-B Construction,Type V (wood-frame),1983.0,200000.0,14.5,yes,15400 W ALBRIGHT ST,34.0491,-118.5269
25010-10000-06491,Pacific Palisades,90272,Brentwood - Pacific Palisades,no,Dwelling - Single Family,2025-12-30,,,In plan check,PC Info Complete,2026-04-13,Type V-B Construction,Type V (wood-frame),5749.79,1200000.0,29.08,yes,614 N ALMA REAL DR,34.0387,-118.5234
25010-10000-06570,Pacific Palisades,90272,Brentwood - Pacific Palisades,no,Dwelling - Single Family,2025-12-30,,,In plan check,PC Info Complete,2026-08-19,Type V-B Construction,Type V (wood-frame),6509.0,650000.0,27.25,yes,15308 W DE PAUW ST,34.0392,-118.5266
25010-10000-06601,Pacific Palisades,90272,Brentwood - Pacific Palisades,yes,Dwelling - Single Family,2025-12-30,2026-07-07,,Issued (under construction),Issued,2026-07-07,Type V-B Construction,Type V (wood-frame),4846.0,1956850.0,33.0,yes,545 N MARQUETTE ST,34.0448,-118.5424
25010-10000-06611,Pacific Palisades,90272,Brentwood - Pacific Palisades,no,Dwelling - Single Family,2025-12-30,2026-07-10,,Issued (under construction),Issued,2026-07-10,Type V-B Construction,Type V (wood-frame),4757.0,1000000.0,26.3,yes,14817 W PAMPAS RICAS BLVD,34.0411,-118.519
25010-20000-06616,Pacific Palisades,90272,Brentwood - Pacific Palisades,no,Dwelling - Single Family,2025-12-30,,,In plan check,PC Info Complete,2026-07-08,Type V-B Construction,Type V (wood-frame),7504.0,800000.0,28.0,yes,711 N CHAPALA DR,34.0403,-118.5217
25010-20000-06618,Pacific Palisades,90272,Brentwood - Pacific Palisades,no,Dwelling - Single Family,2025-12-30,2026-06-04,,Issued (under construction),Issued,2026-06-04,Type V-B Construction,Type V (wood-frame),4322.0,550000.0,30.25,no,1133 N KAGAWA ST,34.0505,-118.5188
25010-20000-06633,Pacific Palisades,90272,Brentwood - Pacific Palisades,yes,Dwelling - Single Family,2025-12-30,2026-05-26,,Issued (under construction),Issued,2026-05-26,Type V-B Construction,Type V (wood-frame),4040.2,480000.0,30.8,no,16735 W MARQUEZ TER,34.0476,-118.5459
25010-30000-06486,Pacific Palisades,90272,Brentwood - Pacific Palisades,yes,Dwelling - Single Family,2025-12-30,,,In plan check,Verifications in Progress,2026-06-15,Type V-B Construction,Type V (wood-frame),,1355000.0,,yes,14203 W SUNSET BLVD,34.0512,-118.51
25010-30000-06487,Pacific Palisades,90272,Brentwood - Pacific Palisades,yes,Accessory Dwelling Unit,2025-12-30,,,In plan check,Verifications in Progress,2026-06-15,Type V-B Construction,Type V (wood-frame),,95000.0,,yes,14203 W SUNSET BLVD,34.0512,-118.51
25010-30000-06605,Pacific Palisades,90272,Brentwood - Pacific Palisades,no,Dwelling - Single Family,2025-12-30,2026-06-08,,Issued (under construction),Issued,2026-06-08,Type V-B Construction,Type V (wood-frame),2580.0,400000.0,22.25,yes,16746 W BOLLINGER DR,34.0461,-118.5445
25010-30000-06609,Pacific Palisades,90272,Brentwood - Pacific Palisades,yes,,2025-12-30,,,In plan check,Verifications in Progress,2026-04-06,,Not stated,,826200.0,,no,1332 LUNA VISTA DR,34.0612,-118.5516
25010-30000-06621,Pacific Palisades,90272,Brentwood - Pacific Palisades,yes,Dwelling - Single Family,2025-12-30,2026-05-28,,Issued (under construction),Issued,2026-05-28,Type V-A Construction,Type V (wood-frame),4597.0,900000.0,24.2,yes,521-523 N MOUNT HOLYOKE AVE,34.0391,-118.5307
25010-30000-06623,Pacific Palisades,90272,Brentwood - Pacific Palisades,yes,Accessory Dwelling Unit,2025-12-30,,,In plan check,PC Approved,2026-05-22,Type V-A Construction,Type V (wood-frame),718.0,200000.0,20.9,yes,519 N MOUNT HOLYOKE AVE,34.0393,-118.5309
25010-30000-06625,Pacific Palisades,90272,Brentwood - Pacific Palisades,no,Dwelling - Single Family,2025-12-30,2026-06-22,,Issued (under construction),Issued,2026-06-22,Type V-B Construction,Type V (wood-frame),4537.0,700000.0,27.25,yes,717 N SWARTHMORE AVE,34.043,-118.5271
26010-10000-00140,Pacific Palisades,90272,Brentwood - Pacific Palisades,no,Accessory Dwelling Unit,2025-12-30,2026-07-17,,Issued (under construction),Issued,2026-07-17,Type V-B Construction,Type V (wood-frame),342.0,125000.0,14.1,yes,14819 W PAMPAS RICAS BLVD,34.0412,-118.5192
26010-20000-00141,Pacific Palisades,90272,Brentwood - Pacific Palisades,yes,Garage - Private,2025-12-30,2026-04-08,,Issued (under construction),Issued,2026-04-08,Type V-B Construction,Type V (wood-frame),0.0,10000.0,10.5,yes,15400 W ALBRIGHT ST,34.0491,-118.5269
25010-10000-06436,Pacific Palisades,90272,Brentwood - Pacific Palisades,no,Accessory Dwelling Unit,2025-12-31,,,In plan check,Quality Review Completed,2026-01-22,,Not stated,,500000.0,,no,330 N VIA DE LA PAZ,34.0367,-118.5295
25010-10000-06494,Pacific Palisades,90272,Brentwood - Pacific Palisades,no,Dwelling - Single Family,2025-12-31,2026-06-25,,Issued (under construction),Issued,2026-06-25,Type V-B Construction,Type V (wood-frame),4250.9,411000.0,29.21,no,542 N TAHQUITZ PL,34.0436,-118.5383
25010-10000-06617,Pacific Palisades,90272,Brentwood - Pacific Palisades,no,Dwelling - Single Family,2025-12-31,2026-08-13,,Issued (under construction),Issued,2026-08-13,Type V-B Construction,Type V (wood-frame),3468.0,667500.0,17.75,yes,15240 W DE PAUW ST,34.0376,-118.5254
25010-30000-06649,Pacific Palisades,90272,Brentwood - Pacific Palisades,no,Dwelling - Single Family,2025-12-31,2026-03-13,,Issued (under construction),Issued,2026-03-13,Type V-B Construction,Type V (wood-frame),4043.0,450000.0,23.0,yes,755 N ILIFF ST,34.0429,-118.5182
25010-30000-06650,Pacific Palisades,90272,Brentwood - Pacific Palisades,yes,Dwelling - Single Family,2025-12-31,,,In plan check,PC Info Complete,2026-09-03,Type V-B Construction,Type V (wood-frame),6915.0,1120000.0,31.17,yes,17478-17482 W REVELLO DR,34.04,-118.5571
25010-30000-06652,Pacific Palisades,90272,Brentwood - Pacific Palisades,no,Dwelling - Single Family,2025-12-31,,,In plan check,PC Info Complete,2026-09-09,Type V-B Construction,Type V (wood-frame),2165.0,450000.0,27.5,yes,902 N EMBURY ST,34.0453,-118.5226
25010-30000-06654,Pacific Palisades,90272,Brentwood - Pacific Palisades,no,Accessory Dwelling Unit,2025-12-31,,,In plan check,PC Info Complete,2026-09-09,Type V-B Construction,Type V (wood-frame),600.0,125000.0,14.41,yes,902 N EMBURY ST,34.0453,-118.5226
25010-30000-06666,Pacific Palisades,90272,Brentwood - Pacific Palisades,yes,Accessory Dwelling Unit,2025-12-31,2026-02-24,,Issued (under construction),Issued,2026-02-24,Type V-B Construction,Type V (wood-frame),7125.0,600000.0,34.67,yes,15016-15018 W MCKENDREE AVE,34.0526,-118.5235
25010-30000-06678,Pacific Palisades,90272,Brentwood - Pacific Palisades,no,Dwelling - Single Family,2025-12-31,,,In plan check,Verifications in Progress,2026-04-30,Type V-B Construction,Type V (wood-frame),,755872.0,,yes,16751 W EDGAR ST,34.0465,-118.5455
25014-30000-05775,Pacific Palisades,90272,Brentwood - Pacific Palisades,yes,Dwelling - Single Family,2025-12-31,2026-07-14,,Issued (under construction),Issued,2026-07-14,Type V-B Construction,Type V (wood-frame),6915.0,2500000.0,28.0,yes,14635 W WHITFIELD AVE,34.0519,-118.5195
25014-30000-05802,Pacific Palisades,90272,Brentwood - Pacific Palisades,no,Dwelling - Single Family,2025-12-31,2026-05-11,,Issued (under construction),Issued,2026-05-11,Type V-B Construction,Type V (wood-frame),4045.0,525000.0,27.67,yes,501 N LAS CASAS AVE,34.0439,-118.5435
26010-10000-00137,Pacific Palisades,90272,Brentwood - Pacific Palisades,no,Garage - Private,2025-12-31,2026-06-29,,Issued (under construction),Issued,2026-06-29,Type V-B Construction,Type V (wood-frame),0.0,27000.0,15.4,no,542 N TAHQUITZ PL,34.0436,-118.5383
26010-10000-00612,Encino / Tarzana,91356,Encino - Tarzana,yes,Dwelling - Single Family,2026-01-02,,,In plan check,Quality Review Completed,2026-03-02,Type V-B Construction,Type V (wood-frame),,1.0,,no,5021 N TOPEKA DR,34.1615,-118.5462
26010-20000-00020,Encino / Tarzana,91356,Encino - Tarzana,yes,Dwelling - Single Family,2026-01-02,,,In plan check,Quality Review Completed,2026-03-02,Type V-B Construction,Type V (wood-frame),,600000.0,,no,5021 N TOPEKA DR,34.1615,-118.5462
25010-10000-06478,Pacific Palisades,90272,Brentwood - Pacific Palisades,no,Dwelling - Single Family,2026-01-05,2026-05-21,,Issued (under construction),Issued,2026-05-21,Type V-B Construction,Type V (wood-frame),3348.0,250000.0,26.92,yes,807 N HARTZELL ST,34.0436,-118.5194
25010-10000-06599,Pacific Palisades,90272,Brentwood - Pacific Palisades,yes,,2026-01-05,,,In plan check,Quality Review Completed,2026-01-13,,Not stated,,19880.0,,no,13717 W ROMANY DR,34.0549,-118.5056
25010-10000-06677,Pacific Palisades,90272,Brentwood - Pacific Palisades,yes,Dwelling - Single Family,2026-01-05,,,In plan check,PC Approved,2026-07-24,Type V-B Construction,Type V (wood-frame),4795.0,500000.0,25.9,no,1206 N CHAUTAUQUA BLVD,34.0518,-118.518
26010-30000-00047,Pacific Palisades,90272,Brentwood - Pacific Palisades,no,Dwelling - Single Family,2026-01-05,2026-04-02,,Issued (under construction),Issued,2026-04-02,Type V-B Construction,Type V (wood-frame),3585.0,500000.0,32.0,yes,1135 N CHAUTAUQUA BLVD,34.0508,-118.5179
25010-10000-05783,Pacific Palisades,90272,Brentwood - Pacific Palisades,no,Dwelling - Single Family,2026-01-06,,,In plan check,Verifications in Progress,2026-03-16,Type V-B Construction,Type V (wood-frame),,600000.0,,yes,526 N EL MEDIO AVE,34.0426,-118.5345
25010-10000-06592,Pacific Palisades,90272,Brentwood - Pacific Palisades,yes,Dwelling - Single Family,2026-01-06,,,In plan check,PC Info Complete,2026-08-21,Type V-B Construction,Type V (wood-frame),2925.0,350000.0,29.9,yes,614 N SWARTHMORE AVE,34.0409,-118.5275
26010-10000-00154,Pacific Palisades,90272,Brentwood - Pacific Palisades,no,Recreation Room,2026-01-06,,,In plan check,Verifications in Progress,2026-03-16,Type V-B Construction,Type V (wood-frame),,30000.0,,no,526 N EL MEDIO AVE,34.0426,-118.5345
25010-10000-05679,Pacific Palisades,90272,Brentwood - Pacific Palisades,no,Dwelling - Single Family,2026-01-07,2026-03-11,,Issued (under construction),Issued,2026-03-11,Type V-B Construction,Type V (wood-frame),3249.0,600000.0,25.0,yes,827 N HARTZELL ST,34.0441,-118.5195
25010-10000-06338,Pacific Palisades,90272,Brentwood - Pacific Palisades,no,Dwelling - Single Family,2026-01-07,2026-07-06,,Issued (under construction),Issued,2026-07-06,Type V-B Construction,Type V (wood-frame),3530.0,358651.0,30.08,yes,15351 W VIA DE LAS OLAS,34.036,-118.529
25010-10000-06367,Pacific Palisades,90272,Brentwood - Pacific Palisades,yes,Dwelling - Single Family,2026-01-07,2026-06-11,,Issued (under construction),Issued,2026-06-11,Type V-B Construction,Type V (wood-frame),3192.0,619200.0,32.64,no,672 N ERSKINE DR,34.0448,-118.5327
25010-10000-06438,Pacific Palisades,90272,Brentwood - Pacific Palisades,yes,Dwelling - Single Family,2026-01-07,2026-03-06,,Issued (under construction),Issued,2026-03-06,Type V-B Construction,Type V (wood-frame),2024.0,350000.0,14.5,no,1337 N LAS CANOAS ROAD,34.0544,-118.5383
25010-10000-06496,Pacific Palisades,90272,Brentwood - Pacific Palisades,yes,Dwelling - Single Family,2026-01-07,2026-04-20,,Issued (under construction),Issued,2026-04-20,Type V-B Construction,Type V (wood-frame),7184.0,1800000.0,33.83,no,15205 E DE PAUW ST,34.0365,-118.525
25010-10000-06506,Pacific Palisades,90272,Brentwood - Pacific Palisades,no,Accessory Dwelling Unit,2026-01-07,2026-04-24,,Issued (under construction),Issued,2026-04-24,Type V-B Construction,Type V (wood-frame),323.0,44000.0,15.5,no,1104 N VIA DE LA PAZ,34.0491,-118.5265
25010-10000-06563,Pacific Palisades,90272,Brentwood - Pacific Palisades,yes,Dwelling - Single Family,2026-01-07,2026-08-03,,Issued (under construction),Issued,2026-08-03,Type V-B Construction,Type V (wood-frame),4791.0,1500000.0,28.0,yes,16658 W VIA PACIFICA,34.0746,-118.5467
26010-10000-00053,Pacific Palisades,90272,Brentwood - Pacific Palisades,no,Dwelling - Single Family,2026-01-07,2026-07-07,,Issued (under construction),Issued,2026-07-07,Type V-B Construction,Type V (wood-frame),3673.0,900000.0,26.41,yes,16900 W MARQUEZ AVE,34.0446,-118.5482
26010-10000-00054,Pacific Palisades,90272,Brentwood - Pacific Palisades,no,Dwelling - Single Family,2026-01-07,2026-03-05,,Issued (under construction),Issued,2026-03-05,Type V-B Construction,Type V (wood-frame),1610.0,750000.0,17.9,yes,424 N BEIRUT AVE,34.0379,-118.5303
26010-10000-00076,Pacific Palisades,90272,Brentwood - Pacific Palisades,no,Accessory Dwelling Unit,2026-01-07,2026-03-04,,Issued (under construction),Issued,2026-03-04,Type V-B Construction,Type V (wood-frame),441.0,50000.0,15.5,no,865 N TOYOPA DR,34.0438,-118.5233
26010-10000-00276,Pacific Palisades,90272,Brentwood - Pacific Palisades,no,Accessory Dwelling Unit,2026-01-07,2026-03-12,,Issued (under construction),Issued,2026-03-12,Type V-B Construction,Type V (wood-frame),220.0,200000.0,18.0,no,15925 W NORTHFIELD ST,34.0455,-118.5343
25010-10000-06321,Pacific Palisades,90272,Brentwood - Pacific Palisades,no,Dwelling - Single Family,2026-01-08,2026-05-22,,Issued (under construction),Issued,2026-05-22,Type V-B Construction,Type V (wood-frame),4069.0,950000.0,30.0,yes,659 N ERSKINE DR,34.0444,-118.5327
25010-10000-06588,Pacific Palisades,90272,Brentwood - Pacific Palisades,yes,Dwelling - Single Family,2026-01-08,2026-04-15,,Issued (under construction),Issued,2026-04-15,Type V-B Construction,Type V (wood-frame),3003.0,2000000.0,19.0,yes,207 N TRANQUILLO ROAD,34.0431,-118.5626
25010-10000-06591,Pacific Palisades,90272,Brentwood - Pacific Palisades,yes,Dwelling - Single Family,2026-01-08,2026-05-04,,Issued (under construction),Issued,2026-05-04,Type V-B Construction,Type V (wood-frame),2966.0,1500000.0,28.0,yes,420 N LOMBARD AVE,34.0369,-118.5266
26010-10000-00105,Bel Air / Beverly Crest,90210,Bel Air - Beverly Crest,yes,Patio Cover,2026-01-08,2026-06-02,,Issued (under construction),Issued,2026-06-02,Type V-B Construction,Type V (wood-frame),278.0,15000.0,9.33,no,67 S BEVERLY PARK CT,34.1233,-118.4181
26010-10000-00280,Pacific Palisades,90272,Brentwood - Pacific Palisades,no,Garage - Private,2026-01-08,2026-05-22,,Issued (under construction),Issued,2026-05-22,Type V-B Construction,Type V (wood-frame),0.0,100000.0,14.0,yes,659 N ERSKINE DR,34.0444,-118.5327
25010-10000-05842,Pacific Palisades,90272,Brentwood - Pacific Palisades,no,Dwelling - Single Family,2026-01-09,2026-04-20,,Issued (under construction),Issued,2026-04-20,Type V-B Construction,Type V (wood-frame),2244.0,200000.0,25.17,no,1039 N EMBURY ST,34.0481,-118.5235
25010-10000-06323,Pacific Palisades,90272,Brentwood - Pacific Palisades,yes,Dwelling - Single Family,2026-01-09,2026-05-22,,Issued (under construction),Issued,2026-05-22,Type V-B Construction,Type V (wood-frame),3484.4,300000.0,26.42,no,1290 N MONUMENT ST,34.0534,-118.5236
25010-10000-06377,Pacific Palisades,90272,Brentwood - Pacific Palisades,yes,Dwelling - Single Family,2026-01-09,2026-03-23,,Issued (under construction),Issued,2026-03-23,Type V-B Construction,Type V (wood-frame),6360.0,750000.0,30.0,yes,15253 W DE PAUW ST,34.0381,-118.5254
25014-10000-05123,Pacific Palisades,90272,Brentwood - Pacific Palisades,yes,Accessory Dwelling Unit,2026-01-09,2026-04-23,,Issued (under construction),Issued,2026-04-23,Type V-B Construction,Type V (wood-frame),511.0,850000.0,18.0,yes,209 N QUADRO VECCHIO DR,34.0422,-118.5597
26010-10000-00094,Pacific Palisades,90272,Brentwood - Pacific Palisades,yes,Dwelling - Single Family,2026-01-09,2026-03-11,,Issued (under construction),Issued,2026-03-11,Type V-B Construction,Type V (wood-frame),2729.0,750000.0,28.0,yes,826 N BIENVENEDA AVE,34.0496,-118.5392
26010-10000-00308,Pacific Palisades,90272,Brentwood - Pacific Palisades,no,Accessory Dwelling Unit,2026-01-09,2026-06-02,,Issued (under construction),Issued,2026-06-02,Type V-B Construction,Type V (wood-frame),404.0,200000.0,14.92,no,1039 N EMBURY ST,34.0481,-118.5235
26010-20000-00155,Pacific Palisades,90272,Brentwood - Pacific Palisades,yes,Servant's Quarters,2026-01-12,2026-03-18,,Issued (under construction),Issued,2026-03-18,Type V-B Construction,Type V (wood-frame),608.0,55000.0,17.58,no,14100 W SUNSET BLVD,34.0482,-118.5099
26010-30000-00150,Pacific Palisades,90272,Brentwood - Pacific Palisades,yes,Dwelling - Single Family,2026-01-12,2026-08-10,,Issued (under construction),Issued,2026-08-10,Type V-B Construction,Type V (wood-frame),3901.0,823400.0,22.91,yes,1207 N RIMMER AVE,34.0516,-118.5272
26010-30000-00161,Pacific Palisades,90272,Brentwood - Pacific Palisades,yes,Dwelling - Single Family,2026-01-12,,,In plan check,Verifications in Progress,2026-06-09,Type V-B Construction,Type V (wood-frame),,1300000.0,33.0,yes,14736 W MCKENDREE AVE,34.0522,-118.5209
25010-10000-05857,Pacific Palisades,90272,Brentwood - Pacific Palisades,no,Dwelling - Single Family,2026-01-13,2026-03-19,,Issued (under construction),Issued,2026-03-19,Type V-B Construction,Type V (wood-frame),1342.0,750000.0,15.5,yes,819 N HAVERFORD AVE,34.0456,-118.5289
25010-10000-06441,Pacific Palisades,90272,Brentwood - Pacific Palisades,no,Dwelling - Single Family,2026-01-13,,,In plan check,Quality Review Completed,2026-01-22,,Not stated,,450000.0,,yes,854 N FISKE ST,34.0446,-118.5214
25010-10000-06575,Pacific Palisades,90272,Brentwood - Pacific Palisades,no,Dwelling - Single Family,2026-01-13,2026-04-14,,Issued (under construction),Issued,2026-04-14,Type V-B Construction,Type V (wood-frame),3825.0,600000.0,26.83,yes,810 N ILIFF ST,34.0439,-118.5182
25010-10000-06598,Pacific Palisades,90272,Brentwood - Pacific Palisades,yes,Dwelling - Single Family,2026-01-13,2026-06-22,,Issued (under construction),Issued,2026-06-22,Type V-B Construction,Type V (wood-frame),2898.0,721820.0,15.58,yes,705 N VIA SANTA YNEZ,34.0479,-118.55
26010-10000-00052,Pacific Palisades,90272,Brentwood - Pacific Palisades,yes,Dwelling - Single Family,2026-01-13,2026-06-23,,Issued (under construction),Issued,2026-06-23,Type V-B Construction,Type V (wood-frame),1916.0,750000.0,25.5,yes,1291 N MONUMENT ST,34.0536,-118.5238
26010-10000-00056,Pacific Palisades,90272,Brentwood - Pacific Palisades,yes,Dwelling - Single Family,2026-01-13,2026-07-22,,Issued (under construction),Issued,2026-07-22,Type V-B Construction,Type V (wood-frame),3019.0,1750000.0,23.83,yes,800-800 1/2 N JACON WAY,34.051,-118.5466
26010-10000-00277,Pacific Palisades,90272,Brentwood - Pacific Palisades,no,Accessory Dwelling Unit,2026-01-13,2026-03-19,,Issued (under construction),Issued,2026-03-19,Type V-B Construction,Type V (wood-frame),373.0,75000.0,15.0,no,821 N HAVERFORD AVE,34.0456,-118.5291
26010-20000-00177,Pacific Palisades,90272,Brentwood - Pacific Palisades,no,Dwelling - Single Family,2026-01-13,2026-05-19,,Issued (under construction),Issued,2026-05-19,Type V-B Construction,Type V (wood-frame),3308.0,312000.0,25.92,yes,406 N SWARTHMORE AVE,34.0371,-118.5284
26010-20000-00178,Pacific Palisades,90272,Brentwood - Pacific Palisades,no,Accessory Dwelling Unit,2026-01-13,2026-05-19,,Issued (under construction),Issued,2026-05-19,Type V-B Construction,Type V (wood-frame),385.0,33000.0,14.42,yes,404 N SWARTHMORE AVE,34.0371,-118.5282
25010-30001-05242,Pacific Palisades,90272,Brentwood - Pacific Palisades,no,,2026-01-14,,,In plan check,PC Approved,2026-03-10,,Not stated,,40000.0,,yes,959 N FISKE ST,34.047,-118.5222
26010-10000-00043,Pacific Palisades,90272,Brentwood - Pacific Palisades,yes,,2026-01-14,,,In plan check,Quality Review Completed,2026-01-20,,Not stated,,1000000.0,,yes,16500 W AKRON ST,34.051,-118.5417
26010-10000-00109,Pacific Palisades,90272,Brentwood - Pacific Palisades,no,Accessory Dwelling Unit,2026-01-14,,,In plan check,Not Ready to Issue,2026-09-01,Type V-B Construction,Type V (wood-frame),805.0,200000.0,20.64,no,16073 W NORTHFIELD ST,34.0473,-118.5365
26010-10000-00111,Pacific Palisades,90272,Brentwood - Pacific Palisades,yes,Dwelling - Single Family,2026-01-14,,,In plan check,PC Info Complete,2026-09-03,Type V-B Construction,Type V (wood-frame),4129.37,1200000.0,32.67,yes,15324 W WHITFIELD AVE,34.0519,-118.5265
26010-10000-00114,Pacific Palisades,90272,Brentwood - Pacific Palisades,no,Dwelling - Single Family,2026-01-14,2026-05-27,,Issued (under construction),Issued,2026-05-27,Type V-B Construction,Type V (wood-frame),4008.0,4000000.0,26.5,yes,911 N ILIFF ST,34.0462,-118.5189
26010-20000-00203,Encino / Tarzana,91356,Encino - Tarzana,yes,Duplex,2026-01-14,,,In plan check,Quality Review Completed,2026-02-13,Type V-B Construction,Type V (wood-frame),5106.0,663780.0,,no,5021 N TOPEKA DR,34.1615,-118.5462
25010-10000-06508,Pacific Palisades,90272,Brentwood - Pacific Palisades,yes,Dwelling - Single Family,2026-01-15,,,In plan check,Ready to Issue,2026-09-10,Type V-B Construction,Type V (wood-frame),1869.0,500000.0,28.0,no,17833 W CASTELLAMMARE DR,34.0423,-118.5634
26010-10000-00148,Pacific Palisades,90272,Brentwood - Pacific Palisades,no,Dwelling - Single Family,2026-01-15,,,In plan check,PC Info Complete,2026-07-01,Type V-B Construction,Type V (wood-frame),4039.0,800000.0,29.25,yes,15248 W EARLHAM ST,34.0374,-118.5267
26010-30000-00222,Pacific Palisades,90272,Brentwood - Pacific Palisades,yes,Garage - Private,2026-01-15,2026-04-29,,Issued (under construction),Issued,2026-04-29,Type V-B Construction,Type V (wood-frame),0.0,30000.0,10.33,no,631 N VIA DE LA PAZ,34.0413,-118.5287
26010-30000-00226,Pacific Palisades,90272,Brentwood - Pacific Palisades,no,Dwelling - Single Family,2026-01-15,2026-03-17,,Issued (under construction),Issued,2026-03-17,Type V-B Construction,Type V (wood-frame),3343.0,750000.0,30.0,yes,16063 W AIGLON ST,34.0452,-118.5379
25010-10000-06008,Pacific Palisades,90272,Brentwood - Pacific Palisades,no,Dwelling - Single Family,2026-01-16,,,In plan check,Verifications in Progress,2026-06-25,Type V-A Construction,Type V (wood-frame),,1100000.0,30.0,no,739 N HAVERFORD AVE na,34.044,-118.5293
25010-10000-06388,Pacific Palisades,90272,Brentwood - Pacific Palisades,yes,Dwelling - Single Family,2026-01-16,,,In plan check,PC Info Complete,2026-04-08,Type V-B Construction,Type V (wood-frame),5874.0,1612200.0,37.1,yes,15468 W ALBRIGHT ST,34.0508,-118.5274
26010-10000-00100,Pacific Palisades,90272,Brentwood - Pacific Palisades,no,Dwelling - Single Family,2026-01-16,2026-06-08,,Issued (under construction),Issued,2026-06-08,Type V-B Construction,Type V (wood-frame),4049.0,500000.0,25.83,yes,848 N RADCLIFFE AVE,34.0466,-118.5293
26010-20000-00232,Bel Air / Beverly Crest,90077,Bel Air - Beverly Crest,yes,Patio Cover,2026-01-16,,,In plan check,Corrections Issued,2026-01-16,,Not stated,,15000.0,10.5,no,3039 N ROSCOMARE ROAD,34.1287,-118.468
26010-20000-00242,Pacific Palisades,90272,Brentwood - Pacific Palisades,no,Dwelling - Single Family,2026-01-16,2026-02-18,,Issued (under construction),Issued,2026-02-18,Type V-B Construction,Type V (wood-frame),5504.0,735000.0,26.0,yes,507 N EL MEDIO AVE,34.0423,-118.5348
26010-30000-00231,Pacific Palisades,90272,Brentwood - Pacific Palisades,no,Dwelling - Single Family,2026-01-16,2026-03-02,,Issued (under construction),Issued,2026-03-02,Type V-B Construction,Type V (wood-frame),2847.0,600000.0,28.42,yes,1118 N HARTZELL ST,34.0498,-118.5205
26010-30000-00236,Pacific Palisades,90272,Brentwood - Pacific Palisades,yes,,2026-01-16,,,In plan check,Quality Review Completed,2026-01-26,,Not stated,,400000.0,,yes,310 N BELLINO DR,34.0457,-118.5605
26010-30000-00237,Pacific Palisades,90272,Brentwood - Pacific Palisades,yes,,2026-01-16,,,In plan check,Quality Review Completed,2026-01-26,,Not stated,,200000.0,,no,310 N BELLINO DR,34.0457,-118.5605
26010-30000-00238,Pacific Palisades,90272,Brentwood - Pacific Palisades,yes,,2026-01-16,,,In plan check,Quality Review Completed,2026-01-26,,Not stated,,50000.0,,yes,310 N BELLINO DR,34.0457,-118.5605
26010-30000-00245,Pacific Palisades,90272,Brentwood - Pacific Palisades,yes,Dwelling - Single Family,2026-01-16,2026-05-12,,Issued (under construction),Issued,2026-05-12,Type V-B Construction,Type V (wood-frame),3977.0,500000.0,26.67,yes,653 N JACON WAY,34.0485,-118.5475
26010-30000-00256,Pacific Palisades,90272,Brentwood - Pacific Palisades,no,Dwelling - Single Family,2026-01-16,2026-07-21,,Issued (under construction),Issued,2026-07-21,Type V-B Construction,Type V (wood-frame),4488.0,800000.0,26.67,yes,16036 W TEMECULA ST,34.0458,-118.5365
26014-10000-00082,Pacific Palisades,90272,Brentwood - Pacific Palisades,yes,,2026-01-16,,,In plan check,Verifications in Progress,2026-08-06,Type V-B Construction,Type V (wood-frame),,300000.0,,no,667 N VIA DE LA PAZ,34.0423,-118.5285
26010-10000-00180,Pacific Palisades,90272,Brentwood - Pacific Palisades,yes,Dwelling - Single Family,2026-01-19,2026-07-31,,Issued (under construction),Issued,2026-07-31,Type V-B Construction,Type V (wood-frame),4530.0,950000.0,27.5,yes,1636 S CHASTAIN PKWY EAST,34.0757,-118.5482
25010-10000-05533,Pacific Palisades,90272,Brentwood - Pacific Palisades,no,Dwelling - Single Family,2026-01-20,2026-05-12,,Issued (under construction),Issued,2026-05-12,Type V-B Construction,Type V (wood-frame),3610.0,890000.0,23.83,yes,16800 W EDGAR ST,34.0454,-118.5462
25010-10000-06473,Pacific Palisades,90272,Brentwood - Pacific Palisades,no,Dwelling - Single Family,2026-01-20,,,In plan check,PC Info Complete,2026-08-18,Type V-B Construction,Type V (wood-frame),4073.0,942675.0,27.91,yes,1171 N EMBURY ST n/a,34.0508,-118.5241
25010-10000-06671,Pacific Palisades,90272,Brentwood - Pacific Palisades,yes,,2026-01-20,,,In plan check,Quality Review Completed,2026-02-16,,Not stated,,800000.0,,no,864 N CHATTANOOGA AVE,34.0494,-118.5433
26010-10000-00039,Pacific Palisades,90272,Brentwood - Pacific Palisades,no,Dwelling - Single Family,2026-01-20,2026-06-03,,Issued (under construction),Issued,2026-06-03,Type V-B Construction,Type V (wood-frame),3982.0,1058794.0,33.0,yes,605 N SWARTHMORE AVE,34.0404,-118.5278
26010-10000-00201,Pacific Palisades,90272,Brentwood - Pacific Palisades,no,Dwelling - Single Family,2026-01-20,2026-06-02,,Issued (under construction),Issued,2026-06-02,Type V-B Construction,Type V (wood-frame),6828.0,1309000.0,33.64,no,718 N RADCLIFFE AVE,34.0436,-118.5303
26010-10000-00234,Pacific Palisades,90272,Brentwood - Pacific Palisades,yes,Dwelling - Single Family,2026-01-20,2026-04-03,,Issued (under construction),Issued,2026-04-03,Type V-B Construction,Type V (wood-frame),2842.0,1278000.0,29.9,no,15449 W DE PAUW ST,34.0407,-118.5298
26010-20000-00291,Pacific Palisades,90272,Brentwood - Pacific Palisades,no,Dwelling - Single Family,2026-01-20,2026-05-07,,Issued (under construction),Issued,2026-05-07,Type V-B Construction,Type V (wood-frame),3599.0,490000.0,29.25,yes,521 N LOMBARD AVE,34.0386,-118.5268
26010-20000-00292,Pacific Palisades,90272,Brentwood - Pacific Palisades,no,Accessory Dwelling Unit,2026-01-20,2026-05-07,,Issued (under construction),Issued,2026-05-07,Type V-B Construction,Type V (wood-frame),320.0,35000.0,15.42,yes,519 N LOMBARD AVE,34.0386,-118.527
25010-10000-06378,Pacific Palisades,90272,Brentwood - Pacific Palisades,yes,Dwelling - Single Family,2026-01-21,2026-08-07,,Issued (under construction),Issued,2026-08-07,Type V-B Construction,Type V (wood-frame),4379.0,1500000.0,14.71,yes,527 N MUSKINGUM AVE,34.0433,-118.5391
26010-10000-00032,Pacific Palisades,90272,Brentwood - Pacific Palisades,yes,Dwelling - Single Family,2026-01-21,2026-09-10,,Issued (under construction),Issued,2026-09-10,Type V-B Construction,Type V (wood-frame),3249.0,905000.0,26.0,yes,654 N SWARTHMORE AVE,34.0418,-118.5273
26010-10000-00040,Pacific Palisades,90272,Brentwood - Pacific Palisades,yes,Dwelling - Single Family,2026-01-21,,,In plan check,Quality Review Completed,2026-02-09,,Not stated,,1000000.0,,no,1169 N CUMBRE ALTA CT,34.0695,-118.5544
26010-10000-00057,Pacific Palisades,90272,Brentwood - Pacific Palisades,yes,Dwelling - Single Family,2026-01-21,,,In plan check,Verifications in Progress,2026-06-02,Type V-B Construction,Type V (wood-frame),5360.0,824889.0,28.25,yes,17177 W AVENIDA DE LA HERRADURA,34.0772,-118.56
26010-10000-00297,Pacific Palisades,90272,Brentwood - Pacific Palisades,yes,Dwelling - Single Family,2026-01-21,,,In plan check,PC Info Complete,2026-09-10,Type V-B Construction,Type V (wood-frame),5568.0,1688720.0,27.75,yes,725 N VIA DE LA PAZ,34.0435,-118.5282
26010-20000-00312,Pacific Palisades,90272,Brentwood - Pacific Palisades,no,Dwelling - Single Family,2026-01-21,,,In plan check,PC Info Complete,2026-03-12,Type V-B Construction,Type V (wood-frame),3825.0,500000.0,27.91,no,847 N ILIFF ST,34.0448,-118.5186
26010-30000-00318,Pacific Palisades,90272,Brentwood - Pacific Palisades,no,Dwelling - Single Family,2026-01-21,2026-04-02,,Issued (under construction),Issued,2026-04-02,Type V-B Construction,Type V (wood-frame),3815.0,650000.0,27.54,yes,1158-1160 N CHARM ACRES PL,34.0503,-118.5259
26010-10000-00002,Pacific Palisades,90272,Brentwood - Pacific Palisades,yes,Dwelling - Single Family,2026-01-22,,,In plan check,Verifications in Progress,2026-08-20,Type V-B Construction,Type V (wood-frame),,2500000.0,,yes,679 N BIENVENEDA AVE,34.0482,-118.54
26010-10000-00119,Pacific Palisades,90272,Brentwood - Pacific Palisades,yes,Garage - Private,2026-01-22,2026-03-03,,Issued (under construction),Issued,2026-03-03,Type V-B Construction,Type V (wood-frame),442.0,200000.0,24.5,no,15061 W MCKENDREE AVE,34.0517,-118.5242
26010-10000-00210,Pacific Palisades,90272,Brentwood - Pacific Palisades,yes,Accessory Dwelling Unit,2026-01-22,2026-02-19,,Issued (under construction),Issued,2026-02-19,Type V-B Construction,Type V (wood-frame),276.0,75000.0,23.0,yes,14913 W WHITFIELD AVE,34.0523,-118.5224
26010-10000-00314,Pacific Palisades,90272,Brentwood - Pacific Palisades,yes,Accessory Dwelling Unit,2026-01-22,2026-03-20,,Issued (under construction),Issued,2026-03-20,Type V-B Construction,Type V (wood-frame),3149.0,1200000.0,31.64,yes,697-699 N BIENVENEDA AVE,34.0487,-118.5399
25010-10000-06268,Pacific Palisades,90272,Brentwood - Pacific Palisades,no,Dwelling - Single Family,2026-01-23,,,In plan check,PC Info Complete,2026-05-20,Type V-B Construction,Type V (wood-frame),2343.0,500000.0,27.6,yes,517 N MUSKINGUM PL,34.0427,-118.5382
25010-10000-06372,Pacific Palisades,90272,Brentwood - Pacific Palisades,yes,Dwelling - Single Family,2026-01-26,,,In plan check,Quality Review Completed,2026-02-13,Type V-B Construction,Type V (wood-frame),,700000.0,,yes,17728 W REVELLO DR,34.0415,-118.5617
25010-10000-06519,Pacific Palisades,90272,Brentwood - Pacific Palisades,no,Dwelling - Single Family,2026-01-26,,,In plan check,Quality Review Completed,2026-02-05,Type V-B Construction,Type V (wood-frame),,1200000.0,,no,1054 N FISKE ST,34.0487,-118.5224
26010-10000-00233,Pacific Palisades,90272,Brentwood - Pacific Palisades,no,Dwelling - Single Family,2026-01-26,2026-04-01,,Issued (under construction),Issued,2026-04-01,Type V-B Construction,Type V (wood-frame),1514.0,230000.0,16.0,yes,871 N FISKE ST,34.045,-118.5218
26010-10000-00326,Pacific Palisades,90272,Brentwood - Pacific Palisades,no,Dwelling - Single Family,2026-01-26,,,In plan check,Ready to Issue,2026-09-09,Type V-B Construction,Type V (wood-frame),4717.0,3500000.0,27.67,yes,751 N TOYOPA DR,34.0419,-118.5208
26010-10000-00488,Pacific Palisades,90272,Brentwood - Pacific Palisades,no,Carport,2026-01-26,2026-04-01,,Issued (under construction),Issued,2026-04-01,Type V-B Construction,Type V (wood-frame),0.0,20000.0,11.75,no,871 N FISKE ST,34.045,-118.5218
26010-30000-00389,Pacific Palisades,90272,Brentwood - Pacific Palisades,yes,Dwelling - Single Family,2026-01-26,,,In plan check,PC Info Complete,2026-06-25,Type V-B Construction,Type V (wood-frame),4270.0,360000.0,22.92,yes,16150 W NORTHFIELD ST,34.0482,-118.5383
25010-10000-05861,Pacific Palisades,90272,Brentwood - Pacific Palisades,no,Dwelling - Single Family,2026-01-27,2026-07-27,,Issued (under construction),Issued,2026-07-27,Type V-B Construction,Type V (wood-frame),3379.44,400000.0,30.3,no,1043 N FISKE ST,34.0484,-118.5225
25010-10000-06653,Pacific Palisades,90272,Brentwood - Pacific Palisades,yes,Dwelling - Single Family,2026-01-27,,,In plan check,Quality Review Completed,2026-02-13,Type V-B Construction,Type V (wood-frame),,805005.0,,yes,626 N HAVERFORD AVE,34.0416,-118.5297
25010-10000-06669,Pacific Palisades,90272,Brentwood - Pacific Palisades,no,Dwelling - Single Family,2026-01-27,2026-06-11,,Issued (under construction),Issued,2026-06-11,Type V-B Construction,Type V (wood-frame),2330.0,255000.0,20.92,yes,1102 N GALLOWAY ST,34.0494,-118.5215
26010-10000-00157,Pacific Palisades,90272,Brentwood - Pacific Palisades,yes,Dwelling - Single Family,2026-01-27,,,In plan check,Verifications in Progress,2026-07-24,Type V-B Construction,Type V (wood-frame),,1200000.0,,no,760 N SWARTHMORE AVE,34.0442,-118.5265
26010-30000-00394,Pacific Palisades,90272,Brentwood - Pacific Palisades,yes,Dwelling - Single Family,2026-01-27,2026-08-26,,Issued (under construction),Issued,2026-08-26,Type V-B Construction,Type V (wood-frame),1991.6,800000.0,21.33,yes,678 N SWARTHMORE AVE,34.0423,-118.5271
26010-30000-00395,Pacific Palisades,90272,Brentwood - Pacific Palisades,yes,Dwelling - Single Family,2026-01-27,2026-02-25,,Issued (under construction),Issued,2026-02-25,Type V-B Construction,Type V (wood-frame),3522.0,700000.0,29.6,yes,15051 W MCKENDREE AVE,34.0519,-118.5242
26010-30000-00396,Pacific Palisades,90272,Brentwood - Pacific Palisades,yes,Carport,2026-01-27,2026-04-01,,Issued (under construction),Issued,2026-04-01,Type V-B Construction,Type V (wood-frame),864.0,40000.0,15.1,no,14380 W SUNSET BLVD,34.048,-118.5124
25016-10000-32950,Pacific Palisades,90272,Brentwood - Pacific Palisades,yes,Dwelling - Single Family,2026-01-28,,,In plan check,Quality Review Completed,2026-02-02,Type V-B Construction,Type V (wood-frame),,2000000.0,,yes,16535 W LAS CASAS PL,34.0501,-118.5422
26010-20000-00408,Encino / Tarzana,91356,Encino - Tarzana,yes,Dwelling - Single Family,2026-01-28,,,In plan check,Verifications in Progress,2026-08-24,Type V-B Construction,Type V (wood-frame),5203.6,450000.0,29.83,no,4337 N REYES DR,34.1503,-118.5456
26010-10000-00404,Pacific Palisades,90272,Brentwood - Pacific Palisades,yes,Accessory Dwelling Unit,2026-01-29,,,In plan check,Quality Review Completed,2026-02-10,Type V-B Construction,Type V (wood-frame),,60000.0,,yes,820 N BIENVENEDA AVE,34.0494,-118.5393
26010-10000-01485,Encino / Tarzana,91436,Encino - Tarzana,yes,Miscellaneous Bldg/Structure,2026-01-29,2026-04-01,,Issued (under construction),Issued,2026-04-01,Type V-B Construction,Type V (wood-frame),0.0,25000.0,14.5,no,16708 W HUERTA ROAD,34.1499,-118.4971
26010-20000-00422,Pacific Palisades,90272,Brentwood - Pacific Palisades,yes,Dwelling - Single Family,2026-01-29,2026-05-11,,Issued (under construction),Issued,2026-05-11,Type V-A Construction,Type V (wood-frame),7971.0,821000.0,35.66,yes,937 N LAS LOMAS AVE,34.0518,-118.5363
26010-30000-00410,Pacific Palisades,90272,Brentwood - Pacific Palisades,yes,Dwelling - Single Family,2026-01-29,2026-03-20,,Issued (under construction),Issued,2026-03-20,Type V-B Construction,Type V (wood-frame),2750.0,400000.0,18.75,yes,906 N LACHMAN LANE,34.0517,-118.5447
26010-20000-00439,Encino / Tarzana,91436,Encino - Tarzana,yes,Patio Cover,2026-01-30,2026-02-23,,In plan check,CofO in Progress,2026-07-15,Type V-B Construction,Type V (wood-frame),196.7,5000.0,10.83,no,16258 W BERTELLA DR,34.1538,-118.4876
26010-30000-00438,Pacific Palisades,90272,Brentwood - Pacific Palisades,no,Dwelling - Single Family,2026-01-30,2026-02-27,,Issued (under construction),Issued,2026-02-27,Type V-B Construction,Type V (wood-frame),3528.0,600000.0,31.75,yes,1125 N CHAUTAUQUA BLVD,34.0505,-118.5179
26010-30000-00445,Pacific Palisades,90272,Brentwood - Pacific Palisades,no,Dwelling - Single Family,2026-01-30,2026-03-24,,Issued (under construction),Issued,2026-03-24,Type V-B Construction,Type V (wood-frame),4094.0,380000.0,27.75,yes,333 N LOMBARD AVE,34.0361,-118.5277
26010-30000-00447,Pacific Palisades,90272,Brentwood - Pacific Palisades,no,Dwelling - Single Family,2026-01-30,2026-04-01,,Issued (under construction),Issued,2026-04-01,Type V-B Construction,Type V (wood-frame),4161.0,475000.0,27.0,yes,901 N HARTZELL ST,34.0459,-118.5199
25010-10000-06477,Pacific Palisades,90272,Brentwood - Pacific Palisades,no,Dwelling - Single Family,2026-02-02,2026-03-12,,Issued (under construction),Issued,2026-03-12,Type V-A Construction,Type V (wood-frame),3678.0,462000.0,28.0,yes,927 N KAGAWA ST,34.0468,-118.5181
26010-10000-00300,Pacific Palisades,90272,Brentwood - Pacific Palisades,yes,Dwelling - Single Family,2026-02-02,,,In plan check,Verifications in Progress,2026-05-08,Type V-B Construction,Type V (wood-frame),,2000000.0,,yes,15201 W WHITFIELD AVE,34.0521,-118.5251
25010-10000-05553,Pacific Palisades,90272,Brentwood - Pacific Palisades,no,Accessory Dwelling Unit,2026-02-03,2026-08-07,,Issued (under construction),Issued,2026-08-07,Type II-B Construction,Type I/II (non-combustible),727.0,250000.0,13.0,yes,743 N ILIFF ST,34.0425,-118.5183
26010-10000-00290,Pacific Palisades,90272,Brentwood - Pacific Palisades,no,Dwelling - Single Family,2026-02-03,2026-05-20,,Issued (under construction),Issued,2026-05-20,Type V-B Construction,Type V (wood-frame),1447.0,450000.0,16.16,yes,15340 W DE PAUW ST,34.0399,-118.5274
26010-10000-00657,Pacific Palisades,90272,Brentwood - Pacific Palisades,no,Garage - Private,2026-02-03,2026-05-20,,Issued (under construction),Issued,2026-05-20,Type V-B Construction,Type V (wood-frame),0.0,100000.0,15.5,yes,15340 W DE PAUW ST,34.0399,-118.5274
26010-20000-00476,Pacific Palisades,90272,Brentwood - Pacific Palisades,yes,Dwelling - Single Family,2026-02-03,,,In plan check,PC Info Complete,2026-05-19,Type V-B Construction,Type V (wood-frame),3543.15,425000.0,30.25,no,741 N RADCLIFFE AVE,34.0441,-118.5305
26010-20000-00479,Pacific Palisades,90272,Brentwood - Pacific Palisades,no,Dwelling - Single Family,2026-02-03,2026-03-02,,Issued (under construction),Issued,2026-03-02,Type V-B Construction,Type V (wood-frame),3956.0,500000.0,26.58,yes,846-846 1/2 N FISKE ST,34.0444,-118.5214
26016-10000-02927,Pacific Palisades,90272,Brentwood - Pacific Palisades,no,Dwelling - Single Family,2026-02-03,2026-07-09,,Issued (under construction),Issued,2026-07-09,Type V-B Construction,Type V (wood-frame),3644.0,400000.0,28.0,yes,645-645 1/2 N SWARTHMORE AVE,34.0415,-118.5276
26010-10000-00286,Pacific Palisades,90272,Brentwood - Pacific Palisades,no,Dwelling - Single Family,2026-02-04,,,In plan check,PC Info Complete,2026-07-27,Type V-B Construction,Type V (wood-frame),5358.0,1500000.0,28.0,yes,1026 N GALLOWAY ST,34.0481,-118.5212
26010-20000-00763,Encino / Tarzana,91356,Encino - Tarzana,no,Accessory Dwelling Unit,2026-02-04,,,In plan check,Quality Review Completed,2026-02-25,Type V-B Construction,Type V (wood-frame),,80000.0,,no,5903 N DONNA AVE,34.1774,-118.5476
26010-20000-00764,Encino / Tarzana,91356,Encino - Tarzana,no,Accessory Dwelling Unit,2026-02-04,,,In plan check,Quality Review Completed,2026-02-25,Type V-B Construction,Type V (wood-frame),,80000.0,,no,5903 N DONNA AVE,34.1774,-118.5476
26010-30000-00484,Pacific Palisades,90272,Brentwood - Pacific Palisades,no,Dwelling - Single Family,2026-02-04,2026-07-15,,Issued (under construction),Issued,2026-07-15,Type V-B Construction,Type V (wood-frame),3151.0,2200000.0,29.5,yes,16763 W LIVORNO DR,34.045,-118.5444
26010-10000-00315,Pacific Palisades,90272,Brentwood - Pacific Palisades,no,Dwelling - Single Family,2026-02-05,2026-04-16,,Issued (under construction),Issued,2026-04-16,Type V-B Construction,Type V (wood-frame),4279.0,1000000.0,27.75,no,15218 W FRIENDS ST,34.0341,-118.527
26010-30000-00499,Pacific Palisades,90272,Brentwood - Pacific Palisades,yes,Dwelling - Single Family,2026-02-05,2026-03-19,,Issued (under construction),Issued,2026-03-19,Type V-B Construction,Type V (wood-frame),3016.0,300000.0,27.67,yes,1836 W MICHAEL LANE,34.0778,-118.5594
26010-30000-00508,Pacific Palisades,90272,Brentwood - Pacific Palisades,no,Dwelling - Single Family,2026-02-05,2026-07-17,,Issued (under construction),Issued,2026-07-17,Type V-B Construction,Type V (wood-frame),4706.0,750000.0,28.0,yes,1161 N HARTZELL ST,34.051,-118.521
26010-30000-00515,Pacific Palisades,90272,Brentwood - Pacific Palisades,no,Dwelling - Single Family,2026-02-05,2026-04-07,,Issued (under construction),Issued,2026-04-07,Type V-B Construction,Type V (wood-frame),5318.0,750000.0,25.75,yes,856 N TOYOPA DR,34.0438,-118.5227
26010-20000-00519,Encino / Tarzana,91316,Encino - Tarzana,no,Dwelling - Single Family,2026-02-06,2026-07-15,,Issued (under construction),Issued,2026-07-15,Type V-B Construction,Type V (wood-frame),2568.64,240000.0,27.42,no,5944-5946 N JAMIESON AVE,34.1787,-118.5212
26010-20000-00537,Brentwood,90049,Brentwood - Pacific Palisades,no,Dwelling - Single Family,2026-02-06,2026-04-17,,Issued (under construction),Issued,2026-04-17,Type V-B Construction,Type V (wood-frame),5103.0,580000.0,26.67,no,715-717 S BURLINGAME AVE,34.0437,-118.4831
26010-30000-00457,Pacific Palisades,90272,Brentwood - Pacific Palisades,no,Dwelling - Single Family,2026-02-06,2026-06-02,,Issued (under construction),Issued,2026-06-02,Type V-B Construction,Type V (wood-frame),2712.0,750000.0,19.84,yes,511 N OCAMPO DR,34.0374,-118.5207
26010-30000-00540,Pacific Palisades,90272,Brentwood - Pacific Palisades,no,Dwelling - Single Family,2026-02-06,2026-04-17,,Issued (under construction),Issued,2026-04-17,Type V-B Construction,Type V (wood-frame),4403.0,650000.0,27.33,yes,15309 W FRIENDS ST,34.0366,-118.5276
26010-10000-00424,Pacific Palisades,90272,Brentwood - Pacific Palisades,yes,Accessory Dwelling Unit,2026-02-09,2026-04-06,,Issued (under construction),Issued,2026-04-06,Type V-B Construction,Type V (wood-frame),695.0,200000.0,19.75,yes,753 N LACHMAN LANE,34.0499,-118.5459
26010-10000-00495,Pacific Palisades,90272,Brentwood - Pacific Palisades,no,Dwelling - Single Family,2026-02-09,2026-07-24,,Issued (under construction),Issued,2026-07-24,Type V-B Construction,Type V (wood-frame),3592.0,1800000.0,18.83,yes,350 N ADERNO WAY,34.042,-118.5441
26010-10000-00520,Pacific Palisades,90272,Brentwood - Pacific Palisades,no,Dwelling - Single Family,2026-02-09,2026-07-06,,Issued (under construction),Issued,2026-07-06,Type V-B Construction,Type V (wood-frame),4111.0,2000000.0,34.67,yes,1057 N ILIFF ST,34.0492,-118.5196
26010-10000-00565,Encino / Tarzana,91316,Encino - Tarzana,yes,Recreation Room,2026-02-09,2026-04-07,,Issued (under construction),Issued,2026-04-07,Type V-B Construction,Type V (wood-frame),240.0,40000.0,14.67,no,4500 N WHITE OAK PL,34.1517,-118.5224
26010-20000-00570,Pacific Palisades,90272,Brentwood - Pacific Palisades,no,Dwelling - Single Family,2026-02-10,2026-04-21,,Issued (under construction),Issued,2026-04-21,Type V-B Construction,Type V (wood-frame),2599.0,300000.0,24.66,no,389-389 1/2 N GRENOLA ST,34.0434,-118.5431
26010-30000-00588,Brentwood,90049,Brentwood - Pacific Palisades,yes,Dwelling - Single Family,2026-02-10,,,In plan check,PC Info Complete,2026-07-29,Type V-B Construction,Type V (wood-frame),7279.23,900000.0,22.0,no,357 N CARMELINA AVE,34.063,-118.4856
26010-30000-00589,Brentwood,90049,Brentwood - Pacific Palisades,yes,Accessory Dwelling Unit,2026-02-10,,,In plan check,PC Info Complete,2026-07-29,Type V-B Construction,Type V (wood-frame),817.0,100000.0,14.41,no,355 N CARMELINA AVE,34.0628,-118.486
26010-10000-00035,Pacific Palisades,90272,Brentwood - Pacific Palisades,yes,,2026-02-11,,,In plan check,Quality Review Completed,2026-02-26,,Not stated,,2500000.0,,yes,1201 N RIMMER AVE,34.0514,-118.5272
26010-10000-00304,Pacific Palisades,90272,Brentwood - Pacific Palisades,no,Dwelling - Single Family,2026-02-11,2026-06-06,,Issued (under construction),Issued,2026-06-06,Type V-B Construction,Type V (wood-frame),1647.0,900000.0,25.0,yes,1041 N KAGAWA ST,34.049,-118.5185
26010-10000-00494,Encino / Tarzana,91436,Encino - Tarzana,no,Dwelling - Single Family,2026-02-11,,,In plan check,Verifications in Progress,2026-08-28,Type V-B Construction,Type V (wood-frame),,828028.0,,no,5070 N GLORIA AVE,34.1618,-118.4791
26010-10000-00582,Pacific Palisades,90272,Brentwood - Pacific Palisades,no,Dwelling - Single Family,2026-02-11,2026-03-26,,Issued (under construction),Issued,2026-03-26,Type V-B Construction,Type V (wood-frame),3222.0,1600000.0,27.0,no,16009 W MIAMI WAY,34.045,-118.5366
26010-10000-00603,Brentwood,90049,Brentwood - Pacific Palisades,no,Dwelling - Single Family,2026-02-11,2026-03-27,,Issued (under construction),Issued,2026-03-27,Type V-B Construction,Type V (wood-frame),4623.0,400000.0,27.67,no,1350 N JONESBORO DR,34.0528,-118.4988
26010-10000-00962,Encino / Tarzana,91436,Encino - Tarzana,no,Dwelling - Single Family,2026-02-11,,,In plan check,Verifications in Progress,2026-08-28,Type V-B Construction,Type V (wood-frame),,1044488.0,,no,5070 N GLORIA AVE,34.1618,-118.4791
26010-20000-00561,Encino / Tarzana,91356,Encino - Tarzana,yes,Accessory Dwelling Unit,2026-02-11,,,In plan check,Corrections Issued,2026-02-19,Type V-B Construction,Type V (wood-frame),457.0,35000.0,11.83,no,4729 N MONARCA DR,34.1553,-118.5622
26010-30000-00614,Pacific Palisades,90272,Brentwood - Pacific Palisades,yes,Dwelling - Single Family,2026-02-11,,,In plan check,Verifications in Progress,2026-03-11,Type V-B Construction,Type V (wood-frame),,1120000.0,,yes,1562 N CASALE ROAD,34.0613,-118.5044
26010-30000-00617,Pacific Palisades,90272,Brentwood - Pacific Palisades,no,Dwelling - Single Family,2026-02-11,,,In plan check,PC Info Complete,2026-08-20,Type V-B Construction,Type V (wood-frame),4416.0,874552.0,24.17,yes,1156 N VIA DE LA PAZ,34.0506,-118.5261
25010-10000-05544,Pacific Palisades,90272,Brentwood - Pacific Palisades,no,Dwelling - Single Family,2026-02-12,2026-08-07,,Issued (under construction),Issued,2026-08-07,Type II-B Construction,Type I/II (non-combustible),3420.0,2000000.0,28.0,yes,741 N ILIFF ST,34.0425,-118.5181
26010-10000-00592,Pacific Palisades,90272,Brentwood - Pacific Palisades,no,Dwelling - Single Family,2026-02-12,2026-03-25,,Issued (under construction),Issued,2026-03-25,Type V-B Construction,Type V (wood-frame),4039.0,840000.0,28.0,yes,773 N HARTZELL ST,34.0432,-118.5193
26010-10000-00597,Pacific Palisades,90272,Brentwood - Pacific Palisades,no,Dwelling - Single Family,2026-02-12,,,In plan check,Ready to Issue,2026-09-11,Type V-B Construction,Type V (wood-frame),3544.0,2050950.0,25.42,yes,1130 N GALLOWAY ST,34.0501,-118.5216
26010-30000-00619,Pacific Palisades,90272,Brentwood - Pacific Palisades,yes,Dwelling - Single Family,2026-02-12,,,In plan check,Verifications in Progress,2026-05-28,Type V-B Construction,Type V (wood-frame),1469.5,400000.0,19.45,yes,620 N SWARTHMORE AVE,34.041,-118.5275
26010-30000-00620,Pacific Palisades,90272,Brentwood - Pacific Palisades,yes,Accessory Living Quarters,2026-02-12,,,In plan check,Verifications in Progress,2026-05-28,Type V-B Construction,Type V (wood-frame),600.0,83000.0,14.75,yes,620 N SWARTHMORE AVE,34.041,-118.5275
26010-30000-00621,Pacific Palisades,90272,Brentwood - Pacific Palisades,yes,Dwelling - Single Family,2026-02-12,2026-03-25,,Issued (under construction),Issued,2026-03-25,Type V-B Construction,Type V (wood-frame),2639.0,250000.0,17.83,yes,871 N EL ORO LANE,34.0526,-118.5476
26010-10000-00575,Pacific Palisades,90272,Brentwood - Pacific Palisades,yes,Dwelling - Single Family,2026-02-13,2026-05-20,,Issued (under construction),Issued,2026-05-20,Type V-B Construction,Type V (wood-frame),4508.0,1490000.0,21.5,yes,1219 N VILLA WOODS DR,34.0513,-118.5139
26010-10000-00579,Pacific Palisades,90272,Brentwood - Pacific Palisades,no,Dwelling - Single Family,2026-02-13,2026-06-22,,Issued (under construction),Issued,2026-06-22,Type V-B Construction,Type V (wood-frame),3197.0,1600000.0,28.83,yes,806 N HARTZELL ST,34.0436,-118.5191
26010-10000-00598,Pacific Palisades,90272,Brentwood - Pacific Palisades,yes,Dwelling - Single Family,2026-02-13,2026-05-08,,Issued (under construction),Issued,2026-05-08,Type V-B Construction,Type V (wood-frame),3593.0,900000.0,13.75,yes,917 N ENCHANTED WAY,34.0528,-118.5488
26010-10000-00629,Brentwood,90049,Brentwood - Pacific Palisades,no,Accessory Dwelling Unit,2026-02-13,,,In plan check,Verifications in Progress,2026-09-09,Type V-B Construction,Type V (wood-frame),,200000.0,,no,181 S GRANVILLE AVE,34.0615,-118.471
26010-20000-00641,Pacific Palisades,90272,Brentwood - Pacific Palisades,yes,Dwelling - Single Family,2026-02-13,2026-03-31,,Issued (under construction),Issued,2026-03-31,Type V-B Construction,Type V (wood-frame),13100.0,1660000.0,28.0,no,16258 W SHADOW MOUNTAIN DR,34.0574,-118.5391
26010-20000-00643,Pacific Palisades,90272,Brentwood - Pacific Palisades,yes,Accessory Living Quarters,2026-02-13,2026-03-31,,Issued (under construction),Issued,2026-03-31,Type V-B Construction,Type V (wood-frame),3030.0,600000.0,28.0,no,16258 W SHADOW MOUNTAIN DR,34.0574,-118.5391
26010-10000-00426,Pacific Palisades,90272,Brentwood - Pacific Palisades,no,Dwelling - Single Family,2026-02-17,,,In plan check,Ready to Issue,2026-09-11,Type V-B Construction,Type V (wood-frame),2602.2,1500000.0,24.0,yes,16838 W BOLLINGER DR,34.0444,-118.5465
26010-10000-00496,Pacific Palisades,90272,Brentwood - Pacific Palisades,no,Dwelling - Single Family,2026-02-17,2026-04-08,,Issued (under construction),Issued,2026-04-08,Type V-B Construction,Type V (wood-frame),1562.0,350000.0,17.5,yes,508 N MUSKINGUM AVE,34.0428,-118.5387
26010-10000-00559,Pacific Palisades,90272,Brentwood - Pacific Palisades,yes,,2026-02-17,,,In plan check,Quality Review Completed,2026-02-23,,Not stated,,150000.0,,yes,845 N RADCLIFFE AVE,34.0467,-118.5296
26010-10000-00599,Pacific Palisades,90272,Brentwood - Pacific Palisades,no,Dwelling - Single Family,2026-02-17,2026-04-10,,Issued (under construction),Issued,2026-04-10,Type V-B Construction,Type V (wood-frame),4702.0,1100000.0,34.17,yes,510 N FRONTERA DR,34.0384,-118.5218
26010-10000-00762,Pacific Palisades,90272,Brentwood - Pacific Palisades,no,Garage - Private,2026-02-17,2026-04-09,,Issued (under construction),Issued,2026-04-09,Type V-B Construction,Type V (wood-frame),309.0,50000.0,13.67,yes,508 N MUSKINGUM AVE,34.0428,-118.5387
26010-10000-00815,Pacific Palisades,90272,Brentwood - Pacific Palisades,yes,Accessory Dwelling Unit,2026-02-17,2026-07-27,,Issued (under construction),Issued,2026-07-27,Type V-B Construction,Type V (wood-frame),324.3,40000.0,11.33,yes,1040 N CHAUTAUQUA BLVD,34.0491,-118.5171
26010-10000-02215,Bel Air / Beverly Crest,90077,Bel Air - Beverly Crest,yes,Miscellaneous Bldg/Structure,2026-02-17,2026-07-08,,Issued (under construction),Issued,2026-07-08,Type V-B Construction,Type V (wood-frame),0.0,18500.0,17.33,no,944 N AIROLE WAY,34.0878,-118.4519
26010-10000-02216,Bel Air / Beverly Crest,90077,Bel Air - Beverly Crest,yes,Miscellaneous Bldg/Structure,2026-02-17,2026-07-08,,Issued (under construction),Issued,2026-07-08,Type V-B Construction,Type V (wood-frame),0.0,18500.0,13.82,no,944 N AIROLE WAY,34.0878,-118.4519
26010-20000-00681,Brentwood,90049,Brentwood - Pacific Palisades,yes,Dwelling - Single Family,2026-02-17,2026-06-04,,Issued (under construction),Issued,2026-06-04,Type III-A Construction,Type III/IV (mixed / heavy timber),3866.0,800000.0,27.75,no,3371 N MANDEVILLE CANYON ROAD,34.1045,-118.5037
26010-20000-01809,Brentwood,90049,Brentwood - Pacific Palisades,yes,Carport,2026-02-17,2026-06-04,,Issued (under construction),Issued,2026-06-04,Type V-B Construction,Type V (wood-frame),0.0,15000.0,10.0,no,3371 N MANDEVILLE CANYON ROAD,34.1045,-118.5037
26010-30000-00666,Pacific Palisades,90272,Brentwood - Pacific Palisades,yes,Dwelling - Single Family,2026-02-17,2026-03-23,,Issued (under construction),Issued,2026-03-23,Type V-B Construction,Type V (wood-frame),4430.8,710000.0,28.5,yes,1579 N CALLE PATRICIA,34.076,-118.5498
26010-30000-00686,Pacific Palisades,90272,Brentwood - Pacific Palisades,yes,Dwelling - Single Family,2026-02-17,2026-08-03,,Issued (under construction),Issued,2026-08-03,Type V-B Construction,Type V (wood-frame),4648.0,500000.0,27.67,yes,777 N ENCHANTED WAY,34.0505,-118.5491
26016-30000-04268,Pacific Palisades,90272,Brentwood - Pacific Palisades,no,Dwelling - Single Family,2026-02-17,2026-04-16,,Issued (under construction),Issued,2026-04-16,Type V-B Construction,Type V (wood-frame),6454.0,600000.0,28.16,yes,419 N VIA DE LA PAZ,34.0376,-118.5296
26010-10000-00675,Bel Air / Beverly Crest,90077,Bel Air - Beverly Crest,yes,Dwelling - Single Family,2026-02-18,,,In plan check,Quality Review Completed,2026-03-10,Type V-B Construction,Type V (wood-frame),,2500000.0,,no,1047 N SOMERA ROAD,34.0904,-118.4586
26010-20000-00673,Encino / Tarzana,91356,Encino - Tarzana,yes,Patio Cover,2026-02-18,,,In plan check,Verifications in Progress,2026-05-22,,Not stated,,10000.0,,no,19121 W GAYLE PL,34.1536,-118.5499
26010-20000-00674,Encino / Tarzana,91356,Encino - Tarzana,yes,Accessory Dwelling Unit,2026-02-18,,,In plan check,Quality Review Completed,2026-03-26,,Not stated,,200000.0,,no,19121 W GAYLE PL,34.1536,-118.5499
26010-30000-00691,Pacific Palisades,90272,Brentwood - Pacific Palisades,no,Dwelling - Single Family,2026-02-18,2026-04-14,,Issued (under construction),Issued,2026-04-14,Type V-B Construction,Type V (wood-frame),3386.0,565000.0,28.75,yes,959 N EMBURY ST,34.0468,-118.5232
26010-30000-00703,Pacific Palisades,90272,Brentwood - Pacific Palisades,yes,Dwelling - Single Family,2026-02-18,2026-05-14,,Issued (under construction),Issued,2026-05-14,Type V-B Construction,Type V (wood-frame),3385.0,550000.0,28.0,yes,732 N PATTERSON PL,34.0431,-118.5257
26010-10000-00348,Pacific Palisades,90272,Brentwood - Pacific Palisades,no,Dwelling - Single Family,2026-02-19,,,In plan check,PC Info Complete,2026-07-16,Type V-B Construction,Type V (wood-frame),3896.93,350000.0,27.92,yes,874 N GALLOWAY ST,34.0453,-118.5206
26010-10000-00701,Pacific Palisades,90272,Brentwood - Pacific Palisades,yes,Dwelling - Single Family,2026-02-19,2026-07-16,,Issued (under construction),Issued,2026-07-16,Type V-B Construction,Type V (wood-frame),3423.0,400000.0,26.75,yes,612 N SWARTHMORE AVE,34.0407,-118.5275
26010-10000-00704,Bel Air / Beverly Crest,90210,Bel Air - Beverly Crest,yes,Accessory Dwelling Unit,2026-02-19,,,In plan check,Quality Review Completed,2026-03-20,Type V-B Construction,Type V (wood-frame),1000.0,274000.0,24.0,no,9473 W REMBERT LANE,34.1115,-118.4015
26010-30000-00715,Pacific Palisades,90272,Brentwood - Pacific Palisades,yes,Dwelling - Single Family,2026-02-19,2026-04-14,,Issued (under construction),Issued,2026-04-14,Type V-B Construction,Type V (wood-frame),3288.0,500000.0,27.67,yes,15410 W ALBRIGHT ST,34.0491,-118.5271
26010-30000-00717,Pacific Palisades,90272,Brentwood - Pacific Palisades,yes,Dwelling - Single Family,2026-02-19,,,In plan check,PC Info Complete,2026-09-01,Type V-B Construction,Type V (wood-frame),3940.0,2000000.0,28.17,yes,680 N HAMPDEN PL,34.0419,-118.5265
26010-30000-00718,Pacific Palisades,90272,Brentwood - Pacific Palisades,yes,Dwelling - Single Family,2026-02-19,2026-04-24,,Issued (under construction),Issued,2026-04-24,Type V-B Construction,Type V (wood-frame),3942.39,1800000.0,24.87,yes,1191 N LACHMAN LANE,34.0574,-118.5463
26010-10000-00596,Pacific Palisades,90272,Brentwood - Pacific Palisades,no,Dwelling - Single Family,2026-02-20,,,In plan check,PC Info Complete,2026-04-16,Type V-B Construction,Type V (wood-frame),1396.0,280000.0,18.06,yes,1134 N ILIFF ST,34.0504,-118.5196
26010-10000-00722,Pacific Palisades,90272,Brentwood - Pacific Palisades,yes,Dwelling - Single Family,2026-02-20,2026-06-04,,Issued (under construction),Issued,2026-06-04,Type V-B Construction,Type V (wood-frame),2277.26,1250000.0,19.0,yes,15861 W SEABEC CIR N/A,34.0408,-118.5345
26010-10000-00724,Pacific Palisades,90272,Brentwood - Pacific Palisades,no,Dwelling - Single Family,2026-02-20,2026-09-03,,Issued (under construction),Issued,2026-09-03,Type V-B Construction,Type V (wood-frame),4442.0,500000.0,26.5,yes,501 N CHAPALA DR,34.038,-118.5214
26010-20000-00731,Pacific Palisades,90272,Brentwood - Pacific Palisades,no,Dwelling - Single Family,2026-02-20,2026-04-21,,Issued (under construction),Issued,2026-04-21,Type V-B Construction,Type V (wood-frame),2977.0,360000.0,27.42,yes,17014 W BOLLINGER DR,34.0435,-118.5495
26010-20000-00735,Pacific Palisades,90272,Brentwood - Pacific Palisades,yes,Dwelling - Single Family,2026-02-20,2026-07-20,,Issued (under construction),Issued,2026-07-20,Type V-B Construction,Type V (wood-frame),3977.06,580000.0,24.83,no,247 N QUADRO VECCHIO DR,34.0431,-118.5596
26010-30000-00736,Pacific Palisades,90272,Brentwood - Pacific Palisades,no,Dwelling - Single Family,2026-02-20,2026-08-21,,Issued (under construction),Issued,2026-08-21,Type V-B Construction,Type V (wood-frame),3562.0,340000.0,25.0,yes,16049 W TEMECULA ST,34.0462,-118.5365
26010-30000-00757,Pacific Palisades,90272,Brentwood - Pacific Palisades,yes,Dwelling - Single Family,2026-02-20,,,In plan check,PC Info Complete,2026-09-03,Type V-B Construction,Type V (wood-frame),2581.0,310000.0,20.83,yes,244-244 1/2 N QUADRO VECCHIO DR,34.0431,-118.5593
26010-10000-00491,Pacific Palisades,90272,Brentwood - Pacific Palisades,no,Dwelling - Single Family,2026-02-23,2026-03-23,,Issued (under construction),Issued,2026-03-23,Type V-B Construction,Type V (wood-frame),3580.0,1600000.0,29.0,yes,834 N FISKE ST,34.0441,-118.5213
26010-10000-00664,Pacific Palisades,90272,Brentwood - Pacific Palisades,no,Dwelling - Single Family,2026-02-23,2026-06-22,,Issued (under construction),Issued,2026-06-22,Type V-B Construction,Type V (wood-frame),3305.0,400000.0,24.5,yes,15256 W FRIENDS ST,34.0354,-118.527
26010-10000-00720,Pacific Palisades,90272,Brentwood - Pacific Palisades,no,Dwelling - Single Family,2026-02-23,2026-06-12,,Issued (under construction),Issued,2026-06-12,Type V-B Construction,Type V (wood-frame),5230.48,540047.0,28.92,yes,516 N EL MEDIO AVE,34.0423,-118.5345
26010-10000-00783,Brentwood,90049,Bel Air - Beverly Crest,yes,Dwelling - Single Family,2026-02-23,,,In plan check,Ready to Issue,2026-07-28,Type V-B Construction,Type V (wood-frame),17448.0,2725975.0,30.0,no,11556 W BELLAGIO ROAD,34.0772,-118.465
26010-10000-01121,Pacific Palisades,90272,Brentwood - Pacific Palisades,no,Accessory Dwelling Unit,2026-02-23,2026-06-04,,Issued (under construction),Issued,2026-06-04,Type V-B Construction,Type V (wood-frame),520.61,250000.0,24.92,no,514 N EL MEDIO AVE,34.0422,-118.5343
26010-30000-00770,Pacific Palisades,90272,Brentwood - Pacific Palisades,yes,Dwelling - Single Family,2026-02-23,,,In plan check,Verifications in Progress,2026-09-09,Type V-A Construction,Type V (wood-frame),,1600000.0,,yes,1055 N EL MEDIO AVE,34.0524,-118.532
26010-30000-00775,Pacific Palisades,90272,Brentwood - Pacific Palisades,yes,Dwelling - Single Family,2026-02-23,2026-06-25,,Issued (under construction),Issued,2026-06-25,Type V-B Construction,Type V (wood-frame),2952.5,750000.0,26.17,yes,1780 W MICHAEL LANE,34.0787,-118.5605
26010-30000-00776,Pacific Palisades,90272,Brentwood - Pacific Palisades,yes,Dwelling - Single Family,2026-02-23,2026-06-25,,Issued (under construction),Issued,2026-06-25,Type V-B Construction,Type V (wood-frame),3279.0,750000.0,25.58,yes,1840 W MICHAEL LANE,34.0775,-118.5592
26010-30000-00777,Pacific Palisades,90272,Brentwood - Pacific Palisades,yes,Dwelling - Single Family,2026-02-23,2026-06-24,,Issued (under construction),Issued,2026-06-24,Type V-B Construction,Type V (wood-frame),2854.0,750000.0,26.33,yes,17183 W AVENIDA DE LA HERRADURA,34.0776,-118.56
26010-10000-00486,Pacific Palisades,90272,Brentwood - Pacific Palisades,no,Dwelling - Single Family,2026-02-24,2026-04-14,,Issued (under construction),Issued,2026-04-14,Type V-B Construction,Type V (wood-frame),1180.0,600000.0,24.67,no,830 N FISKE ST,34.044,-118.5213
26010-10000-00721,Pacific Palisades,90272,Brentwood - Pacific Palisades,yes,Dwelling - Single Family,2026-02-24,2026-08-31,,Issued (under construction),Issued,2026-08-31,Type V-B Construction,Type V (wood-frame),3241.0,1000000.0,33.72,yes,623 N LAS LOMAS AVE,34.0467,-118.5395
26010-10000-00899,Pacific Palisades,90272,Brentwood - Pacific Palisades,no,Accessory Dwelling Unit,2026-02-24,2026-05-01,,Issued (under construction),Issued,2026-05-01,Type V-B Construction,Type V (wood-frame),636.0,190800.0,14.1,no,828 N FISKE ST,34.044,-118.5211
26010-20000-00797,Encino / Tarzana,91356,Encino - Tarzana,yes,Accessory Dwelling Unit,2026-02-24,,,In plan check,Quality Review Completed,2026-03-13,Type V-B Construction,Type V (wood-frame),,160000.0,,no,4623 N EL CABALLERO DR,34.1546,-118.546
26010-20000-00810,Brentwood,90049,Brentwood - Pacific Palisades,no,Accessory Dwelling Unit,2026-02-24,2026-06-12,,Issued (under construction),Issued,2026-06-12,Type V-B Construction,Type V (wood-frame),3975.12,440000.0,28.0,no,242-244 N BOWLING GREEN WAY,34.0627,-118.4771
26010-30000-00811,Pacific Palisades,90272,Brentwood - Pacific Palisades,no,Dwelling - Single Family,2026-02-24,2026-06-23,,Issued (under construction),Issued,2026-06-23,Type V-B Construction,Type V (wood-frame),2627.0,700000.0,17.92,yes,750 N OCAMPO DR,34.0418,-118.5216
26010-30000-00813,Pacific Palisades,90272,Brentwood - Pacific Palisades,no,Garage - Private,2026-02-24,2026-06-23,,Issued (under construction),Issued,2026-06-23,Type V-B Construction,Type V (wood-frame),361.0,50000.0,11.75,yes,750 N OCAMPO DR,34.0418,-118.5216
25010-30001-06273,Pacific Palisades,90272,Brentwood - Pacific Palisades,no,Dwelling - Single Family,2026-02-25,,,In plan check,PC Approved,2026-03-11,,Not stated,,501.0,,yes,15000 W ALBRIGHT ST,34.0488,-118.5228
25010-30001-06274,Pacific Palisades,90272,Brentwood - Pacific Palisades,no,Accessory Dwelling Unit,2026-02-25,,,In plan check,PC Approved,2026-03-11,,Not stated,,501.0,,yes,15010 W ALBRIGHT ST,34.0488,-118.5228
26010-10000-00577,Pacific Palisades,90272,Brentwood - Pacific Palisades,no,Dwelling - Single Family,2026-02-25,2026-06-29,,Issued (under construction),Issued,2026-06-29,Type V-B Construction,Type V (wood-frame),2061.0,800000.0,16.29,yes,16000 W AIGLON ST,34.044,-118.5371
26010-10000-00785,Pacific Palisades,90272,Brentwood - Pacific Palisades,no,Dwelling - Single Family,2026-02-25,2026-04-14,,Issued (under construction),Issued,2026-04-14,Type V-B Construction,Type V (wood-frame),3980.0,500000.0,28.0,yes,16055 W TEMECULA ST,34.0463,-118.5366
26010-10000-00834,Encino / Tarzana,91316,Encino - Tarzana,no,Accessory Dwelling Unit,2026-02-25,2026-06-03,,Issued (under construction),Issued,2026-06-03,Type V-B Construction,Type V (wood-frame),450.0,50000.0,14.42,no,5654 N LINDLEY AVE,34.1739,-118.5269
26010-30000-00832,Pacific Palisades,90272,Brentwood - Pacific Palisades,no,Dwelling - Single Family,2026-02-25,2026-08-24,,Issued (under construction),Issued,2026-08-24,Type V-B Construction,Type V (wood-frame),3699.0,1300000.0,27.5,yes,16050-16052 W AIGLON ST,34.0448,-118.5379
26010-30000-00848,Pacific Palisades,90272,Brentwood - Pacific Palisades,yes,Dwelling - Single Family,2026-02-26,2026-05-20,,Issued (under construction),Issued,2026-05-20,Type V-B Construction,Type V (wood-frame),2904.0,400000.0,14.25,yes,17615 W TRAMONTO DR,34.042,-118.5592
26010-10000-00320,Pacific Palisades,90272,Brentwood - Pacific Palisades,no,Dwelling - Single Family,2026-02-27,2026-09-08,,Issued (under construction),Issued,2026-09-08,Type V-B Construction,Type V (wood-frame),1484.0,400000.0,12.0,yes,16730 W BOLLINGER DR,34.0468,-118.5444
26010-10000-00823,Pacific Palisades,90272,Brentwood - Pacific Palisades,yes,Dwelling - Single Family,2026-02-27,2026-07-29,,Issued (under construction),Issued,2026-07-29,Type V-B Construction,Type V (wood-frame),3352.0,548359.0,32.92,yes,935 N JACON WAY,34.0533,-118.548
26010-20000-00855,Pacific Palisades,90272,Brentwood - Pacific Palisades,no,Dwelling - Single Family,2026-02-27,2026-08-13,,Issued (under construction),Issued,2026-08-13,Type V-B Construction,Type V (wood-frame),4246.81,580000.0,28.33,yes,400 N VIA DE LA PAZ,34.0372,-118.5294
26010-30000-00857,Pacific Palisades,90272,Brentwood - Pacific Palisades,no,Dwelling - Single Family,2026-02-27,2026-03-25,,Issued (under construction),Issued,2026-03-25,Type V-B Construction,Type V (wood-frame),2952.0,700000.0,28.5,yes,641 N HAVERFORD AVE,34.042,-118.5299
26010-10000-00639,Pacific Palisades,90272,Brentwood - Pacific Palisades,no,Dwelling - Single Family,2026-03-02,2026-04-15,,Issued (under construction),Issued,2026-04-15,Type V-B Construction,Type V (wood-frame),3913.0,418000.0,27.2,yes,743 N HAVERFORD AVE,34.0441,-118.5293
26010-10000-00850,Pacific Palisades,90272,Brentwood - Pacific Palisades,no,Dwelling - Single Family,2026-03-02,,,In plan check,PC Info Complete,2026-09-02,Type V-B Construction,Type V (wood-frame),1389.0,191900.0,16.92,yes,1157 N HARTZELL ST,34.0509,-118.521
26010-10000-01035,Encino / Tarzana,91356,Canoga Park-West Hills-Winnetka-Woodland Hill,no,Accessory Dwelling Unit,2026-03-02,2026-06-08,,Issued (under construction),Issued,2026-06-08,Type V-B Construction,Type V (wood-frame),1199.0,212000.0,24.16,no,22713 N MIRANDA ST,34.175,-118.6215
26010-10000-01036,Encino / Tarzana,91356,Canoga Park-West Hills-Winnetka-Woodland Hill,no,Dwelling - Single Family,2026-03-02,2026-06-08,,Issued (under construction),Issued,2026-06-08,Type V-B Construction,Type V (wood-frame),1750.0,307000.0,25.1,no,22715 N MIRANDA ST,34.175,-118.6215
26010-10000-01054,Pacific Palisades,90272,Brentwood - Pacific Palisades,no,Accessory Dwelling Unit,2026-03-02,,,In plan check,PC Approved,2026-09-02,Type V-B Construction,Type V (wood-frame),511.0,86000.0,15.67,yes,1159 N HARTZELL ST,34.0509,-118.5212
26010-30000-00879,Pacific Palisades,90272,Brentwood - Pacific Palisades,no,Dwelling - Single Family,2026-03-02,2026-06-16,,Issued (under construction),Issued,2026-06-16,Type V-B Construction,Type V (wood-frame),4192.0,2000000.0,28.0,yes,1111 N FISKE ST,34.0494,-118.5227
26010-30000-00880,Pacific Palisades,90272,Brentwood - Pacific Palisades,no,Accessory Dwelling Unit,2026-03-02,,,In plan check,Verifications in Progress,2026-07-24,Type V-B Construction,Type V (wood-frame),,150000.0,,yes,1111 N FISKE ST,34.0494,-118.5227
26010-30000-00882,Pacific Palisades,90272,Brentwood - Pacific Palisades,no,,2026-03-02,,,In plan check,Verifications in Progress,2026-05-01,Type V-B Construction,Type V (wood-frame),7183.0,360000.0,28.92,yes,1147 N GALLOWAY ST,34.0505,-118.5219
26010-30000-00883,Pacific Palisades,90272,Brentwood - Pacific Palisades,no,Dwelling - Single Family,2026-03-02,2026-05-08,,Issued (under construction),Issued,2026-05-08,Type V-B Construction,Type V (wood-frame),2148.0,550000.0,28.0,yes,921 N EMBURY ST,34.0459,-118.523
26010-30000-00884,Pacific Palisades,90272,Brentwood - Pacific Palisades,no,Accessory Dwelling Unit,2026-03-02,2026-05-08,,Issued (under construction),Issued,2026-05-08,Type V-B Construction,Type V (wood-frame),283.0,100000.0,11.25,yes,919 N EMBURY ST,34.0459,-118.5231
26010-30000-00893,Bel Air / Beverly Crest,90077,Bel Air - Beverly Crest,yes,Accessory Dwelling Unit,2026-03-02,,,In plan check,PC Info Complete,2026-08-27,Type V-B Construction,Type V (wood-frame),648.0,100000.0,25.17,no,203 N DELFERN DR,34.0819,-118.4305
26010-30000-00894,Bel Air / Beverly Crest,90077,Bel Air - Beverly Crest,yes,Accessory Living Quarters,2026-03-02,,,In plan check,PC Info Complete,2026-08-27,Type V-B Construction,Type V (wood-frame),953.0,300000.0,31.42,no,201 N DELFERN DR,34.0814,-118.4301
26010-10000-00849,Pacific Palisades,90272,Brentwood - Pacific Palisades,yes,Dwelling - Single Family,2026-03-03,,,In plan check,Quality Review Completed,2026-03-18,,Not stated,,750000.0,,no,417 N PUERTO DEL MAR,34.0407,-118.5399
26010-10000-00869,Pacific Palisades,90272,Brentwood - Pacific Palisades,no,Dwelling - Single Family,2026-03-03,,,In plan check,PC Info Complete,2026-07-14,Type V-B Construction,Type V (wood-frame),3008.0,350000.0,30.4,yes,911 N KAGAWA ST,34.0464,-118.5179
26010-30000-00903,Pacific Palisades,90272,Brentwood - Pacific Palisades,yes,Dwelling - Single Family,2026-03-03,2026-07-02,,Issued (under construction),Issued,2026-07-02,Type V-B Construction,Type V (wood-frame),4183.0,800000.0,33.0,yes,1375 N CHAUTAUQUA BLVD,34.054,-118.5213
26010-30000-00911,Pacific Palisades,90272,Brentwood - Pacific Palisades,yes,Dwelling - Single Family,2026-03-03,,,In plan check,Verifications in Progress,2026-06-16,Type V-B Construction,Type V (wood-frame),,766000.0,,yes,1031 N BIENVENEDA AVE,34.0537,-118.5411
26010-30000-00912,Pacific Palisades,90272,Brentwood - Pacific Palisades,yes,,2026-03-03,,,In plan check,Verifications in Progress,2026-06-16,Type V-B Construction,Type V (wood-frame),,629000.0,,yes,1031 N BIENVENEDA AVE,34.0537,-118.5411
26010-30000-00913,Pacific Palisades,90272,Brentwood - Pacific Palisades,yes,Accessory Dwelling Unit,2026-03-03,,,In plan check,Verifications in Progress,2026-06-16,Type V-B Construction,Type V (wood-frame),,156000.0,,no,1031 N BIENVENEDA AVE,34.0537,-118.5411
26010-30000-00914,Pacific Palisades,90272,Brentwood - Pacific Palisades,yes,Accessory Living Quarters,2026-03-03,,,In plan check,Verifications in Progress,2026-06-16,Type V-B Construction,Type V (wood-frame),,105000.0,,yes,1031 N BIENVENEDA AVE,34.0537,-118.5411
26010-10000-00581,Pacific Palisades,90272,Brentwood - Pacific Palisades,no,Dwelling - Single Family,2026-03-04,2026-08-03,,Issued (under construction),Issued,2026-08-03,Type V-B Construction,Type V (wood-frame),3061.0,360000.0,32.0,yes,16772 W EDGAR ST,34.0461,-118.5455
26010-10000-00872,Pacific Palisades,90272,Brentwood - Pacific Palisades,no,Dwelling - Single Family,2026-03-04,2026-04-16,,Issued (under construction),Issued,2026-04-16,Type V-B Construction,Type V (wood-frame),4904.0,200000.0,28.0,yes,845 N TOYOPA DR,34.0434,-118.5226
26010-10000-00873,Pacific Palisades,90272,Brentwood - Pacific Palisades,yes,Dwelling - Single Family,2026-03-04,2026-05-11,,Issued (under construction),Issued,2026-05-11,Type V-B Construction,Type V (wood-frame),2419.0,450000.0,27.6,yes,360 N GRENOLA ST,34.0426,-118.5422
26010-30000-00922,Pacific Palisades,90272,Brentwood - Pacific Palisades,no,Dwelling - Single Family,2026-03-04,2026-04-17,,Issued (under construction),Issued,2026-04-17,Type V-B Construction,Type V (wood-frame),3377.0,500000.0,27.75,yes,871 N GALLOWAY ST,34.0451,-118.5208
26010-30000-00943,Bel Air / Beverly Crest,90077,Bel Air - Beverly Crest,yes,Dwelling - Single Family,2026-03-04,2026-08-12,,Issued (under construction),Issued,2026-08-12,Type V-B Construction,Type V (wood-frame),8298.0,2000000.0,33.41,no,327 N DELFERN DR,34.0842,-118.4312
26010-30000-00944,Bel Air / Beverly Crest,90077,Bel Air - Beverly Crest,yes,Dwelling - Single Family,2026-03-04,2026-08-12,,Issued (under construction),Issued,2026-08-12,Type V-A Construction,Type V (wood-frame),712.0,125000.0,14.0,no,329 N DELFERN DR,34.0839,-118.4313
26010-10000-00800,Pacific Palisades,90272,Brentwood - Pacific Palisades,yes,,2026-03-05,,,In plan check,Verifications in Progress,2026-09-11,,Not stated,,1052820.0,,no,645 N JACON WAY,34.0478,-118.5476
26010-10000-00824,Pacific Palisades,90272,Brentwood - Pacific Palisades,yes,Dwelling - Single Family,2026-03-05,2026-07-17,,Issued (under construction),Issued,2026-07-17,Type V-B Construction,Type V (wood-frame),3022.0,250000.0,28.6,yes,637 N PALMERA AVE,34.0465,-118.5386
26010-10000-00891,Pacific Palisades,90272,Brentwood - Pacific Palisades,no,Dwelling - Single Family,2026-03-05,2026-07-20,,Issued (under construction),Issued,2026-07-20,Type V-B Construction,Type V (wood-frame),2922.0,500848.0,24.9,yes,327 N LOMBARD AVE,34.0361,-118.5278
26010-10000-00900,Pacific Palisades,90272,Brentwood - Pacific Palisades,yes,Accessory Dwelling Unit,2026-03-05,,,In plan check,Verifications in Progress,2026-08-11,,Not stated,,75000.0,,no,1771 S CHASTAIN PKWY,34.073,-118.5469
26010-30000-00964,Pacific Palisades,90272,Brentwood - Pacific Palisades,yes,Dwelling - Single Family,2026-03-05,2026-07-31,,Issued (under construction),Issued,2026-07-31,Type V-B Construction,Type V (wood-frame),2024.0,400000.0,22.0,yes,17817 W TRAMONTO DR,34.043,-118.5631
26010-30000-00965,Pacific Palisades,90272,Brentwood - Pacific Palisades,yes,Dwelling - Single Family,2026-03-05,2026-06-22,,Issued (under construction),Issued,2026-06-22,Type V-B Construction,Type V (wood-frame),3458.0,460000.0,29.67,yes,504 N MARQUETTE ST,34.0439,-118.5429
26010-30000-00966,Pacific Palisades,90272,Brentwood - Pacific Palisades,yes,Garage - Private,2026-03-05,2026-06-22,,Issued (under construction),Issued,2026-06-22,Type V-B Construction,Type V (wood-frame),365.0,120000.0,16.0,yes,504 N MARQUETTE ST,34.0439,-118.5429
26010-30000-02082,Encino / Tarzana,91356,Encino - Tarzana,no,Accessory Dwelling Unit,2026-03-05,,,In plan check,Quality Review Completed,2026-04-30,Type V-B Construction,Type V (wood-frame),798.0,110000.0,15.08,no,19203 W SANTA RITA ST,34.1673,-118.5511
26010-30000-02083,Encino / Tarzana,91356,Encino - Tarzana,no,Recreation Room,2026-03-05,,,In plan check,Quality Review Completed,2026-04-30,,Not stated,,45000.0,,no,19201 W SANTA RITA ST,34.1671,-118.551
26010-10000-00902,Pacific Palisades,90272,Brentwood - Pacific Palisades,yes,Dwelling - Single Family,2026-03-06,2026-09-09,,Issued (under construction),Issued,2026-09-09,Type V-B Construction,Type V (wood-frame),3371.0,730000.0,16.5,yes,16615 W MERIVALE LANE,34.0536,-118.5445
26010-10000-01014,Pacific Palisades,90272,Brentwood - Pacific Palisades,yes,,2026-03-06,,,In plan check,Verifications in Progress,2026-05-18,,Not stated,,120000.0,,no,16632 W BIENVENEDA PL,34.06,-118.5447
26010-10000-01243,Pacific Palisades,90272,Brentwood - Pacific Palisades,yes,Accessory Dwelling Unit,2026-03-06,2026-09-09,,Issued (under construction),Issued,2026-09-09,Type V-B Construction,Type V (wood-frame),681.0,70000.0,12.5,no,16613 W MERIVALE LANE,34.0537,-118.5445
26010-20000-00888,Encino / Tarzana,91436,Encino - Tarzana,yes,,2026-03-06,,,In plan check,Verifications in Progress,2026-06-25,,Not stated,,5000.0,,no,4500 N ESTRONDO DR,34.1527,-118.5002
26010-20000-00889,Encino / Tarzana,91436,Encino - Tarzana,yes,,2026-03-06,,,In plan check,Verifications in Progress,2026-06-25,,Not stated,,5000.0,,no,4500 N ESTRONDO DR,34.1527,-118.5002
26010-20000-00890,Encino / Tarzana,91436,Encino - Tarzana,yes,,2026-03-06,,,In plan check,Verifications in Progress,2026-06-25,,Not stated,,5000.0,,no,4500 N ESTRONDO DR,34.1527,-118.5002
26010-20000-00983,Pacific Palisades,90272,Brentwood - Pacific Palisades,no,Dwelling - Single Family,2026-03-06,2026-08-19,,Issued (under construction),Issued,2026-08-19,Type V-B Construction,Type V (wood-frame),3885.0,500000.0,27.8,no,1035 N FISKE ST,34.0481,-118.5225
26010-20000-00986,Brentwood,90049,Brentwood - Pacific Palisades,no,Dwelling - Single Family,2026-03-06,2026-07-01,,Issued (under construction),Issued,2026-07-01,Type V-B Construction,Type V (wood-frame),4763.0,521000.0,27.92,no,135-137 N CANYON VIEW DR,34.0582,-118.4845
26010-20000-00989,Brentwood,90049,Brentwood - Pacific Palisades,no,Accessory Dwelling Unit,2026-03-06,2026-06-16,,Issued (under construction),Issued,2026-06-16,Type V-B Construction,Type V (wood-frame),3939.0,450000.0,25.58,no,414-414 1/2 N BOWLING GREEN WAY,34.0658,-118.4775
26010-20000-01530,Pacific Palisades,90272,Brentwood - Pacific Palisades,no,Recreation Room,2026-03-06,2026-08-19,,Issued (under construction),Issued,2026-08-19,Type V-B Construction,Type V (wood-frame),172.0,20000.0,11.83,no,1035 N FISKE ST,34.0481,-118.5225
26010-10000-00332,Pacific Palisades,90272,Brentwood - Pacific Palisades,yes,Dwelling - Single Family,2026-03-09,,,In plan check,Quality Review Completed,2026-03-25,,Not stated,,510000.0,25.0,no,761 N RADCLIFFE AVE,34.0447,-118.5303
26010-20000-01040,Pacific Palisades,90272,Brentwood - Pacific Palisades,no,Dwelling - Single Family,2026-03-09,2026-07-09,,Issued (under construction),Issued,2026-07-09,Type V-B Construction,Type V (wood-frame),5763.0,700000.0,24.75,no,521 N VIA DE LA PAZ,34.0388,-118.5293
26010-20000-01045,Pacific Palisades,90272,Brentwood - Pacific Palisades,no,Dwelling - Single Family,2026-03-09,2026-09-10,,Issued (under construction),Issued,2026-09-10,Type V-B Construction,Type V (wood-frame),5331.0,600000.0,30.02,no,621 N SWARTHMORE AVE,34.0409,-118.5278
26010-20000-01050,Encino / Tarzana,91316,Encino - Tarzana,no,Duplex,2026-03-09,2026-09-08,,Issued (under construction),Issued,2026-09-08,Type V-B Construction,Type V (wood-frame),2490.93,140000.0,23.92,no,5763-5765 N JAMIESON AVE,34.1763,-118.5224
26010-20000-01051,Encino / Tarzana,91316,Encino - Tarzana,no,Accessory Dwelling Unit,2026-03-09,2026-09-08,,Issued (under construction),Issued,2026-09-08,Type V-B Construction,Type V (wood-frame),1496.24,160000.0,15.67,no,5835-5837 N ZELZAH AVE,34.1763,-118.5224
25010-20001-00265,Encino / Tarzana,91316,Encino - Tarzana,yes,Accessory Dwelling Unit,2026-03-10,2026-04-13,,Issued (under construction),Issued,2026-04-13,Type V-B Construction,Type V (wood-frame),800.0,150000.0,15.5,no,18062 W RANCHO ST,34.1561,-118.5271
26010-10000-00799,Pacific Palisades,90272,Brentwood - Pacific Palisades,no,Dwelling - Single Family,2026-03-10,2026-06-03,,Issued (under construction),Issued,2026-06-03,Type V-B Construction,Type V (wood-frame),4088.0,610000.0,24.92,yes,1137 N HARTZELL ST,34.0504,-118.5209
26010-10000-00822,Pacific Palisades,90272,Brentwood - Pacific Palisades,yes,Dwelling - Single Family,2026-03-10,2026-06-12,,Issued (under construction),Issued,2026-06-12,Type V-B Construction,Type V (wood-frame),1816.0,400000.0,26.9,yes,611-613 N RADCLIFFE AVE,34.0413,-118.5309
26010-10000-00845,Pacific Palisades,90272,Brentwood - Pacific Palisades,yes,Dwelling - Single Family,2026-03-10,,,In plan check,Quality Review Completed,2026-03-23,Type V-B Construction,Type V (wood-frame),2770.0,1500000.0,,no,1260 N RIMMER AVE,34.0529,-118.5261
26010-10000-00952,Pacific Palisades,90272,Brentwood - Pacific Palisades,yes,Dwelling - Single Family,2026-03-10,2026-06-24,,Issued (under construction),Issued,2026-06-24,Type V-B Construction,Type V (wood-frame),3192.0,3500000.0,32.64,yes,522 N ERSKINE DR,34.0417,-118.5338
26010-10000-01182,Pacific Palisades,90272,Brentwood - Pacific Palisades,no,Accessory Dwelling Unit,2026-03-10,2026-09-10,,Issued (under construction),Issued,2026-09-10,Type V-B Construction,Type V (wood-frame),563.0,100000.0,12.75,yes,15923 W TEMECULA ST,34.0447,-118.5347
26010-30000-01057,Pacific Palisades,90272,Brentwood - Pacific Palisades,no,Dwelling - Single Family,2026-03-10,2026-06-17,,Issued (under construction),Issued,2026-06-17,Type V-B Construction,Type V (wood-frame),5807.0,2000000.0,36.67,yes,1036 N MONUMENT ST,34.048,-118.5243
26010-10000-00801,Pacific Palisades,90272,Brentwood - Pacific Palisades,no,Dwelling - Single Family,2026-03-11,2026-08-03,,Issued (under construction),Issued,2026-08-03,Type V-B Construction,Type V (wood-frame),4429.0,800000.0,30.33,yes,15915 W ASILOMAR BLVD,34.0404,-118.5363
26010-10000-00868,Pacific Palisades,90272,Brentwood - Pacific Palisades,no,Dwelling - Single Family,2026-03-11,,,In plan check,Ready to Issue,2026-09-10,Type V-B Construction,Type V (wood-frame),5082.0,899742.0,29.81,yes,823 N HARTZELL ST,34.044,-118.5195
26010-10000-00984,Pacific Palisades,90272,Brentwood - Pacific Palisades,yes,Dwelling - Single Family,2026-03-11,2026-07-09,,Withdrawn / inactive,Refund in Progress,2026-09-09,Type V-B Construction,Type V (wood-frame),3739.0,592800.0,14.85,yes,926 N GLENHAVEN DR,34.0518,-118.5454
26010-10000-00992,Pacific Palisades,90272,Brentwood - Pacific Palisades,no,Accessory Dwelling Unit,2026-03-11,,,In plan check,PC Info Complete,2026-05-06,Type V-B Construction,Type V (wood-frame),368.0,40000.0,13.11,yes,909 N KAGAWA ST,34.0464,-118.5181
26010-10000-01058,Pacific Palisades,90272,Brentwood - Pacific Palisades,yes,Dwelling - Single Family,2026-03-11,2026-07-30,,Issued (under construction),Issued,2026-07-30,Type V-B Construction,Type V (wood-frame),3059.0,1700000.0,27.92,yes,232 N ADERNO WAY,34.0419,-118.5454
26010-10000-01075,Bel Air / Beverly Crest,90077,Bel Air - Beverly Crest,yes,Miscellaneous Bldg/Structure,2026-03-11,,,In plan check,Quality Review Completed,2026-03-24,Type V-B Construction,Type V (wood-frame),,16000.0,,no,10801 W SUNSET BLVD,34.0758,-118.4504
26010-10000-01421,Pacific Palisades,90272,Brentwood - Pacific Palisades,no,Recreation Room,2026-03-11,,,In plan check,PC Approved,2026-09-02,Type V-B Construction,Type V (wood-frame),,10000.0,9.83,no,823 N HARTZELL ST,34.044,-118.5195
26010-20000-01076,Encino / Tarzana,91316,Encino - Tarzana,yes,Garage - Private,2026-03-11,,,In plan check,Quality Review Completed,2026-07-31,Type V-B Construction,Type V (wood-frame),,50000.0,12.92,no,4466 N CORONET DR,34.1508,-118.5206
26010-30000-01070,Pacific Palisades,90272,Brentwood - Pacific Palisades,yes,Dwelling - Single Family,2026-03-11,2026-07-30,,Issued (under construction),Issued,2026-07-30,Type V-A Construction,Type V (wood-frame),6820.0,2350000.0,27.92,yes,225 N MANTUA ROAD,34.0404,-118.5472
26010-10000-00663,Pacific Palisades,90272,Brentwood - Pacific Palisades,no,Dwelling - Single Family,2026-03-12,,,In plan check,Verifications in Progress,2026-08-10,Type V-B Construction,Type V (wood-frame),3659.0,1500000.0,27.75,yes,16930 W BOLLINGER DR,34.0439,-118.5479
26010-10000-00950,Pacific Palisades,90272,Brentwood - Pacific Palisades,yes,Dwelling - Single Family,2026-03-12,2026-04-14,,Issued (under construction),Issued,2026-04-14,Type V-B Construction,Type V (wood-frame),3613.78,900000.0,27.75,yes,765 N ALMA REAL DR,34.0423,-118.5232
26010-10000-00987,Pacific Palisades,90272,Brentwood - Pacific Palisades,no,Dwelling - Single Family,2026-03-12,,,In plan check,Verifications in Progress,2026-08-24,Type V-B Construction,Type V (wood-frame),,285000.0,,yes,418 N SWARTHMORE AVE,34.0373,-118.5283
26010-10000-01088,Pacific Palisades,90272,Brentwood - Pacific Palisades,no,Accessory Dwelling Unit,2026-03-12,2026-04-23,,Issued (under construction),Issued,2026-04-23,Type V-B Construction,Type V (wood-frame),749.0,100000.0,23.0,no,505 N EL MEDIO AVE,34.0423,-118.5351
26010-20000-01119,Encino / Tarzana,91356,Encino - Tarzana,yes,Dwelling - Single Family,2026-03-12,,,In plan check,Quality Review Completed,2026-04-07,Type V-B Construction,Type V (wood-frame),,743000.0,,no,5021 N TOPEKA DR,34.1615,-118.5462
26010-30000-01122,Pacific Palisades,90272,Brentwood - Pacific Palisades,no,Dwelling - Single Family,2026-03-12,2026-08-28,,Issued (under construction),Issued,2026-08-28,Type V-B Construction,Type V (wood-frame),3606.8,500000.0,27.33,yes,619 N BAYLOR ST,34.0467,-118.5434
26010-30000-01127,Pacific Palisades,90272,Brentwood - Pacific Palisades,no,Dwelling - Single Family,2026-03-12,2026-08-24,,Issued (under construction),Issued,2026-08-24,Type V-B Construction,Type V (wood-frame),2804.0,720000.0,25.33,yes,957 N ILIFF ST,34.0474,-118.5193
26010-30000-01128,Pacific Palisades,90272,Brentwood - Pacific Palisades,no,Garage - Private,2026-03-12,2026-08-24,,Issued (under construction),Issued,2026-08-24,Type V-B Construction,Type V (wood-frame),1170.0,160000.0,22.0,yes,957 N ILIFF ST,34.0474,-118.5193
26010-30000-01179,Pacific Palisades,90272,Brentwood - Pacific Palisades,no,Garage - Private,2026-03-12,,,In plan check,Verifications in Progress,2026-08-24,Type V-B Construction,Type V (wood-frame),400.0,30000.0,12.0,yes,418 N SWARTHMORE AVE,34.0373,-118.5283
26010-30000-01424,Encino / Tarzana,91356,Encino - Tarzana,yes,Accessory Dwelling Unit,2026-03-12,,,In plan check,Quality Review Completed,2026-04-07,Type V-B Construction,Type V (wood-frame),,100000.0,,no,5021 N TOPEKA DR,34.1615,-118.5462
26010-70000-01116,Bel Air / Beverly Crest,90077,Bel Air - Beverly Crest,yes,Storage Building,2026-03-12,,,In plan check,Corrections Issued,2026-03-17,Type II-A Construction,Type I/II (non-combustible),128.0,15000.0,10.5,no,621 N STONE CANYON ROAD,34.0836,-118.4441
26010-70000-01117,Bel Air / Beverly Crest,90077,Bel Air - Beverly Crest,yes,Storage Building,2026-03-12,,,In plan check,PC Info Complete,2026-05-07,Type II-A Construction,Type I/II (non-combustible),105.0,15000.0,10.5,no,10615 W BELLAGIO ROAD,34.0827,-118.4446
24014-10001-02301,Pacific Palisades,90272,Brentwood - Pacific Palisades,yes,,2026-03-13,,,In plan check,Quality Review Completed,2026-04-07,,Not stated,,800000.0,,no,1353 N GOUCHER ST,34.0537,-118.5227
26010-10000-00700,Pacific Palisades,90272,Brentwood - Pacific Palisades,yes,Dwelling - Single Family,2026-03-13,,,In plan check,Verifications in Progress,2026-07-31,Type V-B Construction,Type V (wood-frame),,4500000.0,,yes,16899 W CALLE DE SARAH,34.0773,-118.5525
26010-10000-00955,Pacific Palisades,90272,Brentwood - Pacific Palisades,yes,Dwelling - Single Family,2026-03-13,2026-06-18,,Issued (under construction),Issued,2026-06-18,Type V-A Construction,Type V (wood-frame),3403.0,600000.0,32.5,yes,16909 W SCENIC PL,34.0525,-118.5483
26010-10000-01339,Pacific Palisades,90272,Brentwood - Pacific Palisades,yes,Accessory Dwelling Unit,2026-03-13,2026-06-18,,Issued (under construction),Issued,2026-06-18,Type V-B Construction,Type V (wood-frame),687.0,140000.0,11.0,yes,16909 W SCENIC PL,34.0525,-118.5483
26010-30000-01165,Pacific Palisades,90272,Brentwood - Pacific Palisades,yes,Dwelling - Single Family,2026-03-13,,,In plan check,Verifications in Progress,2026-07-10,Type V-B Construction,Type V (wood-frame),4224.95,600000.0,26.41,yes,1313-1315 N GOUCHER ST,34.0527,-118.5216
26010-30000-01166,Pacific Palisades,90272,Brentwood - Pacific Palisades,yes,,2026-03-13,,,In plan check,Verifications in Progress,2026-07-10,,Not stated,,65000.0,,no,1315 N GOUCHER ST,34.0528,-118.5216
26010-30000-01168,Pacific Palisades,90272,Brentwood - Pacific Palisades,no,Dwelling - Single Family,2026-03-13,2026-06-10,,Issued (under construction),Issued,2026-06-10,Type V-B Construction,Type V (wood-frame),5047.0,1175000.0,28.02,yes,736 N VIA DE LA PAZ,34.0437,-118.5278
26010-10000-01015,Pacific Palisades,90272,Brentwood - Pacific Palisades,yes,Dwelling - Single Family,2026-03-16,,,In plan check,Ready to Issue,2026-08-31,Type V-B Construction,Type V (wood-frame),4279.0,1600000.0,28.0,yes,1214 N CHAUTAUQUA BLVD,34.052,-118.5181
26010-10000-01124,Pacific Palisades,90272,Brentwood - Pacific Palisades,yes,Dwelling - Single Family,2026-03-16,,,In plan check,Verifications in Progress,2026-06-03,Type V-B Construction,Type V (wood-frame),3242.0,500000.0,27.0,yes,652 N JACON WAY,34.0485,-118.5473
26010-20000-01188,Brentwood,90049,Brentwood - Pacific Palisades,no,Dwelling - Single Family,2026-03-16,2026-07-16,,Issued (under construction),Issued,2026-07-16,Type V-B Construction,Type V (wood-frame),11473.0,1200000.0,36.0,no,1626-1628 N OLD OAK ROAD,34.0617,-118.4961
26010-30000-01209,Bel Air / Beverly Crest,90210,Bel Air - Beverly Crest,yes,Duplex,2026-03-16,,,In plan check,Quality Review Completed,2026-03-31,Type V-B Construction,Type V (wood-frame),,1100000.0,,no,1426 N HARRIDGE DR,34.0961,-118.419
26010-10000-00923,Pacific Palisades,90272,Brentwood - Pacific Palisades,no,Dwelling - Single Family,2026-03-17,,,In plan check,Quality Review Completed,2026-04-01,Type V-B Construction,Type V (wood-frame),,1000000.0,,yes,435 N BEIRUT AVE,34.0382,-118.5305
26010-10000-00948,Pacific Palisades,90272,Brentwood - Pacific Palisades,no,Dwelling - Single Family,2026-03-17,2026-07-09,,Issued (under construction),Issued,2026-07-09,Type V-B Construction,Type V (wood-frame),1552.0,800000.0,16.5,yes,907 N HARTZELL ST,34.0459,-118.5199
26010-10000-00988,Pacific Palisades,90272,Brentwood - Pacific Palisades,no,Dwelling - Single Family,2026-03-17,2026-06-25,,Issued (under construction),Issued,2026-06-25,Type V-A Construction,Type V (wood-frame),3358.0,800000.0,34.2,yes,16795 W EDGAR ST,34.0458,-118.5461
26010-10000-01084,Pacific Palisades,90272,Brentwood - Pacific Palisades,no,Dwelling - Single Family,2026-03-17,,,In plan check,PC Info Complete,2026-06-22,Type V-B Construction,Type V (wood-frame),3386.0,1500000.0,25.5,yes,15975 W ASILOMAR BLVD,34.0404,-118.5384
26010-10000-01134,Pacific Palisades,90272,Brentwood - Pacific Palisades,no,Dwelling - Single Family,2026-03-17,,,In plan check,PC Info Complete,2026-05-05,Type V-B Construction,Type V (wood-frame),4084.0,450000.0,31.58,yes,1106 N FISKE ST,34.0493,-118.5225
26010-10000-01183,Pacific Palisades,90272,Brentwood - Pacific Palisades,no,Dwelling - Single Family,2026-03-17,2026-07-17,,Issued (under construction),Issued,2026-07-17,Type V-B Construction,Type V (wood-frame),3047.0,2100000.0,18.6,yes,15120 W BESTOR BLVD,34.0511,-118.5247
26010-10000-01200,Pacific Palisades,90272,Brentwood - Pacific Palisades,yes,Dwelling - Single Family,2026-03-17,,,In plan check,PC Info Complete,2026-07-29,Type V-B Construction,Type V (wood-frame),4690.0,900000.0,33.0,yes,1710 S CHASTAIN PKWY EAST,34.075,-118.5478
26010-10000-01318,Pacific Palisades,90272,Brentwood - Pacific Palisades,no,Garage - Private,2026-03-17,2026-07-09,,Issued (under construction),Issued,2026-07-09,Type V-B Construction,Type V (wood-frame),80.0,25000.0,14.0,yes,907 N HARTZELL ST,34.0459,-118.5199
26010-10000-01337,Pacific Palisades,90272,Brentwood - Pacific Palisades,no,Garage - Private,2026-03-17,,,In plan check,Quality Review Completed,2026-04-01,Type V-B Construction,Type V (wood-frame),,50000.0,,yes,435 N BEIRUT AVE,34.0382,-118.5305
26010-20000-01192,Encino / Tarzana,91356,Encino - Tarzana,no,Dwelling - Single Family,2026-03-17,2026-09-02,,Issued (under construction),Issued,2026-09-02,Type V-B Construction,Type V (wood-frame),2654.0,750000.0,25.92,no,5145-5147 N GARDEN GROVE AVE,34.1644,-118.5292
26010-20000-01238,Pacific Palisades,90272,Brentwood - Pacific Palisades,no,Dwelling - Single Family,2026-03-17,2026-07-01,,Issued (under construction),Issued,2026-07-01,Type V-B Construction,Type V (wood-frame),2231.0,278053.0,26.16,no,16756 W MARQUEZ AVE,34.047,-118.5459
26010-30000-01241,Pacific Palisades,90272,Brentwood - Pacific Palisades,yes,Dwelling - Single Family,2026-03-17,2026-06-25,,Issued (under construction),Issued,2026-06-25,Type V-B Construction,Type V (wood-frame),10670.0,1550000.0,35.2,yes,1202 N RIMMER AVE,34.0515,-118.527
25010-30001-04942,Pacific Palisades,90272,Brentwood - Pacific Palisades,yes,,2026-03-18,,,In plan check,Quality Review Completed,2026-03-26,,Not stated,,501.0,,no,15000 W MCKENDREE AVE,34.0526,-118.5232
26010-10000-00956,Pacific Palisades,90272,Brentwood - Pacific Palisades,no,Dwelling - Single Family,2026-03-18,2026-05-28,,Issued (under construction),Issued,2026-05-28,Type V-B Construction,Type V (wood-frame),5372.49,545129.0,29.67,yes,538 N VIA DE LA PAZ,34.0392,-118.5289
26010-10000-01030,Pacific Palisades,90272,Brentwood - Pacific Palisades,yes,Dwelling - Single Family,2026-03-18,2026-06-28,,Issued (under construction),Issued,2026-06-28,Type V-B Construction,Type V (wood-frame),2527.0,750000.0,29.72,no,705 N HAMPDEN PL,34.0426,-118.5265
26010-10000-01031,Pacific Palisades,90272,Brentwood - Pacific Palisades,no,Dwelling - Single Family,2026-03-18,2026-07-27,,Issued (under construction),Issued,2026-07-27,Type V-B Construction,Type V (wood-frame),2192.2,400000.0,16.5,yes,1155 N VIA DE LA PAZ,34.0506,-118.5264
26010-10000-01056,Pacific Palisades,90272,Brentwood - Pacific Palisades,no,Dwelling - Single Family,2026-03-18,2026-06-04,,Issued (under construction),Issued,2026-06-04,Type V-B Construction,Type V (wood-frame),3998.0,428710.0,27.5,yes,15236 W DE PAUW ST,34.0374,-118.5253
26010-10000-01659,Pacific Palisades,90272,Brentwood - Pacific Palisades,no,Accessory Dwelling Unit,2026-03-18,2026-06-04,,Issued (under construction),Issued,2026-06-04,Type V-B Construction,Type V (wood-frame),320.0,50000.0,13.0,no,15236 W DE PAUW ST,34.0374,-118.5253
26010-20000-01277,Encino / Tarzana,91356,Encino - Tarzana,no,Dwelling - Single Family,2026-03-18,2026-07-29,,Issued (under construction),Issued,2026-07-29,Type V-B Construction,Type V (wood-frame),4943.64,520000.0,21.42,no,5161 N DONNA AVE,34.1646,-118.5483
26010-20000-01278,Encino / Tarzana,91356,Encino - Tarzana,no,Accessory Dwelling Unit,2026-03-18,2026-07-29,,Issued (under construction),Issued,2026-07-29,Type V-B Construction,Type V (wood-frame),926.19,95000.0,16.0,no,5163 N DONNA AVE,34.1646,-118.5485
26010-20000-01280,Encino / Tarzana,91436,Encino - Tarzana,yes,Accessory Living Quarters,2026-03-18,,,In plan check,Verifications in Progress,2026-08-25,Type V-B Construction,Type V (wood-frame),3678.32,90000.0,,no,4467 N WOODLEY AVE,34.1529,-118.4849
26010-20000-01281,Brentwood,90049,Brentwood - Pacific Palisades,no,Dwelling - Single Family,2026-03-18,2026-07-21,,Issued (under construction),Issued,2026-07-21,Type V-B Construction,Type V (wood-frame),6434.0,770000.0,28.66,no,738-738 1/2 S BRISTOL AVE,34.0453,-118.4799
26010-20000-01282,Brentwood,90049,Brentwood - Pacific Palisades,no,Accessory Dwelling Unit,2026-03-18,2026-07-21,,Issued (under construction),Issued,2026-07-21,Type V-B Construction,Type V (wood-frame),743.0,85000.0,18.0,no,740 S BRISTOL AVE,34.0455,-118.4797
26010-30000-01248,Brentwood,90049,Brentwood - Pacific Palisades,yes,Dwelling - Single Family,2026-03-18,,,In plan check,Verifications in Progress,2026-08-20,Type V-B Construction,Type V (wood-frame),8130.0,1160000.0,27.25,no,720 N BONHILL ROAD,34.0712,-118.4819
26010-30000-01249,Brentwood,90049,Brentwood - Pacific Palisades,yes,Accessory Dwelling Unit,2026-03-18,,,In plan check,Verifications in Progress,2026-08-20,Type V-B Construction,Type V (wood-frame),1115.0,167250.0,10.5,no,722 N BONHILL ROAD,34.0711,-118.4815
26010-30000-01250,Pacific Palisades,90272,Brentwood - Pacific Palisades,yes,Dwelling - Single Family,2026-03-18,2026-08-04,,Issued (under construction),Issued,2026-08-04,Type V-B Construction,Type V (wood-frame),2642.0,800000.0,27.59,yes,354 N ARNO WAY,34.0421,-118.5458
26010-30000-01253,Pacific Palisades,90272,Brentwood - Pacific Palisades,no,Garage - Private,2026-03-18,2026-05-19,,Issued (under construction),Issued,2026-05-19,Type V-B Construction,Type V (wood-frame),396.0,40000.0,17.29,no,724 N MUSKINGUM AVE,34.048,-118.5361
26010-10000-00892,Pacific Palisades,90272,Brentwood - Pacific Palisades,no,Dwelling - Single Family,2026-03-19,,,In plan check,Quality Review Completed,2026-04-07,,Not stated,,130000.0,,yes,407 N BEIRUT AVE,34.0375,-118.5306
26010-10000-01083,Pacific Palisades,90272,Brentwood - Pacific Palisades,no,Dwelling - Single Family,2026-03-19,2026-06-22,,Issued (under construction),Issued,2026-06-22,Type V-B Construction,Type V (wood-frame),7596.0,1380000.0,27.5,yes,800 N ALMA REAL DR,34.0429,-118.5229
26010-10000-01442,Pacific Palisades,90272,Brentwood - Pacific Palisades,no,,2026-03-19,,,In plan check,Quality Review Completed,2026-04-07,,Not stated,,250000.0,,no,407 N BEIRUT AVE,34.0375,-118.5306
26010-20000-01291,Pacific Palisades,90272,Brentwood - Pacific Palisades,yes,Dwelling - Single Family,2026-03-19,2026-08-11,,Issued (under construction),Issued,2026-08-11,Type V-B Construction,Type V (wood-frame),9963.0,1500000.0,32.5,no,641 N ALMA REAL DR,34.0392,-118.5242
26010-20000-01292,Encino / Tarzana,91316,Encino - Tarzana,yes,Accessory Dwelling Unit,2026-03-19,2026-06-17,,Issued (under construction),Issued,2026-06-17,Type V-B Construction,Type V (wood-frame),685.0,72000.0,14.58,no,4523 N PORTICO PL,34.1531,-118.5075
26010-20000-01293,Encino / Tarzana,91316,Encino - Tarzana,yes,Patio Cover,2026-03-19,2026-06-17,,Issued (under construction),Issued,2026-06-17,Type V-B Construction,Type V (wood-frame),,20000.0,10.0,no,4525 N PORTICO PL,34.153,-118.5073
26010-30000-01287,Pacific Palisades,90272,Brentwood - Pacific Palisades,no,Dwelling - Single Family,2026-03-19,2026-05-19,,Issued (under construction),Issued,2026-05-19,Type V-B Construction,Type V (wood-frame),2915.0,260000.0,26.25,yes,821 N ILIFF ST,34.0442,-118.5185
26010-30000-01359,Pacific Palisades,90272,Brentwood - Pacific Palisades,no,Accessory Dwelling Unit,2026-03-19,2026-05-19,,Issued (under construction),Issued,2026-05-19,Type V-B Construction,Type V (wood-frame),453.0,50000.0,15.75,yes,819 N ILIFF ST,34.0442,-118.5186
26010-10000-01115,Pacific Palisades,90272,Brentwood - Pacific Palisades,no,Dwelling - Single Family,2026-03-20,,,In plan check,Ready to Issue,2026-05-29,Type V-B Construction,Type V (wood-frame),4904.0,900000.0,27.92,yes,842 N HARTZELL ST,34.0446,-118.5193
26010-10000-01123,Pacific Palisades,90272,Brentwood - Pacific Palisades,yes,Dwelling - Single Family,2026-03-20,,,In plan check,PC Info Complete,2026-08-17,Type V-B Construction,Type V (wood-frame),2324.0,1700000.0,31.1,yes,1212 N MONUMENT ST,34.0517,-118.5248
26010-10000-01154,Pacific Palisades,90272,Brentwood - Pacific Palisades,yes,Dwelling - Single Family,2026-03-20,2026-05-12,,Issued (under construction),Issued,2026-05-12,Type V-B Construction,Type V (wood-frame),4606.0,1230000.0,25.6,yes,1061 N VILLA VIEW DR,34.0495,-118.5144
26010-10000-01228,Brentwood,90049,Brentwood - Pacific Palisades,yes,Accessory Dwelling Unit,2026-03-20,,,In plan check,Verifications in Progress,2026-08-12,Type V-B Construction,Type V (wood-frame),,55000.0,,no,335 N HOMEWOOD ROAD,34.064,-118.484
26010-20000-01306,Pacific Palisades,90272,Brentwood - Pacific Palisades,no,Dwelling - Single Family,2026-03-20,2026-06-03,,Issued (under construction),Issued,2026-06-03,Type V-B Construction,Type V (wood-frame),1493.75,160000.0,19.66,no,16026 W MIAMI WAY,34.0452,-118.537
26010-20000-01307,Pacific Palisades,90272,Brentwood - Pacific Palisades,no,Garage - Private,2026-03-20,2026-06-03,,Issued (under construction),Issued,2026-06-03,Type V-B Construction,Type V (wood-frame),0.0,45000.0,17.25,no,16026 W MIAMI WAY,34.0452,-118.537
26010-30000-01305,Pacific Palisades,90272,Brentwood - Pacific Palisades,no,Dwelling - Single Family,2026-03-20,2026-08-11,,Issued (under construction),Issued,2026-08-11,Type V-B Construction,Type V (wood-frame),3644.0,400000.0,25.8,yes,566 N MUSKINGUM AVE,34.0445,-118.5387
26010-30000-01311,Pacific Palisades,90272,Brentwood - Pacific Palisades,yes,Dwelling - Single Family,2026-03-20,2026-06-30,,Issued (under construction),Issued,2026-06-30,Type V-B Construction,Type V (wood-frame),6361.42,800000.0,25.0,yes,1642 S CHASTAIN PKWY EAST,34.0756,-118.5482
26010-10000-00765,Pacific Palisades,90272,Brentwood - Pacific Palisades,yes,Dwelling - Single Family,2026-03-23,,,In plan check,Quality Review Completed,2026-03-31,Type V-B Construction,Type V (wood-frame),,200000.0,,yes,565 N MARQUETTE ST,34.0453,-118.5423
26010-10000-01240,Encino / Tarzana,91436,Encino - Tarzana,yes,Recreation Room,2026-03-23,,,In plan check,Quality Review Completed,2026-04-09,Type V-B Construction,Type V (wood-frame),1310.0,100000.0,14.0,no,16810 W ADLON ROAD,34.1465,-118.4992
26010-10000-01445,Pacific Palisades,90272,Brentwood - Pacific Palisades,yes,Recreation Room,2026-03-23,,,In plan check,Quality Review Completed,2026-03-31,Type V-B Construction,Type V (wood-frame),,27000.0,,no,565 N MARQUETTE ST,34.0453,-118.5423
26010-10000-01532,Encino / Tarzana,91436,Encino - Tarzana,yes,Patio Cover,2026-03-23,,,In plan check,Quality Review Completed,2026-04-09,Type V-B Construction,Type V (wood-frame),752.0,100000.0,12.0,no,16810 W ADLON ROAD,34.1465,-118.4992
26010-20000-01334,Pacific Palisades,90272,Brentwood - Pacific Palisades,yes,Dwelling - Single Family,2026-03-23,,,In plan check,PC Info Complete,2026-04-29,Type V-B Construction,Type V (wood-frame),5058.48,730000.0,27.75,no,958 N CHAUTAUQUA BLVD,34.0478,-118.5167
26010-30000-01325,Pacific Palisades,90272,Brentwood - Pacific Palisades,yes,Dwelling - Single Family,2026-03-23,,,In plan check,Verifications in Progress,2026-08-27,Type V-B Construction,Type V (wood-frame),2784.0,1000000.0,,yes,532 N LAS CASAS AVE,34.0448,-118.5432
26010-30000-01326,Pacific Palisades,90272,Brentwood - Pacific Palisades,yes,,2026-03-23,,,In plan check,Verifications in Progress,2026-08-27,Type V-B Construction,Type V (wood-frame),475.0,100000.0,,yes,532 N LAS CASAS AVE,34.0448,-118.5432
26010-30000-01344,Pacific Palisades,90272,Brentwood - Pacific Palisades,yes,Dwelling - Single Family,2026-03-24,2026-06-04,,Issued (under construction),Issued,2026-06-04,Type V-B Construction,Type V (wood-frame),4464.0,725000.0,27.33,yes,1602-1604 S CHASTAIN PKWY EAST,34.0761,-118.5495
26010-30000-01350,Pacific Palisades,90272,Brentwood - Pacific Palisades,no,Dwelling - Single Family,2026-03-24,2026-05-11,,Issued (under construction),Issued,2026-05-11,Type V-B Construction,Type V (wood-frame),4069.0,650000.0,37.67,yes,661 N SWARTHMORE AVE,34.042,-118.5276
26010-20000-01376,Pacific Palisades,90272,Brentwood - Pacific Palisades,no,Dwelling - Single Family,2026-03-25,,,In plan check,Verifications in Progress,2026-08-03,Type V-B Construction,Type V (wood-frame),,400000.0,,no,1112 N VIA DE LA PAZ,34.0493,-118.5264
26010-20000-01377,Pacific Palisades,90272,Brentwood - Pacific Palisades,no,Accessory Living Quarters,2026-03-25,,,In plan check,Verifications in Progress,2026-08-03,Type V-B Construction,Type V (wood-frame),,175000.0,,no,1112 N VIA DE LA PAZ,34.0493,-118.5264
26010-30000-01330,Pacific Palisades,90272,Brentwood - Pacific Palisades,no,Dwelling - Single Family,2026-03-25,2026-05-27,,Issued (under construction),Issued,2026-05-27,Type V-B Construction,Type V (wood-frame),2175.0,400000.0,18.0,yes,947 N EMBURY ST,34.0465,-118.5232
26010-30000-01381,Pacific Palisades,90272,Brentwood - Pacific Palisades,no,Dwelling - Single Family,2026-03-25,2026-05-05,,Issued (under construction),Issued,2026-05-05,Type V-B Construction,Type V (wood-frame),4069.0,600000.0,29.75,yes,533 N SWARTHMORE AVE,34.0389,-118.5281
26010-30000-01382,Pacific Palisades,90272,Brentwood - Pacific Palisades,yes,Dwelling - Single Family,2026-03-25,2026-07-09,,Issued (under construction),Issued,2026-07-09,Type V-B Construction,Type V (wood-frame),4790.0,661000.0,30.58,yes,646 N HAVERFORD AVE,34.042,-118.5295
26010-30000-01383,Pacific Palisades,90272,Brentwood - Pacific Palisades,yes,Dwelling - Single Family,2026-03-25,,,In plan check,Verifications in Progress,2026-08-05,Type V-A Construction,Type V (wood-frame),,386000.0,,yes,674 N SWARTHMORE AVE,34.0422,-118.5271
26010-10000-01324,Pacific Palisades,90272,Brentwood - Pacific Palisades,yes,Dwelling - Single Family,2026-03-26,2026-06-22,,Issued (under construction),Issued,2026-06-22,Type V-B Construction,Type V (wood-frame),4759.0,850000.0,27.25,yes,1841 W MICHAEL LANE,34.0779,-118.5588
26010-10000-01375,Pacific Palisades,90272,Brentwood - Pacific Palisades,no,Dwelling - Single Family,2026-03-26,2026-08-03,,Issued (under construction),Issued,2026-08-03,Type V-B Construction,Type V (wood-frame),4802.0,600000.0,29.5,yes,1101 N CHAUTAUQUA BLVD,34.05,-118.5177
26010-10000-01399,Brentwood,90049,Brentwood - Pacific Palisades,yes,Accessory Living Quarters,2026-03-26,,,In plan check,PC Info Complete,2026-06-17,Type V-A Construction,Type V (wood-frame),1098.0,647500.0,18.4,no,2227 N MANDEVILLE CANYON ROAD,34.076,-118.5003
26010-30000-01390,Pacific Palisades,90272,Brentwood - Pacific Palisades,yes,Dwelling - Single Family,2026-03-26,2026-06-23,,Issued (under construction),Issued,2026-06-23,Type V-B Construction,Type V (wood-frame),4300.0,750000.0,23.0,yes,16807 CHARMEL LANE,34.0608,-118.5516
26010-30000-01428,Pacific Palisades,90272,Brentwood - Pacific Palisades,no,Dwelling - Single Family,2026-03-27,2026-04-23,,Issued (under construction),Issued,2026-04-23,Type V-B Construction,Type V (wood-frame),3377.0,400000.0,25.5,yes,827 N GALLOWAY ST,34.044,-118.5205
26010-30000-01430,Pacific Palisades,90272,Brentwood - Pacific Palisades,yes,Dwelling - Single Family,2026-03-27,,,In plan check,Quality Review Completed,2026-04-08,Type V-B Construction,Type V (wood-frame),,500000.0,35.92,yes,1046 N ENCHANTED WAY,34.0562,-118.5493
26010-30000-01717,Pacific Palisades,90272,Brentwood - Pacific Palisades,yes,Patio Cover,2026-03-30,,,In plan check,Verifications in Progress,2026-07-30,Type V-B Construction,Type V (wood-frame),,100000.0,,yes,14209 W EVANS ROAD,34.0521,-118.5095
26010-10000-00876,Pacific Palisades,90272,Brentwood - Pacific Palisades,yes,Dwelling - Single Family,2026-03-31,,,In plan check,Verifications in Progress,2026-08-25,Type V-A Construction,Type V (wood-frame),4134.0,2000000.0,,yes,325 N MOUNT HOLYOKE AVE,34.0365,-118.5322
26010-30000-01482,Pacific Palisades,90272,Brentwood - Pacific Palisades,no,Dwelling - Single Family,2026-03-31,2026-06-05,,Issued (under construction),Issued,2026-06-05,Type V-A Construction,Type V (wood-frame),3380.0,300000.0,25.0,yes,1034 N EMBURY ST,34.048,-118.5232
26010-20000-01493,Pacific Palisades,90272,Brentwood - Pacific Palisades,no,Dwelling - Single Family,2026-04-01,2026-06-29,,Issued (under construction),Issued,2026-06-29,Type V-B Construction,Type V (wood-frame),3803.0,550000.0,27.25,yes,558 N MOUNT HOLYOKE AVE,34.0397,-118.5297
26010-10000-00298,Pacific Palisades,90272,Brentwood - Pacific Palisades,yes,Duplex,2026-04-02,,,In plan check,PC Info Complete,2026-08-19,Type V-B Construction,Type V (wood-frame),2164.0,1000000.0,25.7,no,551-553 N PALISADES DR,34.0458,-118.5524
26010-10000-01185,Pacific Palisades,90272,Brentwood - Pacific Palisades,yes,Dwelling - Single Family,2026-04-02,,,In plan check,Quality Review Completed,2026-04-10,Type V-B Construction,Type V (wood-frame),3517.0,275000.0,28.0,yes,605 N MARQUETTE ST,34.046,-118.5421
26010-10000-01476,Pacific Palisades,90272,Brentwood - Pacific Palisades,no,Dwelling - Single Family,2026-04-02,2026-07-15,,Issued (under construction),Issued,2026-07-15,Type V-B Construction,Type V (wood-frame),3650.0,2400000.0,26.13,yes,16947 W BOLLINGER DR,34.044,-118.5484
26010-10000-01501,Encino / Tarzana,91316,Encino - Tarzana,no,Dwelling - Single Family,2026-04-02,,,In plan check,Quality Review Completed,2026-04-23,Type V-B Construction,Type V (wood-frame),,265000.0,,no,4958 N HESPERIA AVE,34.1599,-118.526
26010-30000-01516,Pacific Palisades,90272,Brentwood - Pacific Palisades,yes,Dwelling - Single Family,2026-04-02,,,In plan check,Quality Review Completed,2026-04-15,Type V-B Construction,Type V (wood-frame),3186.0,1500000.0,23.0,yes,1372 N GOUCHER ST,34.0544,-118.5224
26010-10000-01435,Pacific Palisades,90272,Brentwood - Pacific Palisades,yes,Garage - Private,2026-04-03,2026-06-03,,Issued (under construction),Issued,2026-06-03,Type V-B Construction,Type V (wood-frame),640.0,64000.0,12.66,no,670 N HAMPDEN PL,34.0418,-118.5266
26010-10000-01471,Pacific Palisades,90272,Brentwood - Pacific Palisades,no,Dwelling - Single Family,2026-04-03,,,In plan check,Verifications in Progress,2026-08-27,Type V-B Construction,Type V (wood-frame),,515000.0,,yes,15963 W ASILOMAR BLVD,34.0404,-118.538
26010-10000-01688,Pacific Palisades,90272,Brentwood - Pacific Palisades,no,Accessory Dwelling Unit,2026-04-03,,,In plan check,Verifications in Progress,2026-08-27,Type V-B Construction,Type V (wood-frame),,125000.0,,no,15963 W ASILOMAR BLVD,34.0404,-118.538
26010-30000-01506,Encino / Tarzana,91436,Encino - Tarzana,yes,Garage - Private,2026-04-03,,,In plan check,Quality Review Completed,2026-04-15,Type V-B Construction,Type V (wood-frame),8273.0,600000.0,34.25,no,16055 W WOODVALE ROAD,34.1479,-118.482
26010-30000-01527,Pacific Palisades,90272,Brentwood - Pacific Palisades,no,Dwelling - Single Family,2026-04-03,2026-08-26,,Issued (under construction),Issued,2026-08-26,Type V-B Construction,Type V (wood-frame),5061.0,1000000.0,25.67,yes,640 N OCAMPO DR,34.0397,-118.52
26010-30000-01542,Pacific Palisades,90272,Brentwood - Pacific Palisades,no,Dwelling - Single Family,2026-04-03,2026-07-14,,Issued (under construction),Issued,2026-07-14,Type V-B Construction,Type V (wood-frame),4622.0,600000.0,28.0,yes,464 N EL MEDIO AVE,34.0415,-118.5349
26010-30000-01543,Pacific Palisades,90272,Brentwood - Pacific Palisades,yes,Dwelling - Single Family,2026-04-03,2026-07-17,,Issued (under construction),Issued,2026-07-17,Type V-B Construction,Type V (wood-frame),2868.29,750000.0,22.0,yes,16513 W LAS CASAS PL,34.0502,-118.5413
26010-10000-01017,Pacific Palisades,90272,Brentwood - Pacific Palisades,yes,Dwelling - Single Family,2026-04-06,,,In plan check,PC Info Complete,2026-08-26,Type V-B Construction,Type V (wood-frame),4229.0,1000000.0,25.73,yes,817 N RADCLIFFE AVE,34.0458,-118.5301
26010-10000-01483,Pacific Palisades,90272,Brentwood - Pacific Palisades,yes,Dwelling - Single Family,2026-04-06,,,In plan check,PC Info Complete,2026-05-21,Type V-B Construction,Type V (wood-frame),3768.0,900000.0,28.83,yes,1224 N CHAUTAUQUA BLVD,34.0522,-118.5183
26010-10000-01553,Encino / Tarzana,91436,Encino - Tarzana,yes,Accessory Dwelling Unit,2026-04-06,,,In plan check,Verifications in Progress,2026-09-12,Type V-B Construction,Type V (wood-frame),606.04,85000.0,,no,16423 W MARBRO DR,34.1473,-118.4907
26010-20000-01568,Pacific Palisades,90272,Brentwood - Pacific Palisades,yes,Dwelling - Single Family,2026-04-06,,,In plan check,Verifications in Progress,2026-06-23,Type V-B Construction,Type V (wood-frame),,428000.0,,no,622 N LAS LOMAS AVE,34.0465,-118.5392
26010-30000-01539,Pacific Palisades,90272,Brentwood - Pacific Palisades,yes,Dwelling - Single Family,2026-04-06,2026-09-04,,Issued (under construction),Issued,2026-09-04,Type V-B Construction,Type V (wood-frame),6557.0,1000000.0,30.33,yes,1845 S CHASTAIN PKWY EAST,34.0713,-118.5484
26010-30000-01583,Pacific Palisades,90272,Brentwood - Pacific Palisades,yes,Dwelling - Single Family,2026-04-06,2026-07-07,,Issued (under construction),Issued,2026-07-07,Type V-B Construction,Type V (wood-frame),2597.57,400000.0,28.0,yes,16566 W CHATTANOOGA PL,34.0489,-118.5428
26010-10000-01361,Pacific Palisades,90272,Brentwood - Pacific Palisades,no,Dwelling - Single Family,2026-04-07,,,In plan check,Ready to Issue,2026-08-20,Type V-B Construction,Type V (wood-frame),1396.0,600000.0,19.33,yes,1007 N EMBURY ST,34.0472,-118.5233
26010-10000-01555,Pacific Palisades,90272,Brentwood - Pacific Palisades,yes,Dwelling - Single Family,2026-04-07,,,In plan check,PC Info Complete,2026-09-11,Type V-B Construction,Type V (wood-frame),3721.0,409310.0,24.5,yes,1030 N GLENHAVEN DR,34.0535,-118.5462
26010-20000-01585,Encino / Tarzana,91436,Encino - Tarzana,no,Dwelling - Single Family,2026-04-07,2026-08-07,,Issued (under construction),Issued,2026-08-07,Type V-B Construction,Type V (wood-frame),4886.67,570000.0,33.0,no,5102-5102 1/2 N GAVIOTA AVE,34.1622,-118.4812
26010-30000-01600,Pacific Palisades,90272,Brentwood - Pacific Palisades,yes,Dwelling - Single Family,2026-04-07,2026-06-30,,Issued (under construction),Issued,2026-06-30,Type V-B Construction,Type V (wood-frame),2244.25,500000.0,18.33,yes,16412 W AKRON ST,34.0503,-118.5401
26010-30000-01601,Pacific Palisades,90272,Brentwood - Pacific Palisades,yes,Dwelling - Single Family,2026-04-07,,,In plan check,Verifications in Progress,2026-09-04,Type V-B Construction,Type V (wood-frame),,1100000.0,,yes,1212 N VILLA WOODS DR,34.0515,-118.514
26010-30000-01602,Pacific Palisades,90272,Brentwood - Pacific Palisades,yes,Accessory Dwelling Unit,2026-04-07,,,In plan check,Verifications in Progress,2026-09-04,Type V-B Construction,Type V (wood-frame),,100000.0,,yes,1212 N VILLA WOODS DR,34.0515,-118.514
26010-30000-01604,Pacific Palisades,90272,Brentwood - Pacific Palisades,no,Dwelling - Single Family,2026-04-07,2026-05-19,,Issued (under construction),Issued,2026-05-19,Type V-B Construction,Type V (wood-frame),3692.0,300000.0,28.41,yes,1136 N GALLOWAY ST,34.0502,-118.5216
26010-10000-01184,Pacific Palisades,90272,Brentwood - Pacific Palisades,yes,Dwelling - Single Family,2026-04-08,,,In plan check,PC Info Complete,2026-09-02,Type V-B Construction,Type V (wood-frame),3173.0,278849.0,33.92,yes,535 N MOUNT HOLYOKE AVE,34.0393,-118.5304
26010-10000-01440,Pacific Palisades,90272,Brentwood - Pacific Palisades,no,Dwelling - Single Family,2026-04-08,,,In plan check,PC Info Complete,2026-07-21,Type V-B Construction,Type V (wood-frame),3244.72,900000.0,28.0,yes,1014 N FISKE ST,34.0476,-118.5221
26010-10000-01441,Pacific Palisades,90272,Brentwood - Pacific Palisades,yes,Dwelling - Single Family,2026-04-08,2026-07-09,,Issued (under construction),Issued,2026-07-09,Type V-B Construction,Type V (wood-frame),3271.0,1000000.0,26.58,yes,623 N RADCLIFFE AVE,34.0417,-118.531
26010-10000-01594,Pacific Palisades,90272,Brentwood - Pacific Palisades,yes,Dwelling - Single Family,2026-04-08,2026-05-18,,Issued (under construction),Issued,2026-05-18,Type V-A Construction,Type V (wood-frame),3043.0,750000.0,21.33,yes,701 N RADCLIFFE AVE,34.0432,-118.5307
26010-30000-01610,Pacific Palisades,90272,Brentwood - Pacific Palisades,no,Dwelling - Single Family,2026-04-08,2026-06-04,,Issued (under construction),Issued,2026-06-04,Type V-B Construction,Type V (wood-frame),3464.0,615000.0,17.83,yes,14916-14918 W SUNSET BLVD,34.0432,-118.521
26010-10000-01155,Pacific Palisades,90272,Brentwood - Pacific Palisades,yes,Dwelling - Single Family,2026-04-09,2026-08-11,,Issued (under construction),Issued,2026-08-11,Type V-B Construction,Type V (wood-frame),2735.0,1500000.0,26.0,yes,1834 W MICHAEL LANE,34.0778,-118.5593
26010-10000-01436,Pacific Palisades,90272,Brentwood - Pacific Palisades,yes,Dwelling - Single Family,2026-04-09,,,In plan check,Ready to Issue,2026-09-02,Type V-B Construction,Type V (wood-frame),2881.0,1150000.0,25.25,yes,16602 W PEQUENO PL,34.0545,-118.5445
26010-10000-01472,Pacific Palisades,90272,Brentwood - Pacific Palisades,yes,Dwelling - Single Family,2026-04-09,2026-07-29,,Issued (under construction),Issued,2026-07-29,Type V-B Construction,Type V (wood-frame),4312.0,648000.0,57.0,yes,17750 W TRAMONTO DR,34.0426,-118.5616
26010-10000-01491,Pacific Palisades,90272,Brentwood - Pacific Palisades,no,Dwelling - Single Family,2026-04-09,2026-08-13,,Issued (under construction),Issued,2026-08-13,Type V-B Construction,Type V (wood-frame),1421.0,200000.0,17.92,yes,649 N SWARTHMORE AVE,34.0416,-118.5276
26010-10000-01499,Pacific Palisades,90272,Brentwood - Pacific Palisades,yes,Dwelling - Single Family,2026-04-09,,,In plan check,PC Info Complete,2026-07-21,Type V-B Construction,Type V (wood-frame),1856.0,1500000.0,14.16,yes,1215 N BIENVENEDA AVE,34.0569,-118.5417
26010-10000-01588,Pacific Palisades,90272,Brentwood - Pacific Palisades,yes,Dwelling - Single Family,2026-04-09,,,In plan check,Verifications in Progress,2026-06-15,Type V-B Construction,Type V (wood-frame),,1680000.0,33.0,yes,721 N HAMPDEN PL,34.0429,-118.5264
26010-20000-01625,Pacific Palisades,90272,Brentwood - Pacific Palisades,no,Dwelling - Single Family,2026-04-09,,,In plan check,PC Info Complete,2026-05-27,Type V-B Construction,Type V (wood-frame),4365.0,500000.0,29.92,yes,1026 N ILIFF ST,34.0485,-118.5192
26010-30000-01626,Pacific Palisades,90272,Brentwood - Pacific Palisades,no,Dwelling - Single Family,2026-04-09,2026-06-10,,Issued (under construction),Issued,2026-06-10,Type V-B Construction,Type V (wood-frame),2739.14,400000.0,17.5,yes,867 N ILIFF ST,34.0454,-118.5187
26010-30000-01627,Pacific Palisades,90272,Brentwood - Pacific Palisades,no,Dwelling - Single Family,2026-04-09,2026-09-04,,Issued (under construction),Issued,2026-09-04,Type V-A Construction,Type V (wood-frame),4299.0,950000.0,28.83,yes,951-951 1/2 N KAGAWA ST,34.0474,-118.5182
26010-30000-01628,Pacific Palisades,90272,Brentwood - Pacific Palisades,no,Recreation Room,2026-04-09,2026-09-02,,Issued (under construction),Issued,2026-09-02,Type V-A Construction,Type V (wood-frame),129.0,20000.0,9.83,no,951 N KAGAWA ST,34.0474,-118.5182
26010-30000-01629,Pacific Palisades,90272,Brentwood - Pacific Palisades,no,Accessory Dwelling Unit,2026-04-09,2026-06-10,,Issued (under construction),Issued,2026-06-10,Type V-B Construction,Type V (wood-frame),468.23,98000.0,15.67,yes,867 N ILIFF ST,34.0454,-118.5187
26010-30000-01631,Pacific Palisades,90272,Brentwood - Pacific Palisades,no,Dwelling - Single Family,2026-04-09,2026-05-27,,Issued (under construction),Issued,2026-05-27,Type V-B Construction,Type V (wood-frame),2114.36,300000.0,18.0,yes,14833 W SUNSET BLVD,34.0426,-118.5198
26010-30000-01642,Pacific Palisades,90272,Brentwood - Pacific Palisades,no,Accessory Dwelling Unit,2026-04-09,2026-05-27,,Withdrawn / inactive,Refund in Progress,2026-07-17,Type V-B Construction,Type V (wood-frame),326.03,50000.0,15.0,yes,14831 W SUNSET BLVD,34.0427,-118.5197
26010-10000-01520,Encino / Tarzana,91436,Encino - Tarzana,no,Carport,2026-04-10,2026-07-15,,Issued (under construction),Issued,2026-07-15,Type V-B Construction,Type V (wood-frame),,56000.0,11.83,no,5151 N RUBIO AVE,34.1645,-118.4947
26010-20000-01674,Pacific Palisades,90272,Brentwood - Pacific Palisades,yes,Dwelling - Single Family,2026-04-10,,,In plan check,Quality Review Completed,2026-04-28,Type V-B Construction,Type V (wood-frame),800.0,150000.0,,no,548 N CHAUTAUQUA BLVD,34.0373,-118.5185
26010-20000-01675,Pacific Palisades,90272,Brentwood - Pacific Palisades,yes,Accessory Dwelling Unit,2026-04-10,,,In plan check,Quality Review Completed,2026-04-28,Type V-B Construction,Type V (wood-frame),799.0,150000.0,,no,548 N CHAUTAUQUA BLVD,34.0373,-118.5185
26010-20000-01676,Pacific Palisades,90272,Brentwood - Pacific Palisades,yes,Carport,2026-04-10,,,In plan check,Quality Review Completed,2026-04-28,Type V-B Construction,Type V (wood-frame),0.0,10000.0,,no,548 N CHAUTAUQUA BLVD,34.0373,-118.5185
26010-30000-01660,Pacific Palisades,90272,Brentwood - Pacific Palisades,no,Dwelling - Single Family,2026-04-10,2026-06-29,,Issued (under construction),Issued,2026-06-29,Type V-B Construction,Type V (wood-frame),4128.0,500000.0,28.0,yes,842 N RADCLIFFE AVE,34.0465,-118.5294
26010-30000-01678,Pacific Palisades,90272,Brentwood - Pacific Palisades,yes,Dwelling - Single Family,2026-04-10,,,In plan check,PC Info Complete,2026-09-11,Type V-B Construction,Type V (wood-frame),3499.0,1900000.0,29.5,yes,561 N PASEO MIRAMAR,34.0467,-118.5568
26010-30000-01687,Pacific Palisades,90272,Brentwood - Pacific Palisades,yes,Accessory Dwelling Unit,2026-04-10,,,In plan check,Verifications in Progress,2026-09-01,Type V-B Construction,Type V (wood-frame),4953.0,967000.0,29.25,yes,550 N ERSKINE DR,34.0423,-118.5335
26010-10000-00640,Pacific Palisades,90272,Brentwood - Pacific Palisades,yes,Dwelling - Single Family,2026-04-13,,,In plan check,Quality Review Completed,2026-04-21,Type V-B Construction,Type V (wood-frame),,200000.0,,yes,1250 N MONUMENT ST,34.0527,-118.5247
26010-10000-01667,Pacific Palisades,90272,Brentwood - Pacific Palisades,no,Dwelling - Single Family,2026-04-13,2026-08-28,,Issued (under construction),Issued,2026-08-28,Type V-B Construction,Type V (wood-frame),4066.0,880000.0,27.8,no,1130 N FISKE ST,34.05,-118.5226
26010-10000-01669,Pacific Palisades,90272,Brentwood - Pacific Palisades,yes,Dwelling - Single Family,2026-04-13,,,In plan check,PC Info Complete,2026-08-20,Type V-B Construction,Type V (wood-frame),2741.5,500000.0,15.68,yes,17951 W TRAMONTO DR,34.0435,-118.5654
26010-10000-01879,Pacific Palisades,90272,Brentwood - Pacific Palisades,no,Accessory Dwelling Unit,2026-04-13,2026-08-31,,Issued (under construction),Issued,2026-08-31,Type V-B Construction,Type V (wood-frame),361.0,50000.0,18.8,no,1132 N FISKE ST,34.05,-118.5225
23014-10001-03997,Brentwood,90049,Brentwood - Pacific Palisades,no,Dwelling - Single Family,2026-04-14,2026-07-30,,Issued (under construction),Issued,2026-07-30,Type V-B Construction,Type V (wood-frame),9241.0,1000.0,33.6,no,12838 W EVANSTON ST,34.051,-118.4876
26010-10000-01487,Pacific Palisades,90272,Brentwood - Pacific Palisades,no,,2026-04-14,,,In plan check,Verifications in Progress,2026-08-27,Type V-B Construction,Type V (wood-frame),,1000000.0,,no,1056 N MONUMENT ST,34.0485,-118.5244
26010-20000-01746,Pacific Palisades,90272,Brentwood - Pacific Palisades,no,Dwelling - Single Family,2026-04-14,,,In plan check,Quality Review Completed,2026-04-22,Type V-B Construction,Type V (wood-frame),,850000.0,,no,1151 N CHAUTAUQUA BLVD,34.0512,-118.5181
26010-30000-01738,Pacific Palisades,90272,Brentwood - Pacific Palisades,no,Dwelling - Single Family,2026-04-14,,,In plan check,PC Info Complete,2026-07-31,Type V-B Construction,Type V (wood-frame),7154.0,1500000.0,25.59,yes,611 N OCAMPO DR,34.039,-118.5202
26010-30000-01740,Pacific Palisades,90272,Brentwood - Pacific Palisades,no,Dwelling - Single Family,2026-04-14,2026-06-09,,Issued (under construction),Issued,2026-06-09,Type V-B Construction,Type V (wood-frame),4069.0,450000.0,29.5,yes,907 N ILIFF ST,34.0461,-118.5189
25010-30001-05819,Pacific Palisades,90272,Brentwood - Pacific Palisades,yes,,2026-04-15,,,In plan check,Quality Review Completed,2026-04-27,,Not stated,,0.0,,yes,933 N BIENVENEDA AVE,34.0514,-118.5397
26010-10000-01087,Pacific Palisades,90272,Brentwood - Pacific Palisades,no,Accessory Dwelling Unit,2026-04-15,,,In plan check,Corrections Issued,2026-04-20,Type V-B Construction,Type V (wood-frame),346.5,250000.0,12.84,no,424 N ALMAR AVE,34.0407,-118.5387
26010-10000-01605,Brentwood,90049,Brentwood - Pacific Palisades,no,Patio Cover,2026-04-15,2026-07-30,,Issued (under construction),Issued,2026-07-30,Type V-B Construction,Type V (wood-frame),0.0,40000.0,10.51,no,12302 W 2ND HELENA DR,34.0522,-118.478
26010-10000-01742,Brentwood,90049,Brentwood - Pacific Palisades,yes,Accessory Dwelling Unit,2026-04-15,,,In plan check,Quality Review Completed,2026-04-21,Type V-B Construction,Type V (wood-frame),,130000.0,,no,13153 W RIVERS ROAD,34.0754,-118.497
26010-30000-01760,Pacific Palisades,90272,Brentwood - Pacific Palisades,no,Dwelling - Single Family,2026-04-15,2026-05-12,,Issued (under construction),Issued,2026-05-12,Type V-B Construction,Type V (wood-frame),3932.0,500000.0,28.58,yes,15531 W BOWDOIN ST,34.0453,-118.5295
25014-20001-04679,Encino / Tarzana,91316,Encino - Tarzana,no,,2026-04-16,,,In plan check,Quality Review Completed,2026-04-30,,Not stated,,2500.0,,no,17917 W BURBANK BLVD,34.1724,-118.5227
26010-10000-01593,Pacific Palisades,90272,Brentwood - Pacific Palisades,yes,Dwelling - Single Family,2026-04-16,,,In plan check,Verifications in Progress,2026-08-11,Type V-B Construction,Type V (wood-frame),2507.0,692000.0,15.5,yes,15309 W DE PAUW ST,34.0394,-118.5263
26010-20000-01718,Encino / Tarzana,91356,Encino - Tarzana,no,Dwelling - Single Family,2026-04-16,2026-08-26,,Issued (under construction),Issued,2026-08-26,Type V-B Construction,Type V (wood-frame),3897.71,480000.0,27.25,no,5460-5462 N AURA AVE,34.1707,-118.5544
26010-20000-01768,Encino / Tarzana,91316,Encino - Tarzana,no,Accessory Dwelling Unit,2026-04-16,,,In plan check,Quality Review Completed,2026-04-30,Type V-B Construction,Type V (wood-frame),,110000.0,16.0,no,17917 W BURBANK BLVD,34.1724,-118.5227
26010-20000-01785,Encino / Tarzana,91316,Encino - Tarzana,no,Accessory Dwelling Unit,2026-04-16,2026-08-25,,Issued (under construction),Issued,2026-08-25,Type V-B Construction,Type V (wood-frame),2615.0,270000.0,27.4,no,17433-17435 W BURMA ST,34.1771,-118.513
26010-20000-01939,Encino / Tarzana,91356,Encino - Tarzana,no,Patio Cover,2026-04-16,2026-08-26,,Issued (under construction),Issued,2026-08-26,Type V-B Construction,Type V (wood-frame),194.15,5000.0,11.78,no,5460 N AURA AVE,34.1707,-118.5544
26010-30000-01784,Pacific Palisades,90272,Brentwood - Pacific Palisades,yes,Duplex,2026-04-16,2026-05-26,,Issued (under construction),Issued,2026-05-26,Type V-B Construction,Type V (wood-frame),1743.0,200000.0,18.25,yes,16473-16475 W SUNSET BLVD,34.0487,-118.5414
26010-30000-01789,Pacific Palisades,90272,Brentwood - Pacific Palisades,yes,Dwelling - Single Family,2026-04-16,,,In plan check,PC Info Complete,2026-07-17,Type V-B Construction,Type V (wood-frame),6328.0,750000.0,29.55,yes,16814 W CALLE BELLEVISTA,34.0777,-118.5494
26010-10000-01752,Pacific Palisades,90272,Brentwood - Pacific Palisades,yes,Dwelling - Single Family,2026-04-17,,,In plan check,Verifications in Progress,2026-09-09,Type V-B Construction,Type V (wood-frame),4752.0,300000.0,30.0,yes,746 N EL MEDIO AVE,34.0469,-118.5332
26010-10000-01757,Pacific Palisades,90272,Brentwood - Pacific Palisades,no,Dwelling - Single Family,2026-04-17,2026-07-30,,Issued (under construction),Issued,2026-07-30,Type V-B Construction,Type V (wood-frame),4270.0,560910.0,29.5,yes,1014 N EMBURY ST,34.0475,-118.5231
26010-10000-01940,Pacific Palisades,90272,Brentwood - Pacific Palisades,no,Accessory Dwelling Unit,2026-04-17,2026-07-30,,Issued (under construction),Issued,2026-07-30,Type V-B Construction,Type V (wood-frame),585.0,100000.0,21.2,no,1014 N EMBURY ST,34.0475,-118.5231
26010-10000-02332,Encino / Tarzana,91436,Encino - Tarzana,no,Accessory Dwelling Unit,2026-04-17,2026-07-27,,Issued (under construction),Issued,2026-07-27,Type V-B Construction,Type V (wood-frame),285.0,50000.0,14.2,no,15517 W HUSTON ST,34.1596,-118.4727
26010-30000-01804,Pacific Palisades,90272,Brentwood - Pacific Palisades,no,Dwelling - Single Family,2026-04-17,,,In plan check,PC Info Complete,2026-06-03,Type V-B Construction,Type V (wood-frame),3539.0,300000.0,26.33,yes,772 N VIA DE LA PAZ,34.0445,-118.5276
26010-30000-01805,Pacific Palisades,90272,Brentwood - Pacific Palisades,no,Garage - Private,2026-04-17,,,In plan check,PC Info Complete,2026-06-03,Type V-B Construction,Type V (wood-frame),541.0,60000.0,13.41,yes,772 N VIA DE LA PAZ,34.0445,-118.5276
26010-10000-01500,Pacific Palisades,90272,Brentwood - Pacific Palisades,yes,Dwelling - Single Family,2026-04-20,,,In plan check,Ready to Issue,2026-09-12,Type V-B Construction,Type V (wood-frame),3948.0,1000000.0,28.0,yes,670 N LAS CASAS AVE,34.0478,-118.5416
26010-10000-01751,Pacific Palisades,90272,Brentwood - Pacific Palisades,yes,,2026-04-20,,,In plan check,Verifications in Progress,2026-08-17,,Not stated,,750000.0,,yes,658 N ERSKINE DR,34.0443,-118.5325
26010-10000-01758,Pacific Palisades,90272,Brentwood - Pacific Palisades,yes,Dwelling - Single Family,2026-04-20,,,In plan check,Quality Review Completed,2026-04-30,,Not stated,,800000.0,,no,821 N ALMA REAL DR,34.0431,-118.5237
26010-10000-01761,Pacific Palisades,90272,Brentwood - Pacific Palisades,yes,Dwelling - Single Family,2026-04-20,2026-06-09,,Issued (under construction),Issued,2026-06-09,Type V-B Construction,Type V (wood-frame),5088.0,900000.0,24.82,no,954 N BIENVENEDA AVE,34.0518,-118.5398
26010-10000-01754,Pacific Palisades,90272,Brentwood - Pacific Palisades,no,Dwelling - Single Family,2026-04-21,2026-08-23,,Issued (under construction),Issued,2026-08-23,Type V-B Construction,Type V (wood-frame),3388.49,1000000.0,27.83,yes,1150 N KAGAWA ST,34.051,-118.5187
26010-10000-01764,Pacific Palisades,90272,Brentwood - Pacific Palisades,no,Dwelling - Single Family,2026-04-21,2026-07-10,,Issued (under construction),Issued,2026-07-10,Type V-A Construction,Type V (wood-frame),1956.0,400000.0,15.25,yes,927 N FISKE ST,34.0461,-118.522
26010-10000-01816,Pacific Palisades,90272,Brentwood - Pacific Palisades,yes,Dwelling - Single Family,2026-04-21,2026-08-20,,Issued (under construction),Issued,2026-08-20,Type V-B Construction,Type V (wood-frame),4301.0,468034.0,22.9,no,715 N JACON WAY,34.0495,-118.5471
26010-10000-02175,Pacific Palisades,90272,Brentwood - Pacific Palisades,no,Garage - Private,2026-04-21,2026-07-09,,Issued (under construction),Issued,2026-07-09,Type V-B Construction,Type V (wood-frame),0.0,40000.0,13.6,yes,927 N FISKE ST,34.0461,-118.522
26010-30000-01821,Pacific Palisades,90272,Brentwood - Pacific Palisades,yes,Dwelling - Single Family,2026-04-21,,,In plan check,Verifications in Progress,2026-07-30,Type I-B Construction,Type I/II (non-combustible),,800000.0,,yes,16808 W CHARMEL LANE,34.0608,-118.5521
26010-30000-01836,Pacific Palisades,90272,Brentwood - Pacific Palisades,yes,Dwelling - Single Family,2026-04-21,,,In plan check,Verifications in Progress,2026-05-27,Type V-B Construction,Type V (wood-frame),,350000.0,,yes,16512 W AKRON ST,34.0508,-118.5419
26010-30000-01838,Pacific Palisades,90272,Brentwood - Pacific Palisades,no,Dwelling - Single Family,2026-04-21,,,In plan check,Quality Review Completed,2026-05-04,Type V-B Construction,Type V (wood-frame),,800000.0,,yes,850 N HARTZELL ST,34.0448,-118.5194
26010-30000-01844,Pacific Palisades,90272,Brentwood - Pacific Palisades,no,Dwelling - Single Family,2026-04-21,2026-06-05,,Issued (under construction),Issued,2026-06-05,Type V-B Construction,Type V (wood-frame),3899.0,400000.0,27.75,yes,16784 W EDGAR ST,34.0458,-118.5457
26010-10000-01680,Pacific Palisades,90272,Brentwood - Pacific Palisades,yes,,2026-04-22,,,In plan check,Verifications in Progress,2026-08-20,,Not stated,,743779.0,,no,16678 W VIA LA COSTA,34.0751,-118.5463
26010-10000-01781,Pacific Palisades,90272,Brentwood - Pacific Palisades,yes,Accessory Dwelling Unit,2026-04-22,,,In plan check,PC Info Complete,2026-07-15,Type V-B Construction,Type V (wood-frame),2577.0,1100000.0,25.0,yes,16625 W LINDA TER,34.0492,-118.5446
26010-10000-01813,Pacific Palisades,90272,Brentwood - Pacific Palisades,yes,Dwelling - Single Family,2026-04-22,,,In plan check,Ready to Issue,2026-09-10,Type V-B Construction,Type V (wood-frame),6707.0,1150000.0,28.0,yes,16832 W CALLE DE SARAH,34.0774,-118.5503
26010-10000-01819,Pacific Palisades,90272,Brentwood - Pacific Palisades,no,Dwelling - Single Family,2026-04-22,2026-07-28,,Issued (under construction),Issued,2026-07-28,Type II-B Construction,Type I/II (non-combustible),2706.0,308151.0,23.1,yes,16954 W LIVORNO DR,34.0428,-118.5485
26010-10000-01966,Pacific Palisades,90272,Brentwood - Pacific Palisades,no,Accessory Dwelling Unit,2026-04-22,2026-09-08,,Issued (under construction),Issued,2026-09-08,Type II-B Construction,Type I/II (non-combustible),396.0,40000.0,14.1,no,16956 W LIVORNO DR,34.0428,-118.5483
26010-30000-01858,Pacific Palisades,90272,Brentwood - Pacific Palisades,no,Dwelling - Single Family,2026-04-22,2026-08-07,,Issued (under construction),Issued,2026-08-07,Type V-B Construction,Type V (wood-frame),4581.0,700000.0,27.83,yes,1117 N EMBURY ST,34.0494,-118.5238
26010-30000-01865,Pacific Palisades,90272,Brentwood - Pacific Palisades,yes,Duplex,2026-04-22,,,In plan check,Quality Review Completed,2026-04-30,Type V-B Construction,Type V (wood-frame),,800000.0,,no,677 N LAS LOMAS AVE,34.0482,-118.539
26010-30000-01875,Pacific Palisades,90272,Brentwood - Pacific Palisades,no,Dwelling - Single Family,2026-04-22,2026-09-11,,Issued (under construction),Issued,2026-09-11,Type V-B Construction,Type V (wood-frame),4201.0,1240400.0,31.25,yes,16857 W SUNSET BLVD,34.0433,-118.5456
26010-30000-01876,Pacific Palisades,90272,Brentwood - Pacific Palisades,no,Accessory Dwelling Unit,2026-04-22,2026-09-11,,Issued (under construction),Issued,2026-09-11,Type V-B Construction,Type V (wood-frame),777.0,191107.5,19.5,yes,16857 W SUNSET BLVD,34.0433,-118.5456
26010-10000-01379,Pacific Palisades,90272,Brentwood - Pacific Palisades,no,Dwelling - Single Family,2026-04-23,2026-08-12,,Issued (under construction),Issued,2026-08-12,Type V-B Construction,Type V (wood-frame),3692.0,856845.0,39.1,yes,16754 W EDGAR ST,34.0465,-118.5451
26010-10000-01437,Pacific Palisades,90272,Brentwood - Pacific Palisades,no,Dwelling - Single Family,2026-04-23,2026-07-30,,Issued (under construction),Issued,2026-07-30,Type V-B Construction,Type V (wood-frame),2880.0,850000.0,28.83,yes,782 N RADCLIFFE AVE,34.045,-118.53
26010-10000-01661,Pacific Palisades,90272,Brentwood - Pacific Palisades,no,Dwelling - Single Family,2026-04-23,2026-08-12,,Issued (under construction),Issued,2026-08-12,Type V-B Construction,Type V (wood-frame),2972.0,1315005.0,29.56,yes,354 N LAS CASAS AVE,34.0423,-118.5433
26010-10000-01671,Pacific Palisades,90272,Brentwood - Pacific Palisades,yes,Dwelling - Single Family,2026-04-23,,,In plan check,PC Info Complete,2026-08-14,Type V-B Construction,Type V (wood-frame),3637.0,675000.0,30.58,yes,564 N RADCLIFFE AVE,34.0401,-118.531
26010-10000-01755,Pacific Palisades,90272,Brentwood - Pacific Palisades,no,Dwelling - Single Family,2026-04-23,2026-07-13,,Issued (under construction),Issued,2026-07-13,Type V-B Construction,Type V (wood-frame),3685.0,439770.0,27.33,yes,15885 W SEABEC CIR,34.041,-118.535
26010-10000-01823,Pacific Palisades,90272,Brentwood - Pacific Palisades,no,Dwelling - Single Family,2026-04-23,,,In plan check,PC Info Complete,2026-08-27,Type V-B Construction,Type V (wood-frame),3800.0,475000.0,29.0,yes,1126 N EMBURY ST,34.0497,-118.5236
26010-10000-01849,Pacific Palisades,90272,Brentwood - Pacific Palisades,no,Dwelling - Single Family,2026-04-23,,,In plan check,PC Info Complete,2026-08-04,Type V-B Construction,Type V (wood-frame),3285.0,600000.0,28.83,yes,1014 N GALLOWAY ST,34.0478,-118.5211
26010-10000-01902,Brentwood,90049,Brentwood - Pacific Palisades,yes,Accessory Dwelling Unit,2026-04-23,,,In plan check,Quality Review Completed,2026-05-14,Type V-B Construction,Type V (wood-frame),,27000.0,,no,12412 W DEERBROOK LANE,34.0733,-118.4848
26010-10000-02135,Pacific Palisades,90272,Brentwood - Pacific Palisades,yes,Accessory Dwelling Unit,2026-04-23,,,In plan check,PC Info Complete,2026-08-14,Type V-B Construction,Type V (wood-frame),381.0,200000.0,25.0,no,564 1/2 N RADCLIFFE AVE,34.0399,-118.5308
26010-10000-02153,Pacific Palisades,90272,Brentwood - Pacific Palisades,no,Accessory Dwelling Unit,2026-04-23,,,In plan check,PC Approved,2026-08-27,Type V-B Construction,Type V (wood-frame),468.0,79000.0,12.33,yes,1124 N EMBURY ST,34.0497,-118.5234
26010-20000-01889,Encino / Tarzana,91436,Encino - Tarzana,yes,Dwelling - Single Family,2026-04-23,2026-07-28,,Issued (under construction),Issued,2026-07-28,Type V-B Construction,Type V (wood-frame),6394.0,732000.0,31.16,no,16823-16825 W MOONCREST DR,34.1478,-118.4998
26010-30000-01882,Pacific Palisades,90272,Brentwood - Pacific Palisades,no,Dwelling - Single Family,2026-04-23,2026-07-02,,Issued (under construction),Issued,2026-07-02,Type V-B Construction,Type V (wood-frame),6450.0,500000.0,35.0,yes,16815 W BOLLINGER DR,34.0449,-118.546
26010-30000-01887,Pacific Palisades,90272,Brentwood - Pacific Palisades,yes,Dwelling - Single Family,2026-04-23,2026-09-04,,Issued (under construction),Issued,2026-09-04,Type V-B Construction,Type V (wood-frame),3417.0,616000.0,25.25,no,345 N MOUNT HOLYOKE AVE,34.0369,-118.5318
20010-20002-03578,Pacific Palisades,90272,Brentwood - Pacific Palisades,no,,2026-04-24,,,In plan check,Quality Review Completed,2026-05-04,,Not stated,,0.0,,no,13525 W LUCCA DR,34.0563,-118.4996
26010-10000-01896,Pacific Palisades,90272,Brentwood - Pacific Palisades,yes,Dwelling - Single Family,2026-04-24,,,In plan check,PC Info Complete,2026-06-29,Type V-B Construction,Type V (wood-frame),5177.0,900000.0,31.58,yes,1718 S CHASTAIN PKWY EAST,34.0748,-118.5477
26010-20000-01931,Pacific Palisades,90272,Brentwood - Pacific Palisades,no,Dwelling - Single Family,2026-04-24,2026-06-03,,Issued (under construction),Issued,2026-06-03,Type V-B Construction,Type V (wood-frame),2672.0,250000.0,18.0,yes,14814 W SUNSET BLVD,34.042,-118.5196
26010-30000-01924,Pacific Palisades,90272,Brentwood - Pacific Palisades,yes,Dwelling - Single Family,2026-04-24,,,In plan check,PC Info Complete,2026-08-05,Type V-B Construction,Type V (wood-frame),2917.0,440280.0,25.5,yes,17116 W AVENIDA DE LA HERRADURA,34.0765,-118.5582
26010-30000-01925,Pacific Palisades,90272,Brentwood - Pacific Palisades,yes,Accessory Dwelling Unit,2026-04-24,,,In plan check,PC Info Complete,2026-08-05,Type V-B Construction,Type V (wood-frame),566.0,109980.0,12.17,no,17116 1/2 W AVENIDA DE LA HERRADURA,34.0764,-118.5581
26010-30000-01933,Pacific Palisades,90272,Brentwood - Pacific Palisades,no,Dwelling - Single Family,2026-04-24,,,In plan check,PC Info Complete,2026-06-02,Type V-B Construction,Type V (wood-frame),4081.0,744000.0,28.0,yes,14821 W SUNSET BLVD,34.0424,-118.5195
26010-10000-01319,Pacific Palisades,90272,Brentwood - Pacific Palisades,no,Dwelling - Single Family,2026-04-25,,,In plan check,PC Info Complete,2026-08-25,Type V-A Construction,Type V (wood-frame),3496.0,450000.0,28.5,yes,711 N MUSKINGUM AVE,34.0478,-118.5366
26010-10000-01481,Pacific Palisades,90272,Brentwood - Pacific Palisades,no,Dwelling - Single Family,2026-04-27,,,In plan check,Quality Review Completed,2026-05-13,Type V-B Construction,Type V (wood-frame),,500000.0,,yes,16031 W MIAMI WAY,34.0454,-118.5369
26010-10000-01486,Pacific Palisades,90272,Brentwood - Pacific Palisades,yes,Dwelling - Single Family,2026-04-27,2026-07-20,,Issued (under construction),Issued,2026-07-20,Type V-B Construction,Type V (wood-frame),3081.0,250000.0,23.96,yes,1804 W MICHAEL LANE,34.0784,-118.56
26010-10000-01771,Pacific Palisades,90272,Brentwood - Pacific Palisades,yes,Dwelling - Single Family,2026-04-27,,,In plan check,Ready to Issue,2026-09-10,Type V-B Construction,Type V (wood-frame),3791.0,500000.0,24.0,yes,670 N LAS LOMAS AVE,34.0479,-118.5389
26010-20000-01949,Pacific Palisades,90272,Brentwood - Pacific Palisades,no,Dwelling - Single Family,2026-04-27,2026-06-26,,Issued (under construction),Issued,2026-06-26,Type V-B Construction,Type V (wood-frame),4383.0,500000.0,27.83,yes,816 N ILIFF ST,34.0441,-118.5182
26010-20000-01962,Pacific Palisades,90272,Brentwood - Pacific Palisades,no,Dwelling - Single Family,2026-04-27,2026-08-19,,Issued (under construction),Issued,2026-08-19,Type V-B Construction,Type V (wood-frame),5387.0,800000.0,27.16,yes,327 N SWARTHMORE AVE,34.0365,-118.5288
26010-20000-01965,Pacific Palisades,90272,Brentwood - Pacific Palisades,no,Dwelling - Single Family,2026-04-27,2026-07-17,,Issued (under construction),Issued,2026-07-17,Type V-B Construction,Type V (wood-frame),5203.0,830000.0,29.75,yes,15022 W BESTOR BLVD,34.0514,-118.5236
25010-10001-06441,Pacific Palisades,90272,Brentwood - Pacific Palisades,no,,2026-04-28,,,In plan check,Quality Review Completed,2026-05-06,,Not stated,,0.0,,no,854 N FISKE ST,34.0446,-118.5214
26010-10000-01662,Pacific Palisades,90272,Brentwood - Pacific Palisades,no,Dwelling - Single Family,2026-04-28,,,In plan check,Verifications in Progress,2026-07-22,Type V-B Construction,Type V (wood-frame),,1200000.0,30.75,yes,500 N SWARTHMORE AVE,34.0382,-118.5281
26010-10000-01983,Pacific Palisades,90272,Brentwood - Pacific Palisades,yes,Dwelling - Single Family,2026-04-28,,,In plan check,Verifications in Progress,2026-08-20,Type V-B Construction,Type V (wood-frame),,345245.0,,no,713 N HAMPDEN PL,34.0427,-118.5265
26010-20000-01977,Pacific Palisades,90272,Brentwood - Pacific Palisades,no,Dwelling - Single Family,2026-04-28,,,In plan check,Verifications in Progress,2026-06-11,Type V-B Construction,Type V (wood-frame),,500000.0,,yes,300 N VIA DE LA PAZ,34.0364,-118.5296
26010-10000-01475,Pacific Palisades,90272,Brentwood - Pacific Palisades,no,Dwelling - Single Family,2026-04-29,2026-07-23,,Issued (under construction),Issued,2026-07-23,Type V-B Construction,Type V (wood-frame),6898.0,850000.0,29.29,yes,1119 N MONUMENT ST,34.0494,-118.5249
26010-10000-01663,Pacific Palisades,90272,Brentwood - Pacific Palisades,no,Dwelling - Single Family,2026-04-29,2026-08-03,,Issued (under construction),Issued,2026-08-03,Type V-B Construction,Type V (wood-frame),4743.0,1200000.0,27.83,yes,765 N OCAMPO DR,34.0419,-118.5222
26010-20000-02073,Brentwood,90049,Brentwood - Pacific Palisades,yes,Accessory Dwelling Unit,2026-04-29,2026-07-10,,Issued (under construction),Issued,2026-07-10,Type V-B Construction,Type V (wood-frame),8614.0,962000.0,27.91,no,384-386 N BONHILL ROAD,34.0656,-118.4822
26010-30000-02070,Pacific Palisades,90272,Brentwood - Pacific Palisades,no,Dwelling - Single Family,2026-04-29,,,In plan check,Verifications in Progress,2026-09-03,Type V-B Construction,Type V (wood-frame),3890.0,659000.0,27.92,yes,944 N KAGAWA ST,34.0474,-118.5179
26010-30000-02075,Pacific Palisades,90272,Brentwood - Pacific Palisades,no,Dwelling - Single Family,2026-04-29,,,In plan check,Quality Review Completed,2026-05-05,Type V-B Construction,Type V (wood-frame),,740000.0,25.08,yes,16777 W EDGAR ST,34.0461,-118.5459
26010-10000-01673,Pacific Palisades,90272,Brentwood - Pacific Palisades,yes,Dwelling - Single Family,2026-04-30,,,In plan check,PC Approved,2026-09-10,Type V-B Construction,Type V (wood-frame),,800000.0,29.42,yes,527 N MARQUETTE ST,34.0444,-118.5426
26010-10000-01927,Pacific Palisades,90272,Brentwood - Pacific Palisades,yes,Dwelling - Single Family,2026-04-30,,,In plan check,PC Info Complete,2026-08-06,Type V-B Construction,Type V (wood-frame),2987.0,325000.0,28.0,yes,587 N MUSKINGUM AVE,34.0451,-118.5383
26010-10000-02438,Pacific Palisades,90272,Brentwood - Pacific Palisades,yes,Accessory Dwelling Unit,2026-04-30,,,In plan check,PC Approved,2026-09-10,,Not stated,,110000.0,15.83,yes,527 N MARQUETTE ST,34.0444,-118.5426
26010-30000-02081,Pacific Palisades,90272,Brentwood - Pacific Palisades,yes,Dwelling - Single Family,2026-04-30,2026-08-11,,Issued (under construction),Issued,2026-08-11,Type V-B Construction,Type V (wood-frame),5619.17,1000922.0,28.25,no,1355 N MONACO DR,34.0546,-118.5012
26010-30000-02091,Pacific Palisades,90272,Brentwood - Pacific Palisades,no,Dwelling - Single Family,2026-04-30,2026-06-09,,Issued (under construction),Issued,2026-06-09,Type V-B Construction,Type V (wood-frame),4813.0,1100000.0,31.0,yes,16849 W LIVORNO DR,34.044,-118.546
26010-30000-02092,Pacific Palisades,90272,Brentwood - Pacific Palisades,no,Dwelling - Single Family,2026-04-30,,,In plan check,PC Info Complete,2026-06-11,Type V-B Construction,Type V (wood-frame),5208.48,737000.0,29.33,yes,801 N TOYOPA DR,34.0425,-118.5215
26010-10000-01960,Pacific Palisades,90272,Brentwood - Pacific Palisades,yes,Dwelling - Single Family,2026-05-01,,,In plan check,Verifications in Progress,2026-07-07,Type V-B Construction,Type V (wood-frame),,300000.0,30.5,yes,640 N LAS CASAS AVE,34.0471,-118.5422
26010-10000-02287,Pacific Palisades,90272,Brentwood - Pacific Palisades,yes,Accessory Dwelling Unit,2026-05-01,,,In plan check,Verifications in Progress,2026-07-07,Type V-B Construction,Type V (wood-frame),,135000.0,,yes,640 N LAS CASAS AVE,34.0471,-118.5422
26010-30000-02109,Pacific Palisades,90272,Brentwood - Pacific Palisades,no,Dwelling - Single Family,2026-05-01,2026-07-15,,Issued (under construction),Issued,2026-07-15,Type V-B Construction,Type V (wood-frame),2963.44,600000.0,26.5,yes,660 N VIA DE LA PAZ,34.0421,-118.5282
26010-30000-02121,Pacific Palisades,90272,Brentwood - Pacific Palisades,no,Dwelling - Single Family,2026-05-01,,,In plan check,PC Info Complete,2026-07-15,Type V-B Construction,Type V (wood-frame),1912.0,300000.0,19.33,yes,16875 W SUNSET BLVD,34.0431,-118.5461
26010-30000-02264,Pacific Palisades,90272,Brentwood - Pacific Palisades,no,Garage - Private,2026-05-01,,,In plan check,PC Info Complete,2026-07-15,Type V-B Construction,Type V (wood-frame),,50000.0,14.17,yes,16875 W SUNSET BLVD,34.0431,-118.5461
26010-10000-02084,Pacific Palisades,90272,Brentwood - Pacific Palisades,no,Dwelling - Single Family,2026-05-03,,,In plan check,PC Info Complete,2026-08-12,Type V-B Construction,Type V (wood-frame),3114.0,450000.0,27.75,yes,16727 W SUNSET BLVD,34.0455,-118.5439
26010-10000-01898,Pacific Palisades,90272,Brentwood - Pacific Palisades,no,Dwelling - Single Family,2026-05-04,,,In plan check,Verifications in Progress,2026-09-11,Type V-B Construction,Type V (wood-frame),,1000000.0,29.0,yes,556 N CHAPALA DR,34.0392,-118.5209
26010-10000-01975,Pacific Palisades,90272,Brentwood - Pacific Palisades,yes,Dwelling - Single Family,2026-05-04,2026-09-03,,Issued (under construction),Issued,2026-09-03,Type V-B Construction,Type V (wood-frame),4463.0,200000.0,17.8,yes,1111 N LAS LOMAS AVE,34.0536,-118.5356
26010-30000-01841,Pacific Palisades,90272,Brentwood - Pacific Palisades,yes,Dwelling - Single Family,2026-05-04,2026-08-19,,Issued (under construction),Issued,2026-08-19,Type V-B Construction,Type V (wood-frame),6061.0,700000.0,29.25,yes,352 N GRENOLA ST,34.0423,-118.5421
26010-30000-02142,Pacific Palisades,90272,Brentwood - Pacific Palisades,no,Dwelling - Single Family,2026-05-04,2026-05-26,,Issued (under construction),Issued,2026-05-26,Type V-B Construction,Type V (wood-frame),4173.0,500000.0,29.83,yes,646 N VIA DE LA PAZ,34.0417,-118.5283
26010-30000-02143,Pacific Palisades,90272,Brentwood - Pacific Palisades,no,Dwelling - Single Family,2026-05-04,2026-05-20,,Issued (under construction),Issued,2026-05-20,Type V-B Construction,Type V (wood-frame),1600.0,300000.0,18.0,yes,14933 W SUNSET BLVD,34.0437,-118.5211
26010-10000-01881,Pacific Palisades,90272,Brentwood - Pacific Palisades,no,Dwelling - Single Family,2026-05-05,2026-06-26,,Issued (under construction),Issued,2026-06-26,Type V-A Construction,Type V (wood-frame),3313.0,1000000.0,27.5,yes,545 N SWARTHMORE AVE,34.0393,-118.5281
26010-10000-02090,Pacific Palisades,90272,Brentwood - Pacific Palisades,yes,Dwelling - Single Family,2026-05-05,,,In plan check,PC Info Complete,2026-08-20,Type V-B Construction,Type V (wood-frame),3347.0,338047.0,25.0,yes,721 N LACHMAN LANE,34.0491,-118.5461
26010-10000-02126,Pacific Palisades,90272,Brentwood - Pacific Palisades,no,Dwelling - Single Family,2026-05-05,,,In plan check,Ready to Issue,2026-08-14,Type V-B Construction,Type V (wood-frame),4289.0,540000.0,27.9,no,425 N VIA DE LA PAZ,34.0378,-118.5296
26010-20000-02154,Pacific Palisades,90272,Brentwood - Pacific Palisades,no,Dwelling - Single Family,2026-05-05,2026-08-03,,Issued (under construction),Issued,2026-08-03,Type V-B Construction,Type V (wood-frame),5424.76,700000.0,33.0,yes,711-713 N WILDOMAR ST,34.0474,-118.536
26010-20000-02158,Brentwood,90049,Brentwood - Pacific Palisades,yes,Accessory Dwelling Unit,2026-05-05,,,In plan check,Quality Review Completed,2026-05-12,Type V-B Construction,Type V (wood-frame),,80000.0,,no,1433 N KENTER AVE,34.0799,-118.4939
26010-30000-02168,Pacific Palisades,90272,Brentwood - Pacific Palisades,yes,Dwelling - Single Family,2026-05-05,2026-08-31,,Issued (under construction),Issued,2026-08-31,Type V-B Construction,Type V (wood-frame),3850.0,500000.0,23.67,yes,630-632 N LACHMAN LANE,34.0478,-118.5466
26010-30000-02174,Pacific Palisades,90272,Brentwood - Pacific Palisades,no,Dwelling - Single Family,2026-05-05,,,In plan check,Verifications in Progress,2026-06-12,Type V-B Construction,Type V (wood-frame),,430000.0,,yes,851 N CHAUTAUQUA BLVD,34.0451,-118.5177
26010-30000-02178,Pacific Palisades,90272,Brentwood - Pacific Palisades,yes,Dwelling - Single Family,2026-05-05,2026-08-10,,Issued (under construction),Issued,2026-08-10,Type V-B Construction,Type V (wood-frame),3025.0,500000.0,24.0,yes,17130 W AVENIDA DE LA HERRADURA,34.0762,-118.5585
26010-10000-01978,Pacific Palisades,90272,Brentwood - Pacific Palisades,no,Dwelling - Single Family,2026-05-06,2026-08-11,,Issued (under construction),Issued,2026-08-11,Type V-B Construction,Type V (wood-frame),4291.0,2800000.0,30.0,yes,955 N GALLOWAY ST,34.047,-118.5212
26010-20000-02183,Encino / Tarzana,91356,Encino - Tarzana,yes,Accessory Dwelling Unit,2026-05-06,2026-06-25,,Issued (under construction),Issued,2026-06-25,Type V-B Construction,Type V (wood-frame),800.0,87000.0,15.33,no,18764 W WELLS DR,34.1628,-118.5414
26010-10000-02720,Encino / Tarzana,91356,Encino - Tarzana,yes,Accessory Dwelling Unit,2026-05-07,,,In plan check,Quality Review Completed,2026-06-10,Type V-B Construction,Type V (wood-frame),,150000.0,,no,4900 N CORBIN AVE,34.1598,-118.5629
26010-20000-02209,Encino / Tarzana,91356,Encino - Tarzana,yes,Dwelling - Single Family,2026-05-07,,,In plan check,Quality Review Completed,2026-06-10,Type V-B Construction,Type V (wood-frame),,720000.0,,no,4900 N CORBIN AVE,34.1598,-118.5629
26010-30000-02218,Pacific Palisades,90272,Brentwood - Pacific Palisades,yes,Dwelling - Single Family,2026-05-07,,,In plan check,Verifications in Progress,2026-07-29,Type V-B Construction,Type V (wood-frame),4187.0,1000000.0,28.0,yes,17908 W VICINO WAY,34.0431,-118.565
26010-30000-02225,Pacific Palisades,90272,Brentwood - Pacific Palisades,yes,Dwelling - Single Family,2026-05-07,,,In plan check,Verifications in Progress,2026-08-24,Type V-B Construction,Type V (wood-frame),,563000.0,,yes,328 N GRENOLA ST,34.0415,-118.5422
26010-30000-02226,Pacific Palisades,90272,Brentwood - Pacific Palisades,no,Dwelling - Single Family,2026-05-07,,,In plan check,Verifications in Progress,2026-08-28,Type V-B Construction,Type V (wood-frame),2330.0,400000.0,14.0,yes,1147 N FISKE ST,34.0503,-118.5229
26010-30000-02229,Pacific Palisades,90272,Brentwood - Pacific Palisades,no,Dwelling - Single Family,2026-05-07,2026-06-03,,Issued (under construction),Issued,2026-06-03,Type V-B Construction,Type V (wood-frame),3762.0,450000.0,28.0,yes,1134 N KAGAWA ST,34.0506,-118.5186
26010-10000-01681,Pacific Palisades,90272,Brentwood - Pacific Palisades,no,Dwelling - Single Family,2026-05-08,,,In plan check,Verifications in Progress,2026-07-10,Type V-B Construction,Type V (wood-frame),,432000.0,15.5,yes,1117 N HARTZELL ST,34.0498,-118.5208
26010-10000-01791,Pacific Palisades,90272,Brentwood - Pacific Palisades,no,Accessory Dwelling Unit,2026-05-08,2026-08-25,,Issued (under construction),Issued,2026-08-25,Type V-B Construction,Type V (wood-frame),434.0,48480.0,11.33,no,1153 N FISKE ST,34.0505,-118.5232
26010-10000-02144,Pacific Palisades,90272,Brentwood - Pacific Palisades,yes,,2026-05-08,,,In plan check,Quality Review Completed,2026-05-28,,Not stated,,3500000.0,,no,1006 N VILLA GROVE DR,34.0482,-118.5138
26010-10000-02207,Pacific Palisades,90272,Brentwood - Pacific Palisades,yes,Dwelling - Single Family,2026-05-08,2026-07-23,,Issued (under construction),Issued,2026-07-23,Type V-B Construction,Type V (wood-frame),2841.0,400000.0,22.92,yes,1426 N MARINETTE ROAD,34.0562,-118.5212
26010-10000-02414,Pacific Palisades,90272,Brentwood - Pacific Palisades,yes,Garage - Private,2026-05-08,2026-07-28,,Issued (under construction),Issued,2026-07-28,Type V-B Construction,Type V (wood-frame),0.0,40000.0,13.0,yes,1426 N MARINETTE ROAD,34.0562,-118.5212
26010-10000-02504,Pacific Palisades,90272,Brentwood - Pacific Palisades,yes,,2026-05-08,,,In plan check,Quality Review Completed,2026-05-28,,Not stated,,,,no,1006 N VILLA GROVE DR,34.0482,-118.5138
26010-30000-02244,Pacific Palisades,90272,Brentwood - Pacific Palisades,yes,Dwelling - Single Family,2026-05-08,,,In plan check,Verifications in Progress,2026-08-20,Type V-B Construction,Type V (wood-frame),,950000.0,,yes,1079 N GLENHAVEN DR,34.0548,-118.5473
26010-30000-02248,Pacific Palisades,90272,Brentwood - Pacific Palisades,yes,Dwelling - Single Family,2026-05-08,,,In plan check,Verifications in Progress,2026-08-20,Type V-B Construction,Type V (wood-frame),,1080000.0,,yes,647 N ENCHANTED WAY,34.0495,-118.5482
26010-30000-02249,Pacific Palisades,90272,Brentwood - Pacific Palisades,no,Dwelling - Single Family,2026-05-08,2026-06-17,,Issued (under construction),Issued,2026-06-17,Type V-B Construction,Type V (wood-frame),3748.0,550000.0,24.0,yes,947 N ILIFF ST,34.0472,-118.5191
26010-30000-02262,Pacific Palisades,90272,Brentwood - Pacific Palisades,no,Dwelling - Single Family,2026-05-08,2026-06-30,,Issued (under construction),Issued,2026-06-30,Type V-B Construction,Type V (wood-frame),3865.0,433088.0,24.67,yes,561 N SWARTHMORE AVE,34.0397,-118.528
26010-20000-02637,Encino / Tarzana,91356,Encino - Tarzana,yes,Patio Cover,2026-05-10,,,In plan check,Quality Review Completed,2026-06-05,Type V-B Construction,Type V (wood-frame),,501.0,,no,4387 N LA BARCA DR,34.1504,-118.5525
26010-10000-01393,Bel Air / Beverly Crest,90210,Bel Air - Beverly Crest,yes,Dwelling - Single Family,2026-05-11,,,In plan check,Quality Review Completed,2026-06-09,Type V-B Construction,Type V (wood-frame),4989.0,1500000.0,,no,2298 N BETTY LANE,34.1144,-118.4056
26010-10000-01682,Pacific Palisades,90272,Brentwood - Pacific Palisades,no,Dwelling - Single Family,2026-05-11,,,In plan check,Verifications in Progress,2026-07-10,Type V-B Construction,Type V (wood-frame),,664300.0,14.0,yes,746 N VIA DE LA PAZ,34.0439,-118.5277
26010-10000-02012,Pacific Palisades,90272,Brentwood - Pacific Palisades,yes,,2026-05-11,,,In plan check,Verifications in Progress,2026-09-08,,Not stated,,2000000.0,,no,657 N LACHMAN LANE,34.0485,-118.5464
26010-10000-02127,Pacific Palisades,90272,Brentwood - Pacific Palisades,no,Dwelling - Single Family,2026-05-11,2026-09-01,,Issued (under construction),Issued,2026-09-01,Type V-B Construction,Type V (wood-frame),1323.56,200000.0,16.42,yes,1100 N FISKE ST,34.0492,-118.5225
26010-10000-02185,Pacific Palisades,90272,Brentwood - Pacific Palisades,no,Dwelling - Single Family,2026-05-11,2026-07-06,,Issued (under construction),Issued,2026-07-06,Type V-B Construction,Type V (wood-frame),4848.0,300000.0,28.5,yes,15879 W ASILOMAR BLVD,34.0402,-118.5355
26010-10000-02235,Pacific Palisades,90272,Brentwood - Pacific Palisades,yes,Dwelling - Single Family,2026-05-11,,,In plan check,Ready to Issue,2026-08-25,Type V-B Construction,Type V (wood-frame),2044.0,2000000.0,18.92,yes,666 N LAS CASAS AVE,34.0476,-118.5417
26010-10000-02240,Pacific Palisades,90272,Brentwood - Pacific Palisades,yes,,2026-05-11,,,In plan check,Quality Review Completed,2026-05-18,,Not stated,,1800000.0,,no,750 N SWARTHMORE AVE,34.0439,-118.5265
26010-10000-02650,Bel Air / Beverly Crest,90210,Bel Air - Beverly Crest,yes,Garage - Private,2026-05-11,,,In plan check,Quality Review Completed,2026-06-09,Type V-B Construction,Type V (wood-frame),731.0,50000.0,,no,2298 N BETTY LANE,34.1144,-118.4056
26010-20000-02275,Encino / Tarzana,91356,Encino - Tarzana,no,Accessory Dwelling Unit,2026-05-11,,,In plan check,Verifications in Progress,2026-08-06,Type V-B Construction,Type V (wood-frame),,100000.0,,no,6048 N CORBIN AVE,34.1807,-118.5616
26010-30000-02280,Pacific Palisades,90272,Brentwood - Pacific Palisades,yes,Dwelling - Single Family,2026-05-11,,,In plan check,Verifications in Progress,2026-06-11,Type V-B Construction,Type V (wood-frame),5147.0,1195000.0,33.5,yes,701 N LACHMAN LANE,34.049,-118.5462
26010-30000-02283,Pacific Palisades,90272,Brentwood - Pacific Palisades,yes,Dwelling - Single Family,2026-05-11,,,In plan check,Verifications in Progress,2026-08-20,Type V-B Construction,Type V (wood-frame),3897.0,1100000.0,26.91,yes,812 N EL ORO LANE,34.0508,-118.5481
26010-30000-02284,Pacific Palisades,90272,Brentwood - Pacific Palisades,yes,Dwelling - Single Family,2026-05-11,2026-09-03,,Issued (under construction),Issued,2026-09-03,Type V-B Construction,Type V (wood-frame),3431.0,550000.0,32.51,yes,845 N LAS LOMAS AVE,34.0498,-118.5377
26010-30000-02285,Pacific Palisades,90272,Brentwood - Pacific Palisades,yes,Accessory Dwelling Unit,2026-05-11,2026-09-03,,Issued (under construction),Issued,2026-09-03,Type V-B Construction,Type V (wood-frame),594.0,110000.0,14.0,yes,843 N LAS LOMAS AVE,34.0498,-118.5378
26010-30000-02631,Pacific Palisades,90272,Brentwood - Pacific Palisades,yes,Accessory Dwelling Unit,2026-05-11,,,In plan check,Verifications in Progress,2026-08-20,,Not stated,,150000.0,,yes,812 N EL ORO LANE,34.0508,-118.5481
26010-10000-02187,Pacific Palisades,90272,Brentwood - Pacific Palisades,yes,Dwelling - Single Family,2026-05-12,2026-07-08,,Issued (under construction),Issued,2026-07-08,Type V-A Construction,Type V (wood-frame),2740.0,475000.0,15.5,yes,16611 W PEQUENO PL,34.0548,-118.5446
26010-30000-02289,Pacific Palisades,90272,Brentwood - Pacific Palisades,no,Dwelling - Single Family,2026-05-12,2026-06-04,,Issued (under construction),Issued,2026-06-04,Type V-B Construction,Type V (wood-frame),3444.0,520000.0,28.0,yes,914 N FISKE ST,34.0458,-118.5217
26010-30000-02290,Pacific Palisades,90272,Brentwood - Pacific Palisades,no,Dwelling - Single Family,2026-05-12,2026-06-04,,Issued (under construction),Issued,2026-06-04,Type V-B Construction,Type V (wood-frame),3451.0,500000.0,28.0,yes,1027-1029 N HARTZELL ST,34.0482,-118.5204
26010-30000-02300,Pacific Palisades,90272,Brentwood - Pacific Palisades,yes,Dwelling - Single Family,2026-05-12,,,In plan check,Verifications in Progress,2026-08-20,Type V-B Construction,Type V (wood-frame),,655000.0,,yes,1252 N LAS LOMAS AVE,34.0549,-118.5367
26010-30000-02304,Pacific Palisades,90272,Brentwood - Pacific Palisades,yes,Dwelling - Single Family,2026-05-12,2026-07-28,,Issued (under construction),Issued,2026-07-28,Type V-B Construction,Type V (wood-frame),3435.0,500000.0,26.25,yes,16772 W MONTE HERMOSO DR,34.0689,-118.5535
26010-30000-02308,Pacific Palisades,90272,Brentwood - Pacific Palisades,no,Dwelling - Single Family,2026-05-12,,,In plan check,Verifications in Progress,2026-09-08,Type V-B Construction,Type V (wood-frame),,600000.0,25.92,yes,15211 W EARLHAM ST,34.0366,-118.5256
26010-10000-01880,Pacific Palisades,90272,Brentwood - Pacific Palisades,no,Dwelling - Single Family,2026-05-13,,,In plan check,Quality Review Completed,2026-05-19,Type V-B Construction,Type V (wood-frame),,680000.0,,yes,16789 W EDGAR ST,34.0459,-118.5461
26010-10000-01976,Pacific Palisades,90272,Brentwood - Pacific Palisades,yes,Dwelling - Single Family,2026-05-13,2026-09-04,,Issued (under construction),Issued,2026-09-04,Type V-B Construction,Type V (wood-frame),1961.0,760000.0,25.42,yes,712 N SWARTHMORE AVE,34.0429,-118.5268
26010-10000-02210,Pacific Palisades,90272,Brentwood - Pacific Palisades,no,Dwelling - Single Family,2026-05-13,2026-08-14,,Issued (under construction),Issued,2026-08-14,Type V-B Construction,Type V (wood-frame),2842.0,450000.0,26.5,yes,16836 W LIVORNO DR,34.0439,-118.5456
26010-10000-02233,Pacific Palisades,90272,Brentwood - Pacific Palisades,no,Dwelling - Single Family,2026-05-13,,,In plan check,Verifications in Progress,2026-06-03,Type V-A Construction,Type V (wood-frame),,1000000.0,,yes,401 N VIA DE LA PAZ,34.0373,-118.5297
26010-10000-02415,Pacific Palisades,90272,Brentwood - Pacific Palisades,no,Accessory Dwelling Unit,2026-05-13,2026-08-14,,Issued (under construction),Issued,2026-08-14,Type V-B Construction,Type V (wood-frame),461.0,70000.0,12.08,yes,16836 W LIVORNO DR,34.0439,-118.5456
26010-20000-02338,Brentwood,90049,Westwood,no,Accessory Dwelling Unit,2026-05-13,,,In plan check,Verifications in Progress,2026-08-19,Type V-B Construction,Type V (wood-frame),4791.0,550000.0,27.4,no,11012-11012 1/2 W CASHMERE ST,34.072,-118.4556
26010-30000-02331,Pacific Palisades,90272,Brentwood - Pacific Palisades,no,Dwelling - Single Family,2026-05-13,,,In plan check,Verifications in Progress,2026-09-09,Type V-B Construction,Type V (wood-frame),,763500.0,,yes,15238 W FRIENDS ST,34.0348,-118.5269
26010-30000-02334,Brentwood,90049,Brentwood - Pacific Palisades,yes,Dwelling - Single Family,2026-05-13,,,In plan check,Quality Review Completed,2026-06-03,Type V-B Construction,Type V (wood-frame),14181.0,3500000.0,30.0,no,516 N CARMELINA AVE,34.0653,-118.4874
26010-30000-02335,Brentwood,90049,Brentwood - Pacific Palisades,yes,Accessory Dwelling Unit,2026-05-13,,,In plan check,Quality Review Completed,2026-06-03,Type V-B Construction,Type V (wood-frame),775.0,139500.0,12.0,no,516 N CARMELINA AVE,34.0653,-118.4874
26010-10000-01672,Pacific Palisades,90272,Brentwood - Pacific Palisades,yes,Dwelling - Single Family,2026-05-14,,,In plan check,PC Info Complete,2026-08-21,Type V-B Construction,Type V (wood-frame),5020.0,600000.0,26.7,no,1056 N CHAUTAUQUA BLVD,34.0495,-118.5172
26010-10000-02241,Encino / Tarzana,91316,Reseda - West Van Nuys,no,Accessory Dwelling Unit,2026-05-14,2026-07-23,,Issued (under construction),Issued,2026-07-23,Type V-B Construction,Type V (wood-frame),785.0,86350.0,18.0,no,6209 N ZELZAH AVE,34.1821,-118.5231
26010-10000-02298,Encino / Tarzana,91436,Encino - Tarzana,no,Accessory Dwelling Unit,2026-05-14,,,In plan check,Quality Review Completed,2026-06-18,Type V-B Construction,Type V (wood-frame),960.0,400000.0,18.0,no,16858 W MCCORMICK ST,34.1657,-118.5008
26010-10000-02327,Pacific Palisades,90272,Brentwood - Pacific Palisades,yes,Dwelling - Single Family,2026-05-14,,,In plan check,Ready to Issue,2026-09-02,Type V-B Construction,Type V (wood-frame),2392.0,500000.0,25.8,no,15001 W MCKENDREE AVE,34.0528,-118.5232
26010-10000-02563,Pacific Palisades,90272,Brentwood - Pacific Palisades,yes,Accessory Dwelling Unit,2026-05-14,,,In plan check,Ready to Issue,2026-09-02,Type V-B Construction,Type V (wood-frame),420.0,50000.0,12.0,no,15003 W MCKENDREE AVE,34.053,-118.5233
26010-20000-02369,Encino / Tarzana,91436,Encino - Tarzana,yes,Patio Cover,2026-05-14,2026-07-24,,Issued (under construction),Issued,2026-07-24,Type V-B Construction,Type V (wood-frame),286.0,3000.0,11.0,no,4525 N WOODLEY AVE,34.1541,-118.4838
26010-20000-02370,Encino / Tarzana,91356,Encino - Tarzana,no,,2026-05-14,,,In plan check,Verifications in Progress,2026-09-12,Type V-B Construction,Type V (wood-frame),330.0,35000.0,,no,5121 N VANALDEN AVE,34.1636,-118.5502
26010-30000-02354,Pacific Palisades,90272,Brentwood - Pacific Palisades,yes,Dwelling - Single Family,2026-05-14,2026-08-28,,Issued (under construction),Issued,2026-08-28,Type V-B Construction,Type V (wood-frame),2874.0,950000.0,33.0,yes,16632 W LINDA TER,34.049,-118.5447
26010-10000-02182,Pacific Palisades,90272,Brentwood - Pacific Palisades,yes,Dwelling - Single Family,2026-05-15,,,In plan check,Verifications in Progress,2026-06-15,Type V-B Construction,Type V (wood-frame),,800000.0,,yes,15461 W DE PAUW ST,34.0408,-118.5299
26010-10000-02208,Pacific Palisades,90272,Brentwood - Pacific Palisades,no,Dwelling - Single Family,2026-05-15,2026-07-29,,Issued (under construction),Issued,2026-07-29,Type V-B Construction,Type V (wood-frame),4380.0,658398.0,27.5,yes,1130 N KAGAWA ST,34.0504,-118.5186
26010-10000-02269,Pacific Palisades,90272,Brentwood - Pacific Palisades,no,Dwelling - Single Family,2026-05-15,2026-09-10,,Issued (under construction),Issued,2026-09-10,Type V-B Construction,Type V (wood-frame),2757.0,437000.0,29.75,yes,840 N GALLOWAY ST,34.0443,-118.5203
26010-10000-02330,Pacific Palisades,90272,Brentwood - Pacific Palisades,yes,Dwelling - Single Family,2026-05-15,,,In plan check,Quality Review Completed,2026-06-02,Type V-B Construction,Type V (wood-frame),,1500000.0,,yes,625 N PALMERA AVE,34.0463,-118.5388
26010-10000-03033,Bel Air / Beverly Crest,90210,Bel Air - Beverly Crest,yes,Accessory Dwelling Unit,2026-05-15,,,In plan check,Quality Review Completed,2026-07-13,,Not stated,,,,no,9585 W HIDDEN VALLEY ROAD,34.1214,-118.4048
26010-10000-03034,Bel Air / Beverly Crest,90210,Bel Air - Beverly Crest,yes,Accessory Living Quarters,2026-05-15,,,In plan check,Quality Review Completed,2026-07-13,,Not stated,,,,no,9585 W HIDDEN VALLEY ROAD,34.1214,-118.4048
26010-30000-02392,Pacific Palisades,90272,Brentwood - Pacific Palisades,yes,Dwelling - Single Family,2026-05-15,,,In plan check,Verifications in Progress,2026-08-14,Type V-B Construction,Type V (wood-frame),2117.21,725000.0,25.4,yes,336 N GRENOLA ST,34.0418,-118.5422
26010-10000-02378,Pacific Palisades,90272,Brentwood - Pacific Palisades,no,Dwelling - Single Family,2026-05-18,,,In plan check,Quality Review Completed,2026-06-02,Type V-B Construction,Type V (wood-frame),,750000.0,,yes,406 N VIA DE LA PAZ,34.0373,-118.5294
26010-10000-02555,Pacific Palisades,90272,Brentwood - Pacific Palisades,no,Garage - Private,2026-05-18,,,In plan check,Quality Review Completed,2026-06-02,Type V-B Construction,Type V (wood-frame),0.0,25000.0,,yes,406 N VIA DE LA PAZ,34.0373,-118.5294
26010-10000-02372,Pacific Palisades,90272,Brentwood - Pacific Palisades,no,Accessory Dwelling Unit,2026-05-19,2026-07-13,,Issued (under construction),Issued,2026-07-13,Type V-B Construction,Type V (wood-frame),662.0,250000.0,13.62,no,534 N TAHQUITZ PL,34.0434,-118.5383
26010-30000-02420,Pacific Palisades,90272,Brentwood - Pacific Palisades,no,Dwelling - Single Family,2026-05-19,2026-07-13,,Issued (under construction),Issued,2026-07-13,Type V-B Construction,Type V (wood-frame),2528.0,305000.0,18.33,yes,381 N LAS CASAS AVE,34.0434,-118.5435
26010-10000-02411,Pacific Palisades,90272,Brentwood - Pacific Palisades,yes,Dwelling - Single Family,2026-05-20,2026-07-06,,Issued (under construction),Issued,2026-07-06,Type V-B Construction,Type V (wood-frame),3532.0,590000.0,26.0,yes,533-535 N MARQUETTE ST,34.0446,-118.5425
26010-30000-01845,Pacific Palisades,90272,Brentwood - Pacific Palisades,yes,Dwelling - Single Family,2026-05-20,2026-08-19,,Issued (under construction),Issued,2026-08-19,Type V-B Construction,Type V (wood-frame),2155.0,700000.0,28.0,yes,348 N GRENOLA ST,34.0422,-118.5421
26010-30000-02421,Pacific Palisades,90272,Brentwood - Pacific Palisades,yes,Dwelling - Single Family,2026-05-20,2026-08-05,,Issued (under construction),Issued,2026-08-05,Type V-B Construction,Type V (wood-frame),3758.0,450000.0,27.42,yes,919 N BIENVENEDA AVE,34.0509,-118.5393
26010-10000-02326,Pacific Palisades,90272,Brentwood - Pacific Palisades,no,,2026-05-21,,,In plan check,Quality Review Completed,2026-05-27,,Not stated,,850000.0,,yes,601 N FRONTERA DR,34.04,-118.5225
26010-10000-02469,Bel Air / Beverly Crest,90077,Bel Air - Beverly Crest,yes,Accessory Dwelling Unit,2026-05-21,,,In plan check,Quality Review Completed,2026-06-09,Type V-B Construction,Type V (wood-frame),,100000.0,,no,469 N SAINT PIERRE ROAD,34.0862,-118.4363
26010-10000-02313,Pacific Palisades,90272,Brentwood - Pacific Palisades,no,Dwelling - Single Family,2026-05-22,,,In plan check,Not Ready to Issue,2026-09-10,Type V-B Construction,Type V (wood-frame),3160.0,3000000.0,27.83,yes,1050 N FISKE ST,34.0486,-118.5223
26010-10000-02347,Pacific Palisades,90272,Brentwood - Pacific Palisades,no,,2026-05-22,,,In plan check,Verifications in Progress,2026-08-21,Type V-B Construction,Type V (wood-frame),,700000.0,21.0,yes,16645 W SUNSET BLVD,34.047,-118.544
26010-30000-02489,Pacific Palisades,90272,Brentwood - Pacific Palisades,yes,Dwelling - Single Family,2026-05-22,2026-07-31,,Issued (under construction),Issued,2026-07-31,Type V-B Construction,Type V (wood-frame),5115.0,320000.0,29.91,yes,815 N ALMA REAL DR,34.043,-118.5236
26010-10000-01941,Pacific Palisades,90272,Brentwood - Pacific Palisades,yes,Dwelling - Single Family,2026-05-26,,,In plan check,Verifications in Progress,2026-07-28,Type V-B Construction,Type V (wood-frame),4431.0,800000.0,,yes,16763 W MONTE HERMOSO DR,34.0687,-118.5531
26010-10000-02352,Pacific Palisades,90272,Brentwood - Pacific Palisades,yes,Dwelling - Single Family,2026-05-26,2026-08-11,,Issued (under construction),Issued,2026-08-11,Type V-B Construction,Type V (wood-frame),2302.0,1000000.0,17.0,yes,1142 N LAS PULGAS ROAD,34.053,-118.5382
26010-20000-02460,Encino / Tarzana,91356,Encino - Tarzana,yes,Accessory Dwelling Unit,2026-05-26,,,In plan check,Quality Review Completed,2026-06-08,Type V-B Construction,Type V (wood-frame),,170000.0,,no,5215 N BOTHWELL ROAD,34.1655,-118.5615
26010-20000-02593,Encino / Tarzana,91356,Encino - Tarzana,yes,Recreation Room,2026-05-26,,,In plan check,Quality Review Completed,2026-06-08,Type V-B Construction,Type V (wood-frame),,85000.0,,no,5215 N BOTHWELL ROAD,34.1655,-118.5615
26010-30000-02467,Pacific Palisades,90272,Brentwood - Pacific Palisades,yes,Dwelling - Single Family,2026-05-26,,,In plan check,Verifications in Progress,2026-09-10,Type V-B Construction,Type V (wood-frame),4921.74,1100000.0,26.62,yes,1031-1033 N VILLA GROVE DR,34.0491,-118.5137
26010-30000-02512,Pacific Palisades,90272,Brentwood - Pacific Palisades,no,Dwelling - Single Family,2026-05-26,,,In plan check,Verifications in Progress,2026-08-27,Type V-B Construction,Type V (wood-frame),,600000.0,,yes,1006 N EMBURY ST,34.0473,-118.5231
26010-30000-02513,Pacific Palisades,90272,Brentwood - Pacific Palisades,yes,Dwelling - Single Family,2026-05-26,,,In plan check,Quality Review Completed,2026-06-03,Type V-B Construction,Type V (wood-frame),4485.42,1000000.0,26.0,yes,16900 W SUNSET BLVD,34.0426,-118.5465
26010-30000-02514,Pacific Palisades,90272,Brentwood - Pacific Palisades,yes,Dwelling - Single Family,2026-05-26,,,In plan check,PC Info Complete,2026-08-07,Type V-B Construction,Type V (wood-frame),5596.0,770000.0,39.59,yes,640 N PALMERA AVE,34.0465,-118.5383
26010-10000-02180,Pacific Palisades,90272,Brentwood - Pacific Palisades,no,Dwelling - Single Family,2026-05-27,,,In plan check,Quality Review Completed,2026-06-04,Type V-B Construction,Type V (wood-frame),,850000.0,,yes,646 N BAYLOR ST,34.0475,-118.5431
26010-10000-02320,Pacific Palisades,90272,Brentwood - Pacific Palisades,yes,Dwelling - Single Family,2026-05-27,,,In plan check,Ready to Issue,2026-09-08,Type V-B Construction,Type V (wood-frame),4995.62,799299.0,28.67,yes,607 N VIA DE LA PAZ,34.0407,-118.5289
26010-10000-02374,Pacific Palisades,90272,Brentwood - Pacific Palisades,yes,Dwelling - Single Family,2026-05-27,,,In plan check,Verifications in Progress,2026-07-23,Type V-B Construction,Type V (wood-frame),2180.0,264620.0,17.16,yes,1053 N ENCHANTED WAY,34.0566,-118.5497
26010-10000-02458,Pacific Palisades,90272,Brentwood - Pacific Palisades,yes,Dwelling - Single Family,2026-05-27,2026-08-25,,Issued (under construction),Issued,2026-08-25,Type V-B Construction,Type V (wood-frame),3214.0,1850000.0,17.5,yes,15418 W ALBRIGHT ST,34.0492,-118.5275
26010-10000-02505,Pacific Palisades,90272,Brentwood - Pacific Palisades,yes,Dwelling - Single Family,2026-05-27,,,In plan check,Verifications in Progress,2026-07-21,Type V-B Construction,Type V (wood-frame),5157.0,1478000.0,26.63,yes,1213 N RIMMER AVE,34.0518,-118.5272
26010-10000-02646,Pacific Palisades,90272,Brentwood - Pacific Palisades,yes,Accessory Dwelling Unit,2026-05-27,,,In plan check,Ready to Issue,2026-09-08,Type V-B Construction,Type V (wood-frame),793.78,255200.0,26.5,no,607 N VIA DE LA PAZ,34.0407,-118.5289
26010-10000-02682,Pacific Palisades,90272,Brentwood - Pacific Palisades,no,Accessory Dwelling Unit,2026-05-27,,,In plan check,Quality Review Completed,2026-06-04,Type V-B Construction,Type V (wood-frame),,100000.0,,no,646 N BAYLOR ST,34.0475,-118.5431
26010-20000-02538,Brentwood,90049,Brentwood - Pacific Palisades,no,Dwelling - Single Family,2026-05-27,2026-09-02,,Issued (under construction),Issued,2026-09-02,Type V-B Construction,Type V (wood-frame),4732.0,530000.0,27.92,no,250-250 1/2 S WESTGATE AVE,34.0587,-118.4712
26010-30000-02527,Pacific Palisades,90272,Brentwood - Pacific Palisades,no,Dwelling - Single Family,2026-05-27,,,In plan check,Quality Review Completed,2026-06-09,Type V-B Construction,Type V (wood-frame),,350000.0,,yes,1039 N FISKE ST,34.0483,-118.5225
26010-10000-02263,Pacific Palisades,90272,Brentwood - Pacific Palisades,no,Dwelling - Single Family,2026-05-28,,,In plan check,PC Info Complete,2026-08-13,Type V-B Construction,Type V (wood-frame),2544.0,500000.0,23.0,no,613 N HAVERFORD AVE,34.0414,-118.53
26010-10000-02344,Pacific Palisades,90272,Brentwood - Pacific Palisades,no,Garage - Private,2026-05-28,2026-06-23,,Issued (under construction),Issued,2026-06-23,Type V-B Construction,Type V (wood-frame),93.0,68000.0,12.5,no,15917 W NORTHFIELD ST,34.0453,-118.5343
26010-10000-02508,Pacific Palisades,90272,Brentwood - Pacific Palisades,yes,Dwelling - Single Family,2026-05-28,,,In plan check,Verifications in Progress,2026-09-11,Type V-A Construction,Type V (wood-frame),1875.0,2000000.0,33.5,yes,671 N HAMPDEN PL,34.042,-118.5268
26010-30000-02549,Pacific Palisades,90272,Brentwood - Pacific Palisades,no,Dwelling - Single Family,2026-05-28,,,In plan check,PC Info Complete,2026-08-31,Type V-B Construction,Type V (wood-frame),2799.0,500000.0,22.0,yes,407 N SWARTHMORE AVE,34.0371,-118.5287
26010-20000-02577,Pacific Palisades,90272,Brentwood - Pacific Palisades,no,Dwelling - Single Family,2026-05-29,2026-09-04,,Issued (under construction),Issued,2026-09-04,Type V-B Construction,Type V (wood-frame),3806.0,400000.0,27.92,yes,1156 N GALLOWAY ST,34.0508,-118.5218
26010-10000-02346,Pacific Palisades,90272,Brentwood - Pacific Palisades,yes,Dwelling - Single Family,2026-06-01,,,In plan check,PC Info Complete,2026-08-31,Type V-B Construction,Type V (wood-frame),3160.0,333900.0,30.5,yes,637 N LAS LOMAS AVE,34.047,-118.5395
26010-10000-02348,Pacific Palisades,90272,Brentwood - Pacific Palisades,yes,Dwelling - Single Family,2026-06-01,,,In plan check,Verifications in Progress,2026-09-08,Type V-B Construction,Type V (wood-frame),6375.0,1372814.0,,yes,16522 W AKRON ST,34.0507,-118.5422
26010-10000-02408,Pacific Palisades,90272,Brentwood - Pacific Palisades,no,Dwelling - Single Family,2026-06-01,,,In plan check,Ready to Issue,2026-09-12,Type V-B Construction,Type V (wood-frame),3764.0,850000.0,30.67,yes,917 N CHAUTAUQUA BLVD,34.0467,-118.5167
26010-10000-02791,Pacific Palisades,90272,Brentwood - Pacific Palisades,no,Garage - Private,2026-06-01,,,In plan check,PC Info Complete,2026-08-24,Type V-B Construction,Type V (wood-frame),376.0,150000.0,21.0,yes,917 N CHAUTAUQUA BLVD,34.0467,-118.5167
26010-30000-02602,Pacific Palisades,90272,Brentwood - Pacific Palisades,no,Dwelling - Single Family,2026-06-01,,,In plan check,Quality Review Completed,2026-06-10,Type V-B Construction,Type V (wood-frame),,500000.0,,yes,826 N HARTZELL ST,34.0442,-118.5192
26010-30000-02612,Pacific Palisades,90272,Brentwood - Pacific Palisades,yes,Dwelling - Single Family,2026-06-01,,,In plan check,Verifications in Progress,2026-09-10,Type V-B Construction,Type V (wood-frame),,1500000.0,33.75,yes,14724 W MCKENDREE AVE,34.0521,-118.5205
26010-30000-02614,Pacific Palisades,90272,Brentwood - Pacific Palisades,no,Dwelling - Single Family,2026-06-01,2026-08-04,,Issued (under construction),Issued,2026-08-04,Type V-B Construction,Type V (wood-frame),3063.0,350000.0,27.2,yes,821-823 N GALLOWAY ST,34.0439,-118.5206
26014-20000-02049,Encino / Tarzana,91436,Encino - Tarzana,no,Dwelling - Single Family,2026-06-01,2026-08-11,,Issued (under construction),Issued,2026-08-11,Type V-B Construction,Type V (wood-frame),4806.5,500000.0,24.58,no,4906-4908 N ODESSA AVE,34.1589,-118.491
26010-10000-02579,Pacific Palisades,90272,Brentwood - Pacific Palisades,yes,Dwelling - Single Family,2026-06-02,2026-07-15,,Issued (under construction),Issued,2026-07-15,Type V-B Construction,Type V (wood-frame),3503.0,1120000.0,33.9,no,16506 W AKRON ST,34.0509,-118.5418
26010-10000-02586,Pacific Palisades,90272,Brentwood - Pacific Palisades,no,Dwelling - Single Family,2026-06-02,,,In plan check,Verifications in Progress,2026-08-31,Type V-B Construction,Type V (wood-frame),,400000.0,,yes,958 N HARTZELL ST,34.0473,-118.52
26010-30000-02644,Brentwood,90049,Brentwood - Pacific Palisades,yes,Patio Cover,2026-06-02,,,In plan check,Verifications in Progress,2026-09-04,Type V-B Construction,Type V (wood-frame),,37000.0,,no,13216 W OLD OAK LANE,34.0593,-118.4972
26010-30000-02645,Brentwood,90049,Brentwood - Pacific Palisades,yes,Storage Building,2026-06-02,,,In plan check,Verifications in Progress,2026-09-04,Type V-B Construction,Type V (wood-frame),,13000.0,,no,13216 W OLD OAK LANE,34.0593,-118.4972
26010-30000-02647,Pacific Palisades,90272,Brentwood - Pacific Palisades,no,Dwelling - Single Family,2026-06-02,2026-09-01,,Issued (under construction),Issued,2026-09-01,Type V-B Construction,Type V (wood-frame),3359.0,500000.0,29.67,yes,917 N ILIFF ST,34.0463,-118.5189
26010-30000-02648,Pacific Palisades,90272,Brentwood - Pacific Palisades,no,Accessory Dwelling Unit,2026-06-02,2026-09-01,,Issued (under construction),Issued,2026-09-01,Type V-B Construction,Type V (wood-frame),725.0,80000.0,18.0,yes,915 N ILIFF ST,34.0464,-118.5191
25010-10001-05679,Pacific Palisades,90272,Brentwood - Pacific Palisades,no,,2026-06-03,,,In plan check,Verifications in Progress,2026-08-06,Type V-B Construction,Type V (wood-frame),,100000.0,,yes,827 N HARTZELL ST,34.0441,-118.5195
25010-30002-06625,Pacific Palisades,90272,Brentwood - Pacific Palisades,no,,2026-06-03,,,In plan check,Quality Review Completed,2026-06-10,,Not stated,,501.0,,yes,717 N SWARTHMORE AVE,34.043,-118.5271
26010-10000-02480,Pacific Palisades,90272,Brentwood - Pacific Palisades,no,Dwelling - Single Family,2026-06-03,,,In plan check,Ready to Issue,2026-09-11,Type V-B Construction,Type V (wood-frame),2009.0,301500.0,24.67,yes,729-731 N MUSKINGUM AVE,34.0482,-118.5364
26010-10000-02622,Pacific Palisades,90272,Brentwood - Pacific Palisades,yes,,2026-06-03,,,In plan check,Verifications in Progress,2026-09-09,,Not stated,,1000000.0,,yes,16660 W LINDA TER,34.0487,-118.5457
26010-10000-02626,Pacific Palisades,90272,Brentwood - Pacific Palisades,yes,Dwelling - Single Family,2026-06-03,,,In plan check,PC Info Complete,2026-08-07,Type V-B Construction,Type V (wood-frame),4788.0,400000.0,30.0,yes,1380 N MONUMENT ST,34.0536,-118.5257
26010-30000-02669,Pacific Palisades,90272,Brentwood - Pacific Palisades,no,Dwelling - Single Family,2026-06-03,2026-09-01,,Issued (under construction),Issued,2026-09-01,Type V-B Construction,Type V (wood-frame),5096.0,700000.0,26.08,yes,619 N OCAMPO DR,34.0392,-118.5202
26010-30000-02681,Pacific Palisades,90272,Brentwood - Pacific Palisades,yes,Dwelling - Single Family,2026-06-03,,,In plan check,Quality Review Completed,2026-06-09,Type V-B Construction,Type V (wood-frame),,450000.0,26.5,yes,633 N BIENVENEDA AVE,34.0466,-118.5402
26010-10000-02509,Pacific Palisades,90272,Brentwood - Pacific Palisades,no,Dwelling - Single Family,2026-06-04,,,In plan check,PC Info Complete,2026-08-07,Type V-B Construction,Type V (wood-frame),2623.42,900000.0,19.58,yes,862 N TOYOPA DR,34.0439,-118.5228
26010-10000-02519,Pacific Palisades,90272,Brentwood - Pacific Palisades,yes,,2026-06-04,,,In plan check,Quality Review Completed,2026-06-25,,Not stated,,850000.0,,no,920 N LACHMAN LANE,34.0521,-118.5445
26010-10000-02522,Pacific Palisades,90272,Brentwood - Pacific Palisades,no,Dwelling - Single Family,2026-06-04,,,In plan check,Verifications in Progress,2026-08-24,Type V-B Construction,Type V (wood-frame),,600000.0,24.0,yes,922 N HARTZELL ST,34.0464,-118.5198
26010-10000-02576,Pacific Palisades,90272,Brentwood - Pacific Palisades,yes,Dwelling - Single Family,2026-06-04,,,In plan check,Verifications in Progress,2026-09-10,Type V-B Construction,Type V (wood-frame),,275000.0,,yes,830 N LACHMAN LANE,34.0503,-118.5452
26010-10000-02627,Pacific Palisades,90272,Brentwood - Pacific Palisades,no,Dwelling - Single Family,2026-06-04,2026-09-04,,Issued (under construction),Issued,2026-09-04,Type V-B Construction,Type V (wood-frame),3892.0,1100000.0,29.8,yes,1038 N FISKE ST,34.0483,-118.5223
26010-30000-02700,Pacific Palisades,90272,Brentwood - Pacific Palisades,yes,Dwelling - Single Family,2026-06-04,,,In plan check,Verifications in Progress,2026-08-06,Type V-B Construction,Type V (wood-frame),3997.96,1670000.0,22.0,yes,16530 W CHATTANOOGA PL,34.0493,-118.5419
26010-30000-02702,Pacific Palisades,90272,Brentwood - Pacific Palisades,no,Dwelling - Single Family,2026-06-04,2026-07-27,,Issued (under construction),Issued,2026-07-27,Type V-B Construction,Type V (wood-frame),2674.0,550000.0,23.83,yes,15501 W FRIENDS ST,34.0374,-118.5309
26010-30000-02704,Pacific Palisades,90272,Brentwood - Pacific Palisades,no,Dwelling - Single Family,2026-06-04,2026-08-06,,Issued (under construction),Issued,2026-08-06,Type V-B Construction,Type V (wood-frame),4256.0,500000.0,31.25,yes,642 N MUSKINGUM AVE,34.0461,-118.5372
26010-30000-02876,Pacific Palisades,90272,Brentwood - Pacific Palisades,no,Storage Building,2026-06-04,,,In plan check,Verifications in Progress,2026-08-24,Type V-B Construction,Type V (wood-frame),168.67,30000.0,12.25,yes,922 N HARTZELL ST,34.0464,-118.5198
26010-10000-02520,Pacific Palisades,90272,Brentwood - Pacific Palisades,yes,Dwelling - Single Family,2026-06-05,,,In plan check,Verifications in Progress,2026-08-10,Type V-B Construction,Type V (wood-frame),,500000.0,27.5,yes,17314 N AVENIDA DE LA HERRADURA,34.0795,-118.5633
26010-10000-02608,Encino / Tarzana,91356,Encino - Tarzana,no,,2026-06-05,,,In plan check,Quality Review Completed,2026-06-16,,Not stated,,2720000.0,,no,18367 W HATTERAS ST,34.1776,-118.5332
26010-10000-03298,Encino / Tarzana,91356,Encino - Tarzana,no,,2026-06-05,,,In plan check,Quality Review Completed,2026-06-16,,Not stated,,,,no,18367 W HATTERAS ST,34.1776,-118.5332
26010-10000-03299,Encino / Tarzana,91356,Encino - Tarzana,no,,2026-06-05,,,In plan check,Quality Review Completed,2026-06-16,,Not stated,,,,no,18367 W HATTERAS ST,34.1776,-118.5332
26010-10000-03300,Encino / Tarzana,91356,Encino - Tarzana,no,,2026-06-05,,,In plan check,Quality Review Completed,2026-06-16,,Not stated,,,,no,18367 W HATTERAS ST,34.1776,-118.5332
26010-10000-03301,Encino / Tarzana,91356,Encino - Tarzana,no,,2026-06-05,,,In plan check,Quality Review Completed,2026-06-16,,Not stated,,,,no,18367 W HATTERAS ST,34.1776,-118.5332
26010-10000-03302,Encino / Tarzana,91356,Encino - Tarzana,no,,2026-06-05,,,In plan check,Quality Review Completed,2026-06-16,,Not stated,,,,no,18367 W HATTERAS ST,34.1776,-118.5332
26010-10000-03303,Encino / Tarzana,91356,Encino - Tarzana,no,,2026-06-05,,,In plan check,Quality Review Completed,2026-06-16,,Not stated,,,,no,18367 W HATTERAS ST,34.1776,-118.5332
26010-10000-03304,Encino / Tarzana,91356,Encino - Tarzana,no,,2026-06-05,,,In plan check,Quality Review Completed,2026-06-16,,Not stated,,,,no,18367 W HATTERAS ST,34.1776,-118.5332
26010-10000-03305,Encino / Tarzana,91356,Encino - Tarzana,no,,2026-06-05,,,In plan check,Quality Review Completed,2026-06-16,,Not stated,,,,no,18367 W HATTERAS ST,34.1776,-118.5332
26010-10000-03306,Encino / Tarzana,91356,Encino - Tarzana,no,,2026-06-05,,,In plan check,Quality Review Completed,2026-06-16,,Not stated,,,,no,18367 W HATTERAS ST,34.1776,-118.5332
26010-20000-02727,Encino / Tarzana,91436,Encino - Tarzana,yes,Patio Cover,2026-06-05,2026-07-24,,Issued (under construction),Issued,2026-07-24,Type V-B Construction,Type V (wood-frame),279.5,4000.0,11.0,no,4525 N WOODLEY AVE,34.1541,-118.4838
26010-30000-02717,Pacific Palisades,90272,Brentwood - Pacific Palisades,no,Dwelling - Single Family,2026-06-05,2026-08-18,,Issued (under construction),Issued,2026-08-18,Type V-B Construction,Type V (wood-frame),4467.0,650000.0,29.7,yes,15300 W EARLHAM ST,34.0377,-118.5272
26010-30000-02719,Pacific Palisades,90272,Brentwood - Pacific Palisades,no,Dwelling - Single Family,2026-06-05,2026-07-22,,Issued (under construction),Issued,2026-07-22,Type V-B Construction,Type V (wood-frame),3375.0,500000.0,28.0,yes,1140 N KAGAWA ST,34.0507,-118.5186
26010-10000-02580,Pacific Palisades,90272,Brentwood - Pacific Palisades,no,Dwelling - Single Family,2026-06-08,,,In plan check,Quality Review Completed,2026-06-15,Type V-B Construction,Type V (wood-frame),,800000.0,,yes,428 N EL MEDIO AVE,34.0409,-118.5352
26010-10000-02588,Pacific Palisades,90272,Brentwood - Pacific Palisades,yes,Dwelling - Single Family,2026-06-08,2026-07-27,,Issued (under construction),Issued,2026-07-27,Type V-B Construction,Type V (wood-frame),3256.0,2760000.0,27.82,yes,16920 W DULCE YNEZ LANE,34.0468,-118.5497
26010-10000-02616,Pacific Palisades,90272,Brentwood - Pacific Palisades,no,Dwelling - Single Family,2026-06-08,2026-08-18,,Issued (under construction),Issued,2026-08-18,Type V-B Construction,Type V (wood-frame),3001.0,2600000.0,28.6,yes,333 N LAS CASAS AVE,34.0417,-118.5435
26010-10000-02582,Pacific Palisades,90272,Brentwood - Pacific Palisades,no,Dwelling - Single Family,2026-06-09,,,In plan check,Quality Review Completed,2026-06-20,Type V-B Construction,Type V (wood-frame),,285000.0,,yes,609 N SWARTHMORE AVE,34.0405,-118.5278
26010-10000-02693,Pacific Palisades,90272,Brentwood - Pacific Palisades,no,Dwelling - Single Family,2026-06-09,2026-08-06,,Issued (under construction),Issued,2026-08-06,Type V-B Construction,Type V (wood-frame),2960.0,307565.0,28.34,yes,765 N ILIFF ST,34.0432,-118.5183
26010-10000-02907,Pacific Palisades,90272,Brentwood - Pacific Palisades,no,Accessory Dwelling Unit,2026-06-09,,,In plan check,Quality Review Completed,2026-06-20,Type V-B Construction,Type V (wood-frame),,100000.0,,no,609 N SWARTHMORE AVE,34.0405,-118.5278
26010-20000-02773,Pacific Palisades,90272,Brentwood - Pacific Palisades,yes,Dwelling - Single Family,2026-06-09,,,In plan check,PC Info Complete,2026-09-09,Type V-B Construction,Type V (wood-frame),3314.0,450000.0,25.0,yes,16908-16910 W DULCE YNEZ LANE,34.0471,-118.5492
26010-20000-02774,Pacific Palisades,90272,Brentwood - Pacific Palisades,yes,,2026-06-09,,,In plan check,PC Approved,2026-09-09,,Not stated,,90000.0,,no,16910 W DULCE YNEZ LANE,34.0472,-118.5492
26010-20000-02784,Encino / Tarzana,91316,Encino - Tarzana,no,Duplex,2026-06-09,,,In plan check,Quality Review Completed,2026-06-26,Type V-A Construction,Type V (wood-frame),,260000.0,,no,5924 N LINDLEY AVE,34.178,-118.5271
26010-20000-02786,Encino / Tarzana,91316,Encino - Tarzana,no,Accessory Dwelling Unit,2026-06-09,,,In plan check,Quality Review Completed,2026-06-26,Type V-A Construction,Type V (wood-frame),,340000.0,,no,5924 N LINDLEY AVE,34.178,-118.5271
26010-20000-02975,Encino / Tarzana,91356,Encino - Tarzana,no,Accessory Dwelling Unit,2026-06-09,,,In plan check,Verifications in Progress,2026-08-27,Type V-B Construction,Type V (wood-frame),,,,no,5908-5908 1/2 N BECKFORD AVE,34.1776,-118.5511
26010-30000-02775,Pacific Palisades,90272,Brentwood - Pacific Palisades,yes,Dwelling - Single Family,2026-06-09,,,In plan check,PC Info Complete,2026-08-05,Type V-A Construction,Type V (wood-frame),3006.0,500000.0,27.67,yes,551 N MOUNT HOLYOKE AVE,34.0396,-118.5301
26010-30000-02780,Pacific Palisades,90272,Brentwood - Pacific Palisades,yes,Dwelling - Single Family,2026-06-09,,,In plan check,Quality Review Completed,2026-06-17,Type V-B Construction,Type V (wood-frame),3913.0,680000.0,23.0,yes,1334 N CHAUTAUQUA BLVD,34.0532,-118.5198
26010-30000-02782,Pacific Palisades,90272,Brentwood - Pacific Palisades,no,Dwelling - Single Family,2026-06-09,2026-09-04,,Issued (under construction),Issued,2026-09-04,Type V-B Construction,Type V (wood-frame),5395.0,750000.0,5310.0,yes,713 N SWARTHMORE AVE,34.0429,-118.5271
26010-30000-02783,Pacific Palisades,90272,Brentwood - Pacific Palisades,no,Dwelling - Single Family,2026-06-09,,,In plan check,Quality Review Completed,2026-06-17,Type V-B Construction,Type V (wood-frame),,950000.0,,yes,515 N CHAPALA DR,34.038,-118.5214
26014-10000-02060,Pacific Palisades,90272,Brentwood - Pacific Palisades,no,Accessory Dwelling Unit,2026-06-09,,,In plan check,Verifications in Progress,2026-08-19,Type V-A Construction,Type V (wood-frame),,540000.0,,yes,720 N CHAPALA DR,34.0407,-118.5217
26010-30000-02808,Pacific Palisades,90272,Brentwood - Pacific Palisades,yes,Dwelling - Single Family,2026-06-10,,,In plan check,Quality Review Completed,2026-06-18,Type V-A Construction,Type V (wood-frame),,1000000.0,,yes,317 N LAS CASAS AVE,34.0412,-118.5434
26010-30000-02809,Pacific Palisades,90272,Brentwood - Pacific Palisades,no,Dwelling - Single Family,2026-06-10,2026-09-11,,Issued (under construction),Issued,2026-09-11,Type V-B Construction,Type V (wood-frame),4071.0,500000.0,26.0,yes,1111 N HARTZELL ST,34.0497,-118.5207
26010-30000-02817,Pacific Palisades,90272,Brentwood - Pacific Palisades,yes,Dwelling - Single Family,2026-06-10,,,In plan check,PC Info Complete,2026-09-04,Type V-B Construction,Type V (wood-frame),2713.0,550000.0,28.0,yes,655 N LAS LOMAS AVE,34.0474,-118.5394
26010-10000-02624,Pacific Palisades,90272,Brentwood - Pacific Palisades,no,Dwelling - Single Family,2026-06-11,,,In plan check,Quality Review Completed,2026-06-16,Type V-B Construction,Type V (wood-frame),,500000.0,,yes,16939 W LIVORNO DR,34.0432,-118.548
26010-10000-02804,Pacific Palisades,90272,Brentwood - Pacific Palisades,no,Dwelling - Single Family,2026-06-11,2026-08-18,,Issued (under construction),Issued,2026-08-18,Type V-B Construction,Type V (wood-frame),3065.0,616000.0,30.0,yes,509 N LAS CASAS AVE,34.0442,-118.5435
26010-10000-02841,Brentwood,90049,Brentwood - Pacific Palisades,no,Dwelling - Single Family,2026-06-11,,,In plan check,Verifications in Progress,2026-09-10,Type V-B Construction,Type V (wood-frame),,700000.0,32.1,no,456 N BRISTOL AVE,34.0639,-118.4884
26010-10000-02908,Pacific Palisades,90272,Brentwood - Pacific Palisades,no,Accessory Dwelling Unit,2026-06-11,,,In plan check,Quality Review Completed,2026-06-16,Type V-B Construction,Type V (wood-frame),,110000.0,,yes,16939 W LIVORNO DR,34.0432,-118.548
26010-30000-02838,Pacific Palisades,90272,Brentwood - Pacific Palisades,yes,Dwelling - Single Family,2026-06-11,,,In plan check,Verifications in Progress,2026-08-10,Type V-B Construction,Type V (wood-frame),4064.1,456600.0,29.72,yes,374 N ARNO WAY,34.0424,-118.5454
26010-30000-02843,Pacific Palisades,90272,Brentwood - Pacific Palisades,no,Dwelling - Single Family,2026-06-11,,,In plan check,Verifications in Progress,2026-08-20,Type V-B Construction,Type V (wood-frame),,400000.0,,yes,862 N FISKE ST,34.0448,-118.5215
26010-30000-02853,Pacific Palisades,90272,Brentwood - Pacific Palisades,no,Dwelling - Single Family,2026-06-11,,,In plan check,PC Info Complete,2026-09-01,Type V-B Construction,Type V (wood-frame),3335.0,550000.0,25.0,yes,16039 W AIGLON ST,34.0448,-118.5375
26010-30000-02854,Pacific Palisades,90272,Brentwood - Pacific Palisades,no,Accessory Dwelling Unit,2026-06-11,,,In plan check,PC Info Complete,2026-09-01,Type V-B Construction,Type V (wood-frame),598.0,90000.0,24.58,yes,16037 W AIGLON ST,34.0448,-118.5374
26010-10000-02750,Pacific Palisades,90272,Brentwood - Pacific Palisades,yes,,2026-06-12,,,In plan check,Quality Review Completed,2026-06-24,,Not stated,,75000.0,,no,1847 W MICHAEL LANE,34.0778,-118.5586
26010-10000-02793,Pacific Palisades,90272,Brentwood - Pacific Palisades,no,Dwelling - Single Family,2026-06-12,2026-09-10,,Issued (under construction),Issued,2026-09-10,Type V-B Construction,Type V (wood-frame),4967.0,700000.0,28.5,yes,622 N FRONTERA DR,34.0403,-118.5224
26010-10000-03178,Encino / Tarzana,91316,Encino - Tarzana,no,Accessory Dwelling Unit,2026-06-12,,,In plan check,Quality Review Completed,2026-07-15,Type V-B Construction,Type V (wood-frame),,109052.0,,no,18048 W VALLEY VISTA BLVD,34.1582,-118.5265
26010-20000-02885,Pacific Palisades,90272,Brentwood - Pacific Palisades,no,Dwelling - Single Family,2026-06-15,2026-08-14,,Issued (under construction),Issued,2026-08-14,Type V-B Construction,Type V (wood-frame),2478.0,250000.0,25.3,yes,1054 N HARTZELL ST,34.049,-118.5203
26010-30000-02879,Brentwood,90049,Brentwood - Pacific Palisades,yes,Patio Cover,2026-06-15,2026-07-31,,Issued (under construction),Issued,2026-07-31,Type V-B Construction,Type V (wood-frame),620.0,15000.0,12.0,no,1736 N MANDEVILLE LANE,34.0643,-118.4919
26010-30000-02880,Brentwood,90049,Brentwood - Pacific Palisades,yes,Patio Cover,2026-06-15,2026-07-31,,Issued (under construction),Issued,2026-07-31,Type V-B Construction,Type V (wood-frame),186.0,5000.0,12.0,no,1736 N MANDEVILLE LANE,34.0643,-118.4919
26010-30000-02887,Pacific Palisades,90272,Brentwood - Pacific Palisades,yes,Dwelling - Single Family,2026-06-15,,,In plan check,Verifications in Progress,2026-08-18,Type V-B Construction,Type V (wood-frame),3461.1,500000.0,23.08,yes,17700 W CASTELLAMMARE DR,34.0411,-118.5619
26010-30000-02892,Pacific Palisades,90272,Brentwood - Pacific Palisades,no,Dwelling - Single Family,2026-06-15,,,In plan check,PC Info Complete,2026-08-31,Type V-B Construction,Type V (wood-frame),2354.0,555000.0,29.17,yes,611 N LAS CASAS AVE,34.0466,-118.5429
26010-30000-02893,Pacific Palisades,90272,Brentwood - Pacific Palisades,no,Accessory Dwelling Unit,2026-06-15,,,In plan check,PC Info Complete,2026-08-31,Type V-B Construction,Type V (wood-frame),1065.0,300000.0,20.08,yes,611 N LAS CASAS AVE,34.0466,-118.5429
26010-10000-02585,Pacific Palisades,90272,Brentwood - Pacific Palisades,no,Dwelling - Single Family,2026-06-16,,,In plan check,Verifications in Progress,2026-08-26,Type V-B Construction,Type V (wood-frame),,800000.0,,yes,15015 W SUNSET BLVD,34.0444,-118.5219
26010-10000-02753,Pacific Palisades,90272,Brentwood - Pacific Palisades,yes,Dwelling - Single Family,2026-06-16,,,In plan check,Quality Review Completed,2026-06-30,Type V-B Construction,Type V (wood-frame),3352.4,447000.0,30.84,yes,636 N HAVERFORD AVE,34.0419,-118.5296
26010-10000-02795,Pacific Palisades,90272,Brentwood - Pacific Palisades,yes,Dwelling - Single Family,2026-06-16,2026-08-25,,Issued (under construction),Issued,2026-08-25,Type V-B Construction,Type V (wood-frame),5462.0,1250000.0,30.25,yes,1738 S CHASTAIN PKWY EAST,34.0742,-118.5473
26010-10000-02861,Pacific Palisades,90272,Brentwood - Pacific Palisades,yes,,2026-06-16,,,In plan check,Quality Review Completed,2026-07-01,,Not stated,,1000000.0,,no,17725 W CASTELLAMMARE DR,34.0415,-118.5621
26010-30000-02909,Pacific Palisades,90272,Brentwood - Pacific Palisades,no,Dwelling - Single Family,2026-06-16,,,In plan check,Verifications in Progress,2026-07-16,Type V-B Construction,Type V (wood-frame),3626.0,600000.0,26.92,yes,834 N HARTZELL ST,34.0444,-118.5193
26010-30000-02911,Pacific Palisades,90272,Brentwood - Pacific Palisades,no,Dwelling - Single Family,2026-06-16,,,In plan check,PC Info Complete,2026-09-08,Type V-B Construction,Type V (wood-frame),5047.0,800000.0,25.67,yes,709 N SWARTHMORE AVE,34.0428,-118.5271
26010-30000-02914,Pacific Palisades,90272,Brentwood - Pacific Palisades,yes,Dwelling - Single Family,2026-06-16,,,In plan check,Ready to Issue,2026-09-11,Type V-B Construction,Type V (wood-frame),1491.0,300000.0,19.0,yes,14801 W BESTOR BLVD,34.0515,-118.5211
26010-30000-02916,Pacific Palisades,90272,Brentwood - Pacific Palisades,yes,Accessory Dwelling Unit,2026-06-16,,,In plan check,PC Info Complete,2026-09-11,Type V-B Construction,Type V (wood-frame),504.0,100000.0,130.0,yes,14801 W BESTOR BLVD,34.0515,-118.5211
26010-30000-02919,Pacific Palisades,90272,Brentwood - Pacific Palisades,no,Dwelling - Single Family,2026-06-16,2026-08-14,,Issued (under construction),Issued,2026-08-14,Type V-B Construction,Type V (wood-frame),4992.0,550000.0,28.25,yes,756 N VIA DE LA PAZ,34.0442,-118.5277
26010-30000-02923,Pacific Palisades,90272,Brentwood - Pacific Palisades,no,Dwelling - Single Family,2026-06-16,,,In plan check,Verifications in Progress,2026-09-04,Type V-B Construction,Type V (wood-frame),3626.0,785000.0,,yes,731 N TOYOPA DR,34.0415,-118.5203
26010-10000-02243,Pacific Palisades,90272,Brentwood - Pacific Palisades,yes,Dwelling - Single Family,2026-06-17,,,In plan check,Quality Review Completed,2026-06-30,Type V-B Construction,Type V (wood-frame),3626.0,370000.0,,yes,821 N LAS LOMAS AVE,34.0493,-118.5383
26010-10000-02589,Pacific Palisades,90272,Brentwood - Pacific Palisades,yes,Dwelling - Single Family,2026-06-17,,,In plan check,Quality Review Completed,2026-07-08,Type V-B Construction,Type V (wood-frame),2537.0,420000.0,15.91,yes,646 N MARQUETTE ST,34.0469,-118.5409
26010-30000-02894,Brentwood,90049,Brentwood - Pacific Palisades,no,Accessory Living Quarters,2026-06-17,,,In plan check,Quality Review Completed,2026-07-28,Type V-B Construction,Type V (wood-frame),,845000.0,,no,11740 W CRESCENDA ST,34.0676,-118.473
26010-10000-02592,Pacific Palisades,90272,Brentwood - Pacific Palisades,no,Dwelling - Single Family,2026-06-18,,,In plan check,Verifications in Progress,2026-07-08,Type V-B Construction,Type V (wood-frame),,800000.0,,yes,608 N RADCLIFFE AVE,34.0414,-118.5306
26010-10000-02799,Pacific Palisades,90272,Brentwood - Pacific Palisades,no,Dwelling - Single Family,2026-06-18,,,In plan check,Quality Review Completed,2026-06-30,Type V-B Construction,Type V (wood-frame),4870.0,1000000.0,28.0,yes,1032 N KAGAWA ST,34.0487,-118.5182
26010-10000-03098,Pacific Palisades,90272,Brentwood - Pacific Palisades,no,Junior Accessory Dwelling Unit,2026-06-18,,,In plan check,Verifications in Progress,2026-07-08,Type V-B Construction,Type V (wood-frame),,80000.0,,yes,608 N RADCLIFFE AVE,34.0414,-118.5306
26010-10000-02900,Pacific Palisades,90272,Brentwood - Pacific Palisades,yes,Dwelling - Single Family,2026-06-20,,,In plan check,Quality Review Completed,2026-07-06,Type V-B Construction,Type V (wood-frame),,1500000.0,,no,645 N PALMERA AVE,34.0466,-118.5384
26010-10000-03140,Pacific Palisades,90272,Brentwood - Pacific Palisades,yes,Accessory Dwelling Unit,2026-06-20,,,In plan check,Quality Review Completed,2026-07-06,,Not stated,,,,no,645 N PALMERA AVE,34.0466,-118.5384
26010-10000-03141,Pacific Palisades,90272,Brentwood - Pacific Palisades,yes,,2026-06-20,,,In plan check,Quality Review Completed,2026-07-06,,Not stated,,,,no,645 N PALMERA AVE,34.0466,-118.5384
26010-10000-02581,Pacific Palisades,90272,Brentwood - Pacific Palisades,no,Dwelling - Single Family,2026-06-22,,,In plan check,Quality Review Completed,2026-07-01,Type V-B Construction,Type V (wood-frame),2875.0,447850.0,29.9,yes,606 N VIA DE LA PAZ,34.0406,-118.5286
26010-10000-02942,Pacific Palisades,90272,Brentwood - Pacific Palisades,no,Dwelling - Single Family,2026-06-22,,,In plan check,Quality Review Completed,2026-07-06,Type V-B Construction,Type V (wood-frame),,1000000.0,15.42,yes,1047 N EMBURY ST,34.0483,-118.5236
26010-10000-02967,Pacific Palisades,90272,Brentwood - Pacific Palisades,yes,Dwelling - Single Family,2026-06-22,,,In plan check,Quality Review Completed,2026-07-16,Type V-B Construction,Type V (wood-frame),,655000.0,,yes,1000 N MARONEY LANE,34.051,-118.5373
26010-20000-02989,Encino / Tarzana,91436,Encino - Tarzana,yes,Patio Cover,2026-06-22,,,In plan check,Quality Review Completed,2026-06-30,Type V-B Construction,Type V (wood-frame),,10000.0,,no,16825 W MOONCREST DR,34.1476,-118.4997
26010-30000-02987,Pacific Palisades,90272,Brentwood - Pacific Palisades,yes,Dwelling - Single Family,2026-06-22,2026-07-24,,Issued (under construction),Issued,2026-07-24,Type V-B Construction,Type V (wood-frame),5295.0,550000.0,30.17,yes,1648 S CHASTAIN PKWY EAST,34.0754,-118.5481
26010-10000-01470,Pacific Palisades,90272,Brentwood - Pacific Palisades,yes,Dwelling - Single Family,2026-06-23,,,In plan check,Quality Review Completed,2026-06-30,Type V-B Construction,Type V (wood-frame),2064.0,1000000.0,28.95,yes,724 N EL MEDIO AVE,34.0461,-118.5332
26010-10000-02941,Pacific Palisades,90272,Brentwood - Pacific Palisades,yes,Dwelling - Single Family,2026-06-23,2026-09-10,,Issued (under construction),Issued,2026-09-10,Type V-B Construction,Type V (wood-frame),2392.0,400000.0,25.0,yes,626 N HAVERFORD AVE,34.0416,-118.5297
26010-20000-03001,Brentwood,90049,Brentwood - Pacific Palisades,no,,2026-06-23,,,In plan check,Quality Review Completed,2026-07-20,,Not stated,,800000.0,,no,274 N SALTAIR AVE,34.066,-118.4745
26010-30000-03014,Pacific Palisades,90272,Brentwood - Pacific Palisades,no,Dwelling - Single Family,2026-06-23,,,In plan check,Verifications in Progress,2026-08-13,Type V-A Construction,Type V (wood-frame),,400000.0,30.0,yes,369 N LAS CASAS AVE,34.043,-118.5435
26010-30000-03021,Pacific Palisades,90272,Brentwood - Pacific Palisades,no,Dwelling - Single Family,2026-06-23,,,In plan check,Verifications in Progress,2026-09-02,Type V-B Construction,Type V (wood-frame),7404.0,1200000.0,36.0,yes,15278 W FRIENDS ST,34.036,-118.5273
26010-10000-02751,Pacific Palisades,90272,Brentwood - Pacific Palisades,yes,Dwelling - Single Family,2026-06-24,,,In plan check,Quality Review Completed,2026-07-06,Type V-B Construction,Type V (wood-frame),3626.0,798509.0,,yes,17740 W CASTELLAMMARE DR,34.0417,-118.5624
26010-10000-02858,Pacific Palisades,90272,Brentwood - Pacific Palisades,no,Dwelling - Single Family,2026-06-24,,,In plan check,Verifications in Progress,2026-07-23,,Not stated,,950000.0,,no,331 N VIA DE LA PAZ,34.0368,-118.5298
26010-10000-02940,Pacific Palisades,90272,Brentwood - Pacific Palisades,yes,Dwelling - Single Family,2026-06-24,,,In plan check,Quality Review Completed,2026-07-09,,Not stated,,1000000.0,,yes,624 N ERSKINE DR,34.0436,-118.5329
26010-10000-02955,Pacific Palisades,90272,Brentwood - Pacific Palisades,yes,Dwelling - Single Family,2026-06-24,,,In plan check,PC Approved,2026-09-11,Type V-B Construction,Type V (wood-frame),2451.0,600000.0,13.0,yes,671 N BIENVENEDA AVE,34.048,-118.5401
26010-10000-02966,Pacific Palisades,90272,Brentwood - Pacific Palisades,no,Dwelling - Single Family,2026-06-24,2026-07-29,,Issued (under construction),Issued,2026-07-29,Type V-B Construction,Type V (wood-frame),3729.0,350000.0,27.75,yes,806 N GALLOWAY ST,34.0435,-118.5202
26010-10000-02999,Pacific Palisades,90272,Brentwood - Pacific Palisades,yes,Dwelling - Single Family,2026-06-24,,,In plan check,Quality Review Completed,2026-07-20,Type V-B Construction,Type V (wood-frame),,500000.0,,yes,224 N ADERNO WAY,34.0421,-118.5451
26010-10000-03072,Pacific Palisades,90272,Brentwood - Pacific Palisades,no,Dwelling - Single Family,2026-06-25,,,In plan check,Verifications in Progress,2026-08-31,Type V-B Construction,Type V (wood-frame),,600000.0,,yes,644 N RADCLIFFE AVE,34.0422,-118.5306
26010-10000-02457,Pacific Palisades,90272,Brentwood - Pacific Palisades,no,Carport,2026-06-26,,,In plan check,PC Info Complete,2026-08-08,Type V-B Construction,Type V (wood-frame),0.0,8900.0,9.33,no,1134 N ILIFF ST,34.0504,-118.5196
26010-30000-02993,Pacific Palisades,90272,Brentwood - Pacific Palisades,yes,Dwelling - Single Family,2026-06-26,,,In plan check,Verifications in Progress,2026-08-10,Type V-B Construction,Type V (wood-frame),3335.0,550000.0,,yes,1424 N CHAUTAUQUA BLVD,34.0552,-118.5218
26010-10000-03092,Pacific Palisades,90272,Brentwood - Pacific Palisades,yes,Dwelling - Single Family,2026-06-29,,,In plan check,Verifications in Progress,2026-08-07,Type V-B Construction,Type V (wood-frame),,825000.0,,yes,500 N MOUNT HOLYOKE AVE,34.0387,-118.5311
26010-10000-03133,Brentwood,90049,Bel Air - Beverly Crest,yes,Miscellaneous Bldg/Structure,2026-06-29,2026-07-30,,Issued (under construction),Issued,2026-07-30,Type V-B Construction,Type V (wood-frame),0.0,30000.0,12.8,no,190 N THURSTON AVE,34.0765,-118.4638
26010-30000-03108,Pacific Palisades,90272,Brentwood - Pacific Palisades,yes,,2026-06-29,,,In plan check,Verifications in Progress,2026-08-12,,Not stated,,110000.0,,yes,512 N MUSKINGUM PL,34.0425,-118.5383
26010-30000-03115,Pacific Palisades,90272,Brentwood - Pacific Palisades,no,Dwelling - Single Family,2026-06-29,2026-09-04,,Issued (under construction),Issued,2026-09-04,Type V-B Construction,Type V (wood-frame),6071.0,830000.0,31.67,yes,700 N TOYOPA DR,34.0411,-118.5195
26010-30000-03116,Pacific Palisades,90272,Brentwood - Pacific Palisades,no,Dwelling - Single Family,2026-06-29,,,In plan check,PC Info Complete,2026-09-10,Type V-B Construction,Type V (wood-frame),915.0,235000.0,18.53,yes,906 N ILIFF ST,34.0461,-118.5187
26010-30000-03120,Pacific Palisades,90272,Brentwood - Pacific Palisades,no,Dwelling - Single Family,2026-06-29,2026-08-25,,Issued (under construction),Issued,2026-08-25,Type V-B Construction,Type V (wood-frame),4095.0,400000.0,24.41,yes,756 N HARTZELL ST,34.0428,-118.519
26010-30000-03121,Pacific Palisades,90272,Brentwood - Pacific Palisades,yes,Dwelling - Single Family,2026-06-29,,,In plan check,Quality Review Completed,2026-07-08,Type V-B Construction,Type V (wood-frame),,656700.0,,yes,660 N BIENVENEDA AVE,34.0475,-118.5401
26010-10000-02800,Pacific Palisades,90272,Brentwood - Pacific Palisades,yes,Dwelling - Single Family,2026-06-30,,,In plan check,Verifications in Progress,2026-09-02,Type V-B Construction,Type V (wood-frame),,1200000.0,23.17,yes,481 N ALMAR AVE,34.0419,-118.5377
26010-10000-03007,Pacific Palisades,90272,Brentwood - Pacific Palisades,no,Dwelling - Single Family,2026-06-30,,,In plan check,Quality Review Completed,2026-07-07,Type V-A Construction,Type V (wood-frame),3600.37,1000000.0,26.95,yes,941 N KAGAWA ST,34.0472,-118.5181
26010-10000-03010,Pacific Palisades,90272,Brentwood - Pacific Palisades,no,Dwelling - Single Family,2026-06-30,,,In plan check,Verifications in Progress,2026-08-24,Type V-B Construction,Type V (wood-frame),1048.0,750000.0,17.58,yes,1014 N HARTZELL ST,34.048,-118.5201
26010-10000-03124,Pacific Palisades,90272,Brentwood - Pacific Palisades,yes,,2026-06-30,,,In plan check,Quality Review Completed,2026-07-08,Type V-B Construction,Type V (wood-frame),3204.0,2130000.0,28.86,yes,1348 N DUENDE LANE,34.06,-118.5482
26010-10000-03270,Pacific Palisades,90272,Brentwood - Pacific Palisades,no,Accessory Dwelling Unit,2026-06-30,,,In plan check,Verifications in Progress,2026-08-24,Type V-B Construction,Type V (wood-frame),415.0,50000.0,16.0,yes,1012 N HARTZELL ST,34.048,-118.5199
26010-20000-03152,Encino / Tarzana,91316,Encino - Tarzana,no,Accessory Dwelling Unit,2026-06-30,,,In plan check,Corrections Issued,2026-07-08,Type V-B Construction,Type V (wood-frame),1412.0,120000.0,14.33,no,5934 N WHITE OAK AVE,34.1785,-118.5182
26010-30000-03216,Pacific Palisades,90272,Brentwood - Pacific Palisades,no,Accessory Dwelling Unit,2026-06-30,,,In plan check,Quality Review Completed,2026-07-07,Type V-A Construction,Type V (wood-frame),555.75,80000.0,13.5,yes,941 N KAGAWA ST,34.0472,-118.5181
26010-10000-02797,Pacific Palisades,90272,Brentwood - Pacific Palisades,yes,Dwelling - Single Family,2026-07-01,,,In plan check,Verifications in Progress,2026-08-18,Type V-B Construction,Type V (wood-frame),2840.0,1200000.0,17.0,yes,1075 N LAS PULGAS ROAD,34.0524,-118.5393
26010-10000-02937,Pacific Palisades,90272,Brentwood - Pacific Palisades,no,Dwelling - Single Family,2026-07-01,,,In plan check,Quality Review Completed,2026-07-14,Type V-B Construction,Type V (wood-frame),,1100000.0,29.67,yes,14801 W SUNSET BLVD,34.0422,-118.5193
26010-10000-03150,Brentwood,90049,Bel Air - Beverly Crest,yes,Accessory Dwelling Unit,2026-07-01,,,In plan check,Quality Review Completed,2026-08-03,Type V-B Construction,Type V (wood-frame),,500000.0,,no,1378 N CASIANO ROAD,34.0882,-118.4721
26010-10000-03172,Pacific Palisades,90272,Brentwood - Pacific Palisades,yes,Dwelling - Single Family,2026-07-01,,,In plan check,Quality Review Completed,2026-07-14,Type V-B Construction,Type V (wood-frame),1958.0,595750.0,17.33,yes,855 N RADCLIFFE AVE,34.0469,-118.5295
26010-10000-03379,Pacific Palisades,90272,Brentwood - Pacific Palisades,no,Garage - Private,2026-07-01,,,In plan check,Quality Review Completed,2026-07-14,Type V-B Construction,Type V (wood-frame),373.0,50000.0,24.75,yes,14801 W SUNSET BLVD,34.0422,-118.5193
26010-20000-03184,Pacific Palisades,90272,Brentwood - Pacific Palisades,no,,2026-07-01,,,In plan check,Verifications in Progress,2026-07-24,Type V-B Construction,Type V (wood-frame),,580000.0,,yes,16751 W LIVORNO DR,34.0452,-118.5442
26010-30000-03181,Pacific Palisades,90272,Brentwood - Pacific Palisades,no,Accessory Dwelling Unit,2026-07-01,,,In plan check,Verifications in Progress,2026-08-26,Type V-B Construction,Type V (wood-frame),3626.0,150000.0,,yes,1149 N HARTZELL ST,34.0507,-118.5211
26010-30000-03182,Pacific Palisades,90272,Brentwood - Pacific Palisades,yes,Dwelling - Single Family,2026-07-01,,,In plan check,Quality Review Completed,2026-07-13,Type V-B Construction,Type V (wood-frame),,600000.0,,yes,13723 W ROMANY DR,34.0547,-118.5057
26010-30000-03185,Pacific Palisades,90272,Brentwood - Pacific Palisades,no,Dwelling - Single Family,2026-07-01,,,In plan check,PC Info Complete,2026-09-03,Type V-B Construction,Type V (wood-frame),3552.0,350000.0,25.33,yes,855 N HARTZELL ST,34.0449,-118.5197
26010-30000-03186,Pacific Palisades,90272,Brentwood - Pacific Palisades,yes,Dwelling - Single Family,2026-07-01,,,In plan check,Verifications in Progress,2026-08-26,Type V-B Construction,Type V (wood-frame),,485000.0,,yes,1216 N LACHMAN LANE,34.0577,-118.5457
25010-20001-05873,Encino / Tarzana,91356,Encino - Tarzana,yes,,2026-07-02,,,In plan check,Quality Review Completed,2026-07-17,,Not stated,,81000.0,,no,18619 W ROSITA ST,34.1545,-118.5366
26010-10000-02587,Pacific Palisades,90272,Brentwood - Pacific Palisades,no,Dwelling - Single Family,2026-07-02,,,In plan check,Quality Review Completed,2026-07-21,Type V-B Construction,Type V (wood-frame),,2292600.0,,yes,726 N OCAMPO DR,34.0412,-118.5209
26010-10000-02798,Pacific Palisades,90272,Brentwood - Pacific Palisades,no,Dwelling - Single Family,2026-07-02,,,In plan check,Verifications in Progress,2026-09-09,Type V-B Construction,Type V (wood-frame),,1900000.0,,yes,15303 W EARLHAM ST,34.0379,-118.5272
26010-10000-02949,Pacific Palisades,90272,Brentwood - Pacific Palisades,no,Dwelling - Single Family,2026-07-02,,,In plan check,Verifications in Progress,2026-08-31,Type V-B Construction,Type V (wood-frame),4327.6,200000.0,27.95,yes,14611 W DRUMMOND ST,34.0437,-118.5178
26010-10000-02952,Pacific Palisades,90272,Brentwood - Pacific Palisades,no,Accessory Dwelling Unit,2026-07-02,,,In plan check,Quality Review Completed,2026-07-16,Type V-B Construction,Type V (wood-frame),354.0,160000.0,15.17,yes,14611 W DRUMMOND ST,34.0437,-118.5178
26010-10000-03056,Pacific Palisades,90272,Brentwood - Pacific Palisades,yes,Dwelling - Single Family,2026-07-02,,,In plan check,Verifications in Progress,2026-09-09,,Not stated,,1800000.0,,yes,945 N GLENHAVEN DR,34.0523,-118.5456
26010-10000-03059,Pacific Palisades,90272,Brentwood - Pacific Palisades,no,Dwelling - Single Family,2026-07-02,,,In plan check,Verifications in Progress,2026-09-11,Type V-B Construction,Type V (wood-frame),,900000.0,,yes,16045 W AIGLON ST,34.0449,-118.5376
26010-10000-03075,Pacific Palisades,90272,Brentwood - Pacific Palisades,yes,Dwelling - Single Family,2026-07-02,,,In plan check,PC Info Complete,2026-08-19,Type V-B Construction,Type V (wood-frame),4554.0,850000.0,30.75,yes,745 N LACHMAN LANE,34.0496,-118.5459
26010-10000-03359,Pacific Palisades,90272,Brentwood - Pacific Palisades,no,Garage - Private,2026-07-02,,,In plan check,Verifications in Progress,2026-09-09,Type V-B Construction,Type V (wood-frame),,50000.0,,yes,15303 W EARLHAM ST,34.0379,-118.5272
26010-10000-03727,Pacific Palisades,90272,Brentwood - Pacific Palisades,no,Accessory Dwelling Unit,2026-07-02,,,In plan check,Verifications in Progress,2026-09-11,Type V-B Construction,Type V (wood-frame),,50000.0,,yes,16045 W AIGLON ST,34.0449,-118.5376
26010-20000-03211,Encino / Tarzana,91436,Encino - Tarzana,no,Recreation Room,2026-07-02,2026-07-22,,Issued (under construction),Issued,2026-07-22,Type V-B Construction,Type V (wood-frame),0.0,45000.0,13.59,no,16205 W MORRISON ST,34.1605,-118.4858
26010-30000-03203,Brentwood,90049,Brentwood - Pacific Palisades,yes,Recreation Room,2026-07-02,,,In plan check,Verifications in Progress,2026-08-18,Type V-B Construction,Type V (wood-frame),290.0,2501.0,,no,720 N BONHILL ROAD,34.0712,-118.4819
26010-30000-03207,Pacific Palisades,90272,Brentwood - Pacific Palisades,yes,Dwelling - Single Family,2026-07-02,2026-09-09,,Issued (under construction),Issued,2026-09-09,Type V-B Construction,Type V (wood-frame),2387.0,500000.0,27.0,yes,669 N LAS LOMAS AVE,34.048,-118.5391
26010-30000-03208,Pacific Palisades,90272,Brentwood - Pacific Palisades,yes,Dwelling - Single Family,2026-07-02,,,In plan check,Quality Review Completed,2026-07-15,Type V-B Construction,Type V (wood-frame),2739.14,750000.0,,yes,1018 N VILLA GROVE DR,34.0485,-118.5139
26010-30000-03215,Pacific Palisades,90272,Brentwood - Pacific Palisades,yes,Dwelling - Single Family,2026-07-02,,,In plan check,Quality Review Completed,2026-07-15,Type V-B Construction,Type V (wood-frame),6898.0,800000.0,30.0,yes,15475 W ALBRIGHT ST,34.0509,-118.527
26010-30000-03785,Pacific Palisades,90272,Brentwood - Pacific Palisades,no,Recreation Room,2026-07-02,,,In plan check,Quality Review Completed,2026-07-21,Type V-B Construction,Type V (wood-frame),,35000.0,,yes,726 N OCAMPO DR,34.0412,-118.5209
26010-10000-03173,Encino / Tarzana,91356,Encino - Tarzana,no,,2026-07-06,,,In plan check,Quality Review Completed,2026-07-17,,Not stated,,2000000.0,,no,5852 N CORBIN AVE,34.1773,-118.562
26010-10000-03200,Pacific Palisades,90272,Brentwood - Pacific Palisades,no,Dwelling - Single Family,2026-07-06,,,In plan check,Verifications in Progress,2026-09-10,Type V-B Construction,Type V (wood-frame),,545129.0,,yes,1018 N KAGAWA ST,34.0483,-118.5181
26010-10000-03722,Encino / Tarzana,91356,Encino - Tarzana,no,,2026-07-06,,,In plan check,Quality Review Completed,2026-07-17,,Not stated,,,,no,5852 N CORBIN AVE,34.1773,-118.562
26010-10000-03723,Encino / Tarzana,91356,Encino - Tarzana,no,,2026-07-06,,,In plan check,Quality Review Completed,2026-07-17,,Not stated,,,,no,5852 N CORBIN AVE,34.1773,-118.562
26010-10000-03724,Encino / Tarzana,91356,Encino - Tarzana,no,,2026-07-06,,,In plan check,Quality Review Completed,2026-07-17,,Not stated,,,,no,5852 N CORBIN AVE,34.1773,-118.562
26010-10000-03725,Encino / Tarzana,91356,Encino - Tarzana,no,,2026-07-06,,,In plan check,Quality Review Completed,2026-07-17,,Not stated,,,,no,5852 N CORBIN AVE,34.1773,-118.562
26010-10000-03726,Encino / Tarzana,91356,Encino - Tarzana,no,,2026-07-06,,,In plan check,Quality Review Completed,2026-07-17,,Not stated,,,,no,5852 N CORBIN AVE,34.1773,-118.562
25010-10000-04726,Pacific Palisades,90272,Brentwood - Pacific Palisades,yes,Dwelling - Single Family,2026-07-07,,,In plan check,Quality Review Completed,2026-07-21,Type V-B Construction,Type V (wood-frame),,1168706.0,,yes,1158 N CHAUTAUQUA BLVD,34.0515,-118.5179
26010-10000-03402,Pacific Palisades,90272,Brentwood - Pacific Palisades,yes,Accessory Dwelling Unit,2026-07-07,,,In plan check,Quality Review Completed,2026-07-21,Type III-A Construction,Type III/IV (mixed / heavy timber),,150000.0,,no,1158 N CHAUTAUQUA BLVD,34.0515,-118.5179
26010-10000-03074,Pacific Palisades,90272,Brentwood - Pacific Palisades,no,Dwelling - Single Family,2026-07-08,,,In plan check,Quality Review Completed,2026-07-22,Type V-B Construction,Type V (wood-frame),,428759.0,,yes,943 N EMBURY ST,34.0464,-118.5231
26010-10000-04175,Bel Air / Beverly Crest,90210,Bel Air - Beverly Crest,yes,Accessory Dwelling Unit,2026-07-08,,,In plan check,Quality Review Completed,2026-08-18,Type V-B Construction,Type V (wood-frame),,120630.0,,no,2930 N HUTTON DR,34.1243,-118.4253
26010-20000-03289,Brentwood,90049,Brentwood - Pacific Palisades,no,Dwelling - Single Family,2026-07-08,,,In plan check,Quality Review Completed,2026-07-15,Type V-B Construction,Type V (wood-frame),,1000000.0,,no,157 N WOODBURN DR,34.0708,-118.471
26010-30000-03274,Pacific Palisades,90272,Brentwood - Pacific Palisades,yes,Dwelling - Single Family,2026-07-08,2026-09-10,,Issued (under construction),Issued,2026-09-10,Type V-B Construction,Type V (wood-frame),4211.0,850000.0,30.42,yes,608 N LAS CASAS AVE,34.0463,-118.5428
26010-10000-03057,Pacific Palisades,90272,Brentwood - Pacific Palisades,no,Dwelling - Single Family,2026-07-09,,,In plan check,Quality Review Completed,2026-07-13,,Not stated,,1120000.0,,yes,604 N EL CERCO PL,34.0388,-118.5226
26010-10000-03138,Pacific Palisades,90272,Brentwood - Pacific Palisades,no,Accessory Dwelling Unit,2026-07-09,,,In plan check,Corrections Issued,2026-07-10,Type V-B Construction,Type V (wood-frame),335.0,45000.0,12.6,no,604 N EL CERCO PL,34.0388,-118.5226
26010-10000-03269,Pacific Palisades,90272,Brentwood - Pacific Palisades,yes,Dwelling - Single Family,2026-07-09,,,In plan check,Verifications in Progress,2026-09-02,Type V-B Construction,Type V (wood-frame),,279745.0,,yes,690 N PALMERA AVE,34.0479,-118.5381
26010-20000-03318,Encino / Tarzana,91316,Encino - Tarzana,yes,Accessory Dwelling Unit,2026-07-09,,,In plan check,Quality Review Completed,2026-07-23,Type V-B Construction,Type V (wood-frame),,100000.0,,no,4727 N LOUISE AVE,34.1557,-118.51
26010-30000-03265,Pacific Palisades,90272,Brentwood - Pacific Palisades,yes,Dwelling - Single Family,2026-07-09,,,In plan check,Verifications in Progress,2026-08-07,Type V-B Construction,Type V (wood-frame),,600000.0,,yes,16918 W DONNA YNEZ LANE,34.0474,-118.5503
24014-30005-00827,Brentwood,90049,Brentwood - Pacific Palisades,yes,Dwelling - Single Family,2026-07-10,,,In plan check,Verifications in Progress,2026-09-08,Type V-B Construction,Type V (wood-frame),15911.41,2501.0,36.0,no,688 N MAC CULLOCH DR,34.074,-118.4743
26010-30000-03322,Pacific Palisades,90272,Brentwood - Pacific Palisades,no,Dwelling - Single Family,2026-07-10,,,In plan check,Quality Review Completed,2026-07-21,Type V-B Construction,Type V (wood-frame),2264.0,400000.0,16.17,yes,1129 N ILIFF ST,34.0502,-118.5198
26010-30000-03340,Bel Air / Beverly Crest,90210,Bel Air - Beverly Crest,yes,Duplex,2026-07-10,,,In plan check,Quality Review Completed,2026-08-03,Type V-B Construction,Type V (wood-frame),,1500000.0,,no,1373 N LAUREL WAY,34.0967,-118.4179
26010-30000-03341,Bel Air / Beverly Crest,90210,Bel Air - Beverly Crest,yes,Accessory Dwelling Unit,2026-07-10,,,In plan check,Quality Review Completed,2026-08-03,Type V-B Construction,Type V (wood-frame),,300000.0,,no,1373 N LAUREL WAY,34.0967,-118.4179
26010-30000-03342,Pacific Palisades,90272,Brentwood - Pacific Palisades,yes,Dwelling - Single Family,2026-07-10,,,In plan check,Verifications in Progress,2026-09-03,Type V-B Construction,Type V (wood-frame),,350000.0,,yes,1033 N LACHMAN LANE,34.0539,-118.5456
26010-30000-03339,Pacific Palisades,90272,Brentwood - Pacific Palisades,yes,Dwelling - Single Family,2026-07-12,,,In plan check,Verifications in Progress,2026-08-20,,Not stated,,828000.0,42.0,yes,16544 W AKRON ST,34.0505,-118.5429
26010-30000-03380,Pacific Palisades,90272,Brentwood - Pacific Palisades,yes,Dwelling - Single Family,2026-07-13,2026-09-11,,Issued (under construction),Issued,2026-09-11,Type V-B Construction,Type V (wood-frame),2232.0,250000.0,24.25,yes,534-536 N ERSKINE DR,34.0419,-118.5336
26010-30000-03383,Pacific Palisades,90272,Brentwood - Pacific Palisades,no,Dwelling - Single Family,2026-07-13,,,In plan check,Quality Review Completed,2026-07-21,Type V-B Construction,Type V (wood-frame),,650000.0,,yes,321 N LOMBARD AVE,34.0359,-118.5279
26010-30000-03384,Pacific Palisades,90272,Brentwood - Pacific Palisades,no,Recreation Room,2026-07-13,,,In plan check,Quality Review Completed,2026-07-21,Type V-B Construction,Type V (wood-frame),,25000.0,,yes,321 N LOMBARD AVE,34.0359,-118.5279
26010-30000-03386,Pacific Palisades,90272,Brentwood - Pacific Palisades,no,Dwelling - Single Family,2026-07-13,,,In plan check,Verifications in Progress,2026-09-11,Type V-B Construction,Type V (wood-frame),4687.0,700000.0,25.23,yes,438 N ALMAR AVE,34.0409,-118.5384
26010-10000-03063,Pacific Palisades,90272,Brentwood - Pacific Palisades,yes,,2026-07-14,,,In plan check,Quality Review Completed,2026-07-22,,Not stated,,200000.0,,no,948 N LACHMAN LANE,34.0528,-118.5444
26010-10000-03065,Pacific Palisades,90272,Brentwood - Pacific Palisades,yes,Dwelling - Single Family,2026-07-14,,,In plan check,Verifications in Progress,2026-08-12,Type V-B Construction,Type V (wood-frame),,1100000.0,,yes,15026 W MCKENDREE AVE,34.0524,-118.5238
26010-10000-03226,Pacific Palisades,90272,Brentwood - Pacific Palisades,no,Dwelling - Single Family,2026-07-14,,,In plan check,Quality Review Completed,2026-07-20,Type V-B Construction,Type V (wood-frame),,554979.0,,yes,1042 N FISKE ST,34.0484,-118.5223
26010-10000-03266,Pacific Palisades,90272,Brentwood - Pacific Palisades,no,Dwelling - Single Family,2026-07-14,,,In plan check,PC Info Complete,2026-08-27,Type V-B Construction,Type V (wood-frame),3423.0,940000.0,26.83,yes,851 N ILIFF ST,34.045,-118.5186
26010-10000-03385,Pacific Palisades,90272,Brentwood - Pacific Palisades,yes,Dwelling - Single Family,2026-07-14,,,In plan check,Verifications in Progress,2026-08-20,Type V-B Construction,Type V (wood-frame),,500000.0,,yes,16426 W AKRON ST,34.0505,-118.5401
26010-10000-03416,Pacific Palisades,90272,Brentwood - Pacific Palisades,yes,,2026-07-14,,,In plan check,Quality Review Completed,2026-07-23,,Not stated,,500000.0,,yes,1060 N GLENHAVEN DR,34.0542,-118.5472
26010-10000-03417,Pacific Palisades,90272,Brentwood - Pacific Palisades,yes,,2026-07-14,,,In plan check,Quality Review Completed,2026-07-23,,Not stated,,100000.0,,no,1060 N GLENHAVEN DR,34.0542,-118.5472
26010-10000-03742,Pacific Palisades,90272,Brentwood - Pacific Palisades,no,Accessory Dwelling Unit,2026-07-14,,,In plan check,PC Info Complete,2026-08-27,Type V-B Construction,Type V (wood-frame),800.0,120000.0,16.0,no,851 N ILIFF ST,34.045,-118.5186
26010-10000-03786,Pacific Palisades,90272,Brentwood - Pacific Palisades,yes,,2026-07-14,,,In plan check,Quality Review Completed,2026-07-22,,Not stated,,,,no,948 N LACHMAN LANE,34.0528,-118.5444
26010-10000-03787,Pacific Palisades,90272,Brentwood - Pacific Palisades,yes,,2026-07-14,,,In plan check,Quality Review Completed,2026-07-22,,Not stated,,,,no,948 N LACHMAN LANE,34.0528,-118.5444
26010-20000-03415,Encino / Tarzana,91356,Encino - Tarzana,no,Accessory Dwelling Unit,2026-07-14,2026-08-26,,Issued (under construction),Issued,2026-08-26,Type V-B Construction,Type V (wood-frame),800.0,90000.0,11.92,no,5834 N CALVIN AVE,34.1769,-118.5555
26010-20000-03420,Brentwood,90049,Brentwood - Pacific Palisades,yes,Dwelling - Single Family,2026-07-14,,,In plan check,Quality Review Completed,2026-08-07,,Not stated,6324.0,1100000.0,,no,385 N SALTAIR AVE,34.0693,-118.4749
26010-30000-03403,Pacific Palisades,90272,Brentwood - Pacific Palisades,yes,Dwelling - Single Family,2026-07-14,,,In plan check,Verifications in Progress,2026-08-13,Type V-B Construction,Type V (wood-frame),,486000.0,,yes,15300 W WHITFIELD AVE,34.0519,-118.5256
26010-30000-03405,Pacific Palisades,90272,Brentwood - Pacific Palisades,no,Dwelling - Single Family,2026-07-14,,,In plan check,Quality Review Completed,2026-07-23,Type V-B Construction,Type V (wood-frame),2804.0,1000000.0,15.17,yes,921 N CHAUTAUQUA BLVD,34.0468,-118.5167
26010-30000-03411,Pacific Palisades,90272,Brentwood - Pacific Palisades,yes,Dwelling - Single Family,2026-07-14,,,In plan check,Verifications in Progress,2026-08-26,Type V-B Construction,Type V (wood-frame),,500000.0,,yes,743 N ENCHANTED WAY,34.0495,-118.5494
26010-30000-03414,Pacific Palisades,90272,Brentwood - Pacific Palisades,yes,,2026-07-14,,,In plan check,Verifications in Progress,2026-08-27,Type V-B Construction,Type V (wood-frame),3123.24,500000.0,21.5,yes,751 N ENCHANTED WAY,34.0497,-118.5493
26010-10000-01439,Pacific Palisades,90272,Brentwood - Pacific Palisades,no,,2026-07-15,,,In plan check,Quality Review Completed,2026-08-05,,Not stated,,6800000.0,,yes,817 N ILIFF ST,34.044,-118.5184
26010-10000-03354,Pacific Palisades,90272,Brentwood - Pacific Palisades,no,Dwelling - Single Family,2026-07-15,,,In plan check,Quality Review Completed,2026-07-29,Type V-B Construction,Type V (wood-frame),,655000.0,,yes,954 N FISKE ST,34.0469,-118.522
26010-30000-03601,Pacific Palisades,90272,Brentwood - Pacific Palisades,no,Dwelling - Single Family,2026-07-15,,,In plan check,Quality Review Completed,2026-07-31,Type V-B Construction,Type V (wood-frame),,500000.0,,yes,15295 W EARLHAM ST,34.0379,-118.5267
26010-30000-03603,Pacific Palisades,90272,Brentwood - Pacific Palisades,no,Dwelling - Single Family,2026-07-15,,,In plan check,Verifications in Progress,2026-08-31,Type V-B Construction,Type V (wood-frame),,600000.0,,yes,350 N BEIRUT AVE,34.037,-118.5306
26010-30000-03604,Pacific Palisades,90272,Brentwood - Pacific Palisades,no,Garage - Private,2026-07-15,,,In plan check,Verifications in Progress,2026-08-31,Type V-B Construction,Type V (wood-frame),,25000.0,,yes,350 N BEIRUT AVE,34.037,-118.5306
26010-30000-03658,Pacific Palisades,90272,Brentwood - Pacific Palisades,no,Dwelling - Single Family,2026-07-15,,,In plan check,Verifications in Progress,2026-09-01,Type V-B Construction,Type V (wood-frame),1498.0,500000.0,15.5,yes,1105 N MONUMENT ST,34.049,-118.5249
26010-10000-03217,Pacific Palisades,90272,Brentwood - Pacific Palisades,yes,Dwelling - Single Family,2026-07-16,,,In plan check,Quality Review Completed,2026-08-04,Type V-B Construction,Type V (wood-frame),,1400000.0,,yes,655 N ALMA REAL DR,34.0397,-118.5241
26010-10000-03296,Pacific Palisades,90272,Brentwood - Pacific Palisades,no,Dwelling - Single Family,2026-07-16,,,In plan check,Quality Review Completed,2026-08-17,Type V-B Construction,Type V (wood-frame),,950000.0,,yes,1141 N VIA DE LA PAZ,34.0503,-118.5265
26010-10000-03605,Pacific Palisades,90272,Brentwood - Pacific Palisades,yes,Dwelling - Single Family,2026-07-16,,,In plan check,Quality Review Completed,2026-08-05,Type V-B Construction,Type V (wood-frame),,375000.0,22.17,yes,811 N RADCLIFFE AVE,34.0458,-118.5301
26010-10000-04033,Pacific Palisades,90272,Brentwood - Pacific Palisades,no,,2026-07-16,,,In plan check,Quality Review Completed,2026-08-17,,Not stated,,100000.0,,yes,1141 N VIA DE LA PAZ,34.0503,-118.5265
26010-30000-03715,Pacific Palisades,90272,Brentwood - Pacific Palisades,no,Dwelling - Single Family,2026-07-16,,,In plan check,Verifications in Progress,2026-09-10,Type V-B Construction,Type V (wood-frame),4513.0,1500000.0,22.56,yes,1107 N CHAUTAUQUA BLVD,34.05,-118.5177
26010-10000-02801,Pacific Palisades,90272,Brentwood - Pacific Palisades,yes,Dwelling - Single Family,2026-07-17,,,In plan check,Quality Review Completed,2026-08-06,Type V-B Construction,Type V (wood-frame),,293260.0,,no,644 N LAS CASAS AVE,34.0472,-118.5421
26010-10000-03227,Pacific Palisades,90272,Brentwood - Pacific Palisades,no,,2026-07-17,,,In plan check,Quality Review Completed,2026-08-21,,Not stated,,1200000.0,,yes,701 N HAVERFORD AVE,34.0431,-118.5295
26010-10000-03348,Pacific Palisades,90272,Brentwood - Pacific Palisades,yes,Dwelling - Single Family,2026-07-17,,,In plan check,Verifications in Progress,2026-09-02,Type V-B Construction,Type V (wood-frame),,100000.0,,no,680 N BIENVENEDA AVE,34.0481,-118.5398
26010-10000-04121,Pacific Palisades,90272,Brentwood - Pacific Palisades,no,,2026-07-17,,,In plan check,Quality Review Completed,2026-08-21,,Not stated,,50000.0,,yes,701 N HAVERFORD AVE,34.0431,-118.5295
26010-30000-03746,Pacific Palisades,90272,Brentwood - Pacific Palisades,yes,Dwelling - Single Family,2026-07-17,,,In plan check,Verifications in Progress,2026-08-26,Type V-B Construction,Type V (wood-frame),,692000.0,,yes,16882 W CHARMEL LANE,34.0641,-118.5517
26010-30000-03747,Pacific Palisades,90272,Brentwood - Pacific Palisades,no,Dwelling - Single Family,2026-07-17,,,In plan check,Verifications in Progress,2026-09-01,Type V-B Construction,Type V (wood-frame),,1200000.0,,yes,1027 N KAGAWA ST,34.0486,-118.5184
26010-10000-03060,Pacific Palisades,90272,Brentwood - Pacific Palisades,yes,Dwelling - Single Family,2026-07-20,,,In plan check,Quality Review Completed,2026-08-03,Type V-B Construction,Type V (wood-frame),,999999.0,,no,1054 N VILLA VIEW DR,34.0494,-118.5142
26010-20000-03765,Pacific Palisades,90272,Brentwood - Pacific Palisades,yes,,2026-07-20,,,In plan check,Quality Review Completed,2026-07-29,Type V-B Construction,Type V (wood-frame),,800000.0,,no,635-641 N LACHMAN LANE,34.048,-118.5467
26010-30000-03770,Pacific Palisades,90272,Brentwood - Pacific Palisades,no,Dwelling - Single Family,2026-07-20,,,In plan check,Verifications in Progress,2026-08-28,Type V-B Construction,Type V (wood-frame),7508.0,3000000.0,30.0,yes,807 N ILIFF ST,34.0438,-118.5184
26010-30000-03783,Pacific Palisades,90272,Brentwood - Pacific Palisades,yes,Dwelling - Single Family,2026-07-20,,,In plan check,Quality Review Completed,2026-07-27,Type V-B Construction,Type V (wood-frame),,1080000.0,,yes,15432 W ALBRIGHT ST,34.0498,-118.5276
26010-10000-03062,Pacific Palisades,90272,Brentwood - Pacific Palisades,no,Dwelling - Single Family,2026-07-21,,,In plan check,Quality Review Completed,2026-08-04,Type V-B Construction,Type V (wood-frame),,657985.0,,yes,1170 N EMBURY ST,34.0509,-118.5239
26010-10000-03766,Pacific Palisades,90272,Brentwood - Pacific Palisades,yes,Dwelling - Single Family,2026-07-21,2026-08-17,,Issued (under construction),Issued,2026-08-17,Type V-B Construction,Type V (wood-frame),5422.0,1221000.0,28.7,yes,878 N OREO PL,34.05,-118.5382
26010-10000-03905,Pacific Palisades,90272,Brentwood - Pacific Palisades,no,Accessory Dwelling Unit,2026-07-21,,,In plan check,Quality Review Completed,2026-08-04,Type V-B Construction,Type V (wood-frame),,100000.0,,yes,1170 N EMBURY ST,34.0509,-118.5239
26010-20000-03803,Encino / Tarzana,91356,Encino - Tarzana,no,Dwelling - Single Family,2026-07-21,,,In plan check,Quality Review Completed,2026-07-29,Type V-B Construction,Type V (wood-frame),3148.8,500000.0,28.0,no,5160 N AVENIDA ORIENTE,34.1649,-118.5315
26010-30000-03800,Pacific Palisades,90272,Brentwood - Pacific Palisades,no,Dwelling - Single Family,2026-07-21,,,In plan check,Quality Review Completed,2026-07-28,Type V-B Construction,Type V (wood-frame),,850000.0,,yes,826 N ALMA REAL DR,34.0434,-118.5236
26010-30000-03806,Pacific Palisades,90272,Brentwood - Pacific Palisades,no,Dwelling - Single Family,2026-07-21,,,In plan check,Verifications in Progress,2026-08-20,Type V-B Construction,Type V (wood-frame),2202.37,400000.0,19.58,yes,559 N ERSKINE DR,34.0425,-118.5337
26010-20000-03836,Pacific Palisades,90272,Brentwood - Pacific Palisades,yes,Accessory Dwelling Unit,2026-07-22,,,In plan check,Corrections Issued,2026-07-29,Type V-A Construction,Type V (wood-frame),324.0,95000.0,13.0,no,737 N VIA DE LA PAZ,34.0438,-118.5281
26010-30000-03816,Pacific Palisades,90272,Brentwood - Pacific Palisades,yes,Dwelling - Single Family,2026-07-22,,,In plan check,Verifications in Progress,2026-09-10,Type V-A Construction,Type V (wood-frame),5198.0,2000000.0,34.47,yes,509 N MOUNT HOLYOKE AVE,34.0392,-118.5314
26010-30000-03839,Pacific Palisades,90272,Brentwood - Pacific Palisades,yes,Dwelling - Single Family,2026-07-22,,,In plan check,Verifications in Progress,2026-09-10,Type V-B Construction,Type V (wood-frame),,1300000.0,,yes,16162 W ALCIMA AVE,34.0499,-118.5366
26010-30000-03840,Pacific Palisades,90272,Brentwood - Pacific Palisades,yes,Dwelling - Single Family,2026-07-22,,,In plan check,Verifications in Progress,2026-09-10,Type V-B Construction,Type V (wood-frame),,1260000.0,,yes,16168 W ALCIMA AVE,34.0499,-118.5367
26010-30000-03841,Pacific Palisades,90272,Brentwood - Pacific Palisades,yes,Dwelling - Single Family,2026-07-22,,,In plan check,Verifications in Progress,2026-09-10,Type V-B Construction,Type V (wood-frame),,1310000.0,27.5,yes,16174 W ALCIMA AVE,34.0499,-118.5368
26014-30001-01147,Brentwood,90049,Brentwood - Pacific Palisades,no,Accessory Dwelling Unit,2026-07-22,2026-07-22,,Issued (under construction),Issued,2026-07-22,Type V-B Construction,Type V (wood-frame),1090.0,29000.0,16.33,no,1613 N OLD OAK ROAD,34.0609,-118.4966
26010-10000-03079,Pacific Palisades,90272,Brentwood - Pacific Palisades,yes,Dwelling - Single Family,2026-07-23,,,In plan check,Verifications in Progress,2026-09-03,Type V-B Construction,Type V (wood-frame),,1150000.0,,yes,689 N BIENVENEDA AVE,34.0485,-118.5399
26010-10000-03349,Pacific Palisades,90272,Brentwood - Pacific Palisades,yes,Dwelling - Single Family,2026-07-23,,,In plan check,Quality Review Completed,2026-08-05,Type V-B Construction,Type V (wood-frame),,575000.0,,yes,16327 W AKRON ST,34.0498,-118.54
26010-10000-03602,Pacific Palisades,90272,Brentwood - Pacific Palisades,yes,Dwelling - Single Family,2026-07-23,,,In plan check,PC Info Complete,2026-08-26,Type V-B Construction,Type V (wood-frame),3125.0,750000.0,24.67,no,841 N BIENVENEDA AVE,34.05,-118.5393
26010-10000-03760,Pacific Palisades,90272,Brentwood - Pacific Palisades,no,Dwelling - Single Family,2026-07-23,,,In plan check,Quality Review Completed,2026-07-30,Type V-B Construction,Type V (wood-frame),,525000.0,,yes,611 N BAYLOR ST,34.0465,-118.5434
26010-20000-03861,Bel Air / Beverly Crest,90210,Bel Air - Beverly Crest,yes,Accessory Dwelling Unit,2026-07-23,,,In plan check,Quality Review Completed,2026-08-17,,Not stated,,350000.0,,no,1501 N TOWER GROVE DR,34.0986,-118.4274
26010-30000-03854,Pacific Palisades,90272,Brentwood - Pacific Palisades,no,Dwelling - Single Family,2026-07-23,,,In plan check,Verifications in Progress,2026-08-27,Type V-B Construction,Type V (wood-frame),,765000.0,27.5,yes,15000 W SUNSET BLVD,34.0439,-118.522
26010-30000-03859,Pacific Palisades,90272,Brentwood - Pacific Palisades,no,Dwelling - Single Family,2026-07-23,,,In plan check,Quality Review Completed,2026-08-12,Type V-B Construction,Type V (wood-frame),,500000.0,,yes,1030 N ILIFF ST,34.0486,-118.5192
26010-30000-03860,Pacific Palisades,90272,Brentwood - Pacific Palisades,no,Accessory Dwelling Unit,2026-07-23,,,In plan check,Quality Review Completed,2026-08-12,Type V-B Construction,Type V (wood-frame),,100000.0,,yes,1030 N ILIFF ST,34.0486,-118.5192
26010-10000-03350,Pacific Palisades,90272,Brentwood - Pacific Palisades,no,Dwelling - Single Family,2026-07-24,,,In plan check,Quality Review Completed,2026-08-05,Type V-B Construction,Type V (wood-frame),,400000.0,28.0,yes,701 N WILDOMAR ST,34.0471,-118.5361
26010-10000-03714,Brentwood,90049,Brentwood - Pacific Palisades,no,Dwelling - Single Family,2026-07-24,,,In plan check,Verifications in Progress,2026-09-08,Type V-B Construction,Type V (wood-frame),,2000000.0,,no,721 S BRISTOL AVE,34.0452,-118.4804
26010-10000-03768,Pacific Palisades,90272,Brentwood - Pacific Palisades,yes,Accessory Dwelling Unit,2026-07-24,,,In plan check,Quality Review Completed,2026-08-07,Type V-B Construction,Type V (wood-frame),1198.0,175000.0,16.13,no,14631 W BESTOR BLVD,34.0515,-118.5192
26010-10000-03851,Pacific Palisades,90272,Brentwood - Pacific Palisades,yes,Dwelling - Single Family,2026-07-24,,,In plan check,Quality Review Completed,2026-08-07,Type V-B Construction,Type V (wood-frame),644.0,497590.0,,yes,661 N VIA SANTA YNEZ,34.0469,-118.5483
26010-10000-03983,Pacific Palisades,90272,Brentwood - Pacific Palisades,yes,Accessory Dwelling Unit,2026-07-24,,,In plan check,Quality Review Completed,2026-08-07,Type V-B Construction,Type V (wood-frame),644.0,150000.0,,yes,661 N VIA SANTA YNEZ,34.0469,-118.5483
26010-10000-04016,Pacific Palisades,90272,Brentwood - Pacific Palisades,no,,2026-07-24,,,In plan check,Quality Review Completed,2026-08-05,,Not stated,,30000.0,,yes,701 N WILDOMAR ST,34.0471,-118.5361
26010-20000-03872,Encino / Tarzana,91316,Encino - Tarzana,no,Duplex,2026-07-24,,,In plan check,Submitted for Quality Review,2026-08-12,Type V-B Construction,Type V (wood-frame),3158.6,319018.6,18.67,no,5835 N SHOSHONE AVE,34.1769,-118.5168
26010-20000-04140,Encino / Tarzana,91316,Encino - Tarzana,no,,2026-07-24,,,In plan check,Submitted for Quality Review,2026-08-12,Type V-B Construction,Type V (wood-frame),2522.64,254786.64,18.67,no,5835 N SHOSHONE AVE,34.1769,-118.5168
26010-30000-03874,Pacific Palisades,90272,Brentwood - Pacific Palisades,no,Dwelling - Single Family,2026-07-24,,,In plan check,Quality Review Completed,2026-08-05,Type V-B Construction,Type V (wood-frame),,400000.0,,yes,1038 N EMBURY ST,34.0481,-118.5233
26010-10000-03763,Pacific Palisades,90272,Brentwood - Pacific Palisades,no,,2026-07-25,,,In plan check,Quality Review Completed,2026-08-04,Type V-B Construction,Type V (wood-frame),,275000.0,,yes,16801 W LIVORNO DR,34.0446,-118.545
26010-10000-04000,Pacific Palisades,90272,Brentwood - Pacific Palisades,no,Recreation Room,2026-07-25,,,In plan check,Quality Review Completed,2026-08-04,Type V-B Construction,Type V (wood-frame),180.0,22000.0,11.08,no,16801 W LIVORNO DR,34.0446,-118.545
26010-10000-03736,Pacific Palisades,90272,Brentwood - Pacific Palisades,yes,Dwelling - Single Family,2026-07-27,,,In plan check,Verifications in Progress,2026-08-12,Type V-B Construction,Type V (wood-frame),,800000.0,,yes,16656 W LINDA TER,34.0488,-118.5455
26010-10000-03817,Pacific Palisades,90272,Brentwood - Pacific Palisades,yes,,2026-07-27,,,In plan check,Quality Review Completed,2026-08-06,,Not stated,,850000.0,,no,1112 N CHAUTAUQUA BLVD,34.0502,-118.5175
26010-10000-03833,Pacific Palisades,90272,Brentwood - Pacific Palisades,yes,Dwelling - Single Family,2026-07-27,,,In plan check,Quality Review Completed,2026-08-11,Type V-B Construction,Type V (wood-frame),,800000.0,,yes,17856 W PORTO MARINA WAY,34.0419,-118.5646
26010-30000-03002,Pacific Palisades,90272,Brentwood - Pacific Palisades,no,Dwelling - Single Family,2026-07-27,,,In plan check,Verifications in Progress,2026-09-10,,Not stated,1708.0,500000.0,19.75,yes,16050 W TEMECULA ST,34.046,-118.5367
26010-30000-03003,Pacific Palisades,90272,Brentwood - Pacific Palisades,no,Accessory Dwelling Unit,2026-07-27,,,In plan check,Verifications in Progress,2026-09-10,Type V-B Construction,Type V (wood-frame),518.0,50000.0,14.5,yes,16050 W TEMECULA ST,34.046,-118.5367
26010-10000-03711,Pacific Palisades,90272,Brentwood - Pacific Palisades,no,Dwelling - Single Family,2026-07-28,,,In plan check,Verifications in Progress,2026-09-08,Type V-B Construction,Type V (wood-frame),,1500000.0,,yes,362 N LAS CASAS AVE,34.0426,-118.5433
26010-10000-03818,Pacific Palisades,90272,Brentwood - Pacific Palisades,yes,Accessory Dwelling Unit,2026-07-28,,,In plan check,Quality Review Completed,2026-08-06,Type V-B Construction,Type V (wood-frame),,133600.0,,yes,887 N CHATTANOOGA AVE,34.05,-118.5435
26010-10000-03822,Pacific Palisades,90272,Brentwood - Pacific Palisades,yes,Dwelling - Single Family,2026-07-28,,,In plan check,Quality Review Completed,2026-08-10,Type V-B Construction,Type V (wood-frame),,750000.0,,yes,16505 W LAS CASAS PL,34.05,-118.5412
26010-10000-03825,Pacific Palisades,90272,Brentwood - Pacific Palisades,yes,Dwelling - Single Family,2026-07-28,,,In plan check,Quality Review Completed,2026-08-21,Type V-B Construction,Type V (wood-frame),,800000.0,,yes,16716 W VIA LA COSTA,34.0762,-118.547
26010-10000-03826,Pacific Palisades,90272,Brentwood - Pacific Palisades,yes,Dwelling - Single Family,2026-07-28,,,In plan check,Verifications in Progress,2026-09-03,Type V-B Construction,Type V (wood-frame),,1200000.0,,yes,1151 N VILLA VIEW DR,34.0507,-118.5133
26010-10000-03887,Pacific Palisades,90272,Brentwood - Pacific Palisades,yes,Accessory Dwelling Unit,2026-07-28,,,In plan check,Quality Review Completed,2026-08-11,Type V-B Construction,Type V (wood-frame),,700000.0,,no,854 N LAS LOMAS AVE,34.0499,-118.5374
26010-10000-03913,Pacific Palisades,90272,Brentwood - Pacific Palisades,yes,Accessory Dwelling Unit,2026-07-28,,,In plan check,Quality Review Completed,2026-08-19,Type V-B Construction,Type V (wood-frame),1140.0,120000.0,15.92,no,14370 W SUNSET BLVD,34.0482,-118.5123
26010-20000-03914,Pacific Palisades,90272,Brentwood - Pacific Palisades,yes,,2026-07-28,,,In plan check,Quality Review Completed,2026-08-05,Type V-B Construction,Type V (wood-frame),,660000.0,,no,16820 W CHARMEL LANE,34.0615,-118.5518
26010-20000-03915,Pacific Palisades,90272,Brentwood - Pacific Palisades,yes,Accessory Dwelling Unit,2026-07-28,,,In plan check,Quality Review Completed,2026-08-05,Type V-B Construction,Type V (wood-frame),,150000.0,,no,16820 W CHARMEL LANE,34.0615,-118.5518
26010-30000-03889,Pacific Palisades,90272,Brentwood - Pacific Palisades,yes,Dwelling - Single Family,2026-07-28,,,In plan check,Quality Review Completed,2026-08-05,Type V-B Construction,Type V (wood-frame),,900000.0,,yes,372 N GRENOLA ST,34.043,-118.5425
26010-30000-03910,Pacific Palisades,90272,Brentwood - Pacific Palisades,yes,Dwelling - Single Family,2026-07-28,,,In plan check,Quality Review Completed,2026-08-05,Type V-B Construction,Type V (wood-frame),4233.22,700000.0,29.17,yes,1502 E PASEO DE ORO,34.0736,-118.5512
26010-10000-03829,Pacific Palisades,90272,Brentwood - Pacific Palisades,yes,,2026-07-29,,,In plan check,Quality Review Completed,2026-08-14,,Not stated,,650000.0,,no,1111 N CUMBRE ALTA CT,34.0682,-118.5548
26010-10000-03928,Pacific Palisades,90272,Brentwood - Pacific Palisades,yes,Dwelling - Single Family,2026-07-29,,,In plan check,Quality Review Completed,2026-08-06,Type V-A Construction,Type V (wood-frame),,870000.0,,yes,1835 W MICHAEL LANE,34.078,-118.5589
26010-30000-03947,Pacific Palisades,90272,Brentwood - Pacific Palisades,yes,Dwelling - Single Family,2026-07-29,,,In plan check,Quality Review Completed,2026-08-10,Type V-B Construction,Type V (wood-frame),,450000.0,,yes,717 N HAMPDEN PL,34.0428,-118.5264
26010-10000-03139,Pacific Palisades,90272,Brentwood - Pacific Palisades,yes,Dwelling - Single Family,2026-07-30,,,In plan check,Quality Review Completed,2026-08-17,Type V-B Construction,Type V (wood-frame),,210283.0,,yes,700 N SWARTHMORE AVE,34.0426,-118.5269
26010-10000-03351,Pacific Palisades,90272,Brentwood - Pacific Palisades,no,Dwelling - Single Family,2026-07-30,,,In plan check,PC Info Complete,2026-08-26,Type V-B Construction,Type V (wood-frame),2235.0,1200000.0,27.5,yes,16735 W SUNSET BLVD,34.0454,-118.5439
26010-10000-03868,Pacific Palisades,90272,Brentwood - Pacific Palisades,yes,Dwelling - Single Family,2026-07-30,,,In plan check,Quality Review Completed,2026-08-21,Type V-B Construction,Type V (wood-frame),,644571.0,,no,16530 W AKRON ST,34.0506,-118.5425
26010-10000-03869,Pacific Palisades,90272,Brentwood - Pacific Palisades,yes,Dwelling - Single Family,2026-07-30,,,In plan check,Quality Review Completed,2026-08-13,Type V-B Construction,Type V (wood-frame),,317292.0,,yes,867 N CHATTANOOGA AVE,34.0494,-118.5435
26010-10000-03881,Pacific Palisades,90272,Brentwood - Pacific Palisades,no,Dwelling - Single Family,2026-07-30,,,In plan check,Quality Review Completed,2026-08-24,Type V-B Construction,Type V (wood-frame),,750000.0,15.75,yes,14852 W SUNSET BLVD,34.0427,-118.5204
26010-10000-04176,Pacific Palisades,90272,Brentwood - Pacific Palisades,no,Accessory Dwelling Unit,2026-07-30,,,In plan check,Quality Review Completed,2026-08-24,Type V-B Construction,Type V (wood-frame),424.0,63600.0,13.44,no,14852 W SUNSET BLVD,34.0427,-118.5204
26010-30000-03875,Pacific Palisades,90272,Brentwood - Pacific Palisades,yes,Dwelling - Single Family,2026-07-30,,,In plan check,Verifications in Progress,2026-08-25,Type V-B Construction,Type V (wood-frame),,200000.0,17.0,yes,717 N RADCLIFFE AVE,34.0436,-118.5306
26010-10000-03866,Pacific Palisades,90272,Brentwood - Pacific Palisades,yes,Dwelling - Single Family,2026-07-31,,,In plan check,Quality Review Completed,2026-08-10,Type V-A Construction,Type V (wood-frame),,750000.0,,yes,625 N ENCHANTED WAY,34.0499,-118.5477
26010-30000-03978,Pacific Palisades,90272,Brentwood - Pacific Palisades,yes,Dwelling - Single Family,2026-07-31,,,In plan check,PC Info Complete,2026-09-04,Type V-B Construction,Type V (wood-frame),4770.0,800000.0,26.5,yes,1261 N LAS LOMAS AVE,34.0547,-118.5369
26010-20000-03995,Encino / Tarzana,91436,Encino - Tarzana,yes,,2026-08-03,,,In plan check,Quality Review Completed,2026-08-28,Type V-B Construction,Type V (wood-frame),886.0,90000.0,21.5,no,3410 N GREEN VISTA DR,34.1323,-118.4988
26010-20000-04011,Brentwood,90049,Brentwood - Pacific Palisades,no,Accessory Dwelling Unit,2026-08-03,,,In plan check,Quality Review Completed,2026-08-14,Type V-B Construction,Type V (wood-frame),1164.0,120000.0,20.0,no,1116 S BARRINGTON AVE,34.0507,-118.4619
22010-30001-06000,Bel Air / Beverly Crest,90077,Bel Air - Beverly Crest,yes,Dwelling - Single Family,2026-08-04,,,In plan check,Quality Review Completed,2026-08-19,Type V-B Construction,Type V (wood-frame),17732.0,50000.0,30.0,no,940 N STRADELLA ROAD,34.0885,-118.4506
22010-30001-06001,Bel Air / Beverly Crest,90077,Bel Air - Beverly Crest,yes,Accessory Dwelling Unit,2026-08-04,,,In plan check,Quality Review Completed,2026-08-19,Type V-B Construction,Type V (wood-frame),1419.0,10000.0,29.0,no,938 N STRADELLA ROAD,34.0887,-118.4501
22020-30001-02914,Bel Air / Beverly Crest,90077,Bel Air - Beverly Crest,yes,Garage - Private,2026-08-04,,,In plan check,Quality Review Completed,2026-08-19,,Not stated,860.0,10000.0,10.0,no,940 N STRADELLA ROAD,34.0885,-118.4506
26010-10000-03067,Pacific Palisades,90272,Brentwood - Pacific Palisades,yes,Dwelling - Single Family,2026-08-04,,,In plan check,Verifications in Progress,2026-08-31,,Not stated,,1500000.0,,yes,16620 W LINDA TER,34.0491,-118.5442
26010-10000-03709,Pacific Palisades,90272,Brentwood - Pacific Palisades,yes,,2026-08-04,,,In plan check,Quality Review Completed,2026-08-26,,Not stated,,765000.0,,no,17504 W CASTELLAMMARE DR,34.0396,-118.5583
26010-10000-03937,Pacific Palisades,90272,Brentwood - Pacific Palisades,no,Accessory Dwelling Unit,2026-08-04,,,In plan check,Quality Review Completed,2026-08-13,Type V-B Construction,Type V (wood-frame),,98504.0,,yes,851 N HAVERFORD AVE,34.0465,-118.5288
26010-10000-03938,Pacific Palisades,90272,Brentwood - Pacific Palisades,no,Dwelling - Single Family,2026-08-04,,,In plan check,Quality Review Completed,2026-08-10,Type V-B Construction,Type V (wood-frame),2878.0,445984.0,29.58,yes,931 N FISKE ST,34.0462,-118.522
26010-10000-03953,Pacific Palisades,90272,Brentwood - Pacific Palisades,yes,Dwelling - Single Family,2026-08-04,,,In plan check,Quality Review Completed,2026-08-19,Type V-B Construction,Type V (wood-frame),,567000.0,,yes,16525 W CHATTANOOGA PL,34.0495,-118.5417
26010-20000-04030,Pacific Palisades,90272,Brentwood - Pacific Palisades,no,Dwelling - Single Family,2026-08-04,,,In plan check,Quality Review Completed,2026-08-11,Type V-B Construction,Type V (wood-frame),,953000.0,,no,732 N CHAPALA DR,34.041,-118.522
26010-30000-04022,Pacific Palisades,90272,Brentwood - Pacific Palisades,no,Dwelling - Single Family,2026-08-04,,,In plan check,Quality Review Completed,2026-08-12,Type V-B Construction,Type V (wood-frame),4069.0,500000.0,28.5,yes,830 N ILIFF ST,34.0445,-118.5183
26010-30000-04026,Pacific Palisades,90272,Brentwood - Pacific Palisades,no,Dwelling - Single Family,2026-08-04,,,In plan check,Quality Review Completed,2026-08-12,Type V-B Construction,Type V (wood-frame),4386.32,750000.0,,yes,1051 N CHAUTAUQUA BLVD,34.0493,-118.5175
26010-30001-00912,Pacific Palisades,90272,Brentwood - Pacific Palisades,yes,,2026-08-04,,,In plan check,Quality Review Completed,2026-08-24,,Not stated,,2501.0,,no,1031 N BIENVENEDA AVE,34.0537,-118.5411
26010-10000-04015,Pacific Palisades,90272,Brentwood - Pacific Palisades,yes,,2026-08-05,,,In plan check,Quality Review Completed,2026-08-12,Type V-A Construction,Type V (wood-frame),5122.0,759000.0,27.25,yes,1823 W MICHAEL LANE,34.0782,-118.5593
26010-30000-04049,Pacific Palisades,90272,Brentwood - Pacific Palisades,no,Dwelling - Single Family,2026-08-05,,,In plan check,Quality Review Completed,2026-08-14,Type V-B Construction,Type V (wood-frame),,2000000.0,30.0,yes,1054-1058 N FISKE ST,34.0487,-118.5224
26010-30000-04050,Pacific Palisades,90272,Brentwood - Pacific Palisades,no,Accessory Dwelling Unit,2026-08-05,,,In plan check,Quality Review Completed,2026-08-14,Type V-B Construction,Type V (wood-frame),1068.0,500000.0,20.0,yes,1054-1058 N FISKE ST,34.0487,-118.5224
26010-30000-04052,Bel Air / Beverly Crest,90210,Bel Air - Beverly Crest,yes,Dwelling - Single Family,2026-08-05,,,In plan check,Quality Review Completed,2026-09-03,Type V-A Construction,Type V (wood-frame),16574.0,3110000.0,37.5,no,9650 W CEDARBROOK DR,34.1076,-118.4068
26010-30000-04055,Bel Air / Beverly Crest,90210,Bel Air - Beverly Crest,yes,Accessory Dwelling Unit,2026-08-05,,,In plan check,Quality Review Completed,2026-09-03,Type V-A Construction,Type V (wood-frame),193.0,100000.0,,no,9650 W CEDARBROOK DR,34.1076,-118.4068
26010-30000-04057,Bel Air / Beverly Crest,90210,Bel Air - Beverly Crest,yes,,2026-08-05,,,In plan check,PC in Progress,2026-08-28,Type V-A Construction,Type V (wood-frame),16574.0,1500000.0,,no,1880 N HEATHER CT,34.1052,-118.4077
26010-10000-03820,Pacific Palisades,90272,Brentwood - Pacific Palisades,no,Duplex,2026-08-06,,,In plan check,Quality Review Completed,2026-08-25,Type V-B Construction,Type V (wood-frame),,200000.0,,no,823 N HAVERFORD AVE,34.0456,-118.5289
26010-10000-04035,Pacific Palisades,90272,Brentwood - Pacific Palisades,no,,2026-08-06,,,In plan check,Quality Review Completed,2026-08-11,,Not stated,,200000.0,,no,15260 W FRIENDS ST,34.0356,-118.5271
26010-10000-04040,Bel Air / Beverly Crest,90210,Bel Air - Beverly Crest,yes,Accessory Dwelling Unit,2026-08-06,,,In plan check,Quality Review Completed,2026-09-11,,Not stated,,95352.0,,no,2363 N COLDWATER CANYON DR,34.1168,-118.404
26010-30000-04070,Pacific Palisades,90272,Brentwood - Pacific Palisades,no,Dwelling - Single Family,2026-08-06,,,In plan check,Verifications in Progress,2026-08-25,Type V-B Construction,Type V (wood-frame),2662.0,222525.0,,yes,15246 W FRIENDS ST,34.0351,-118.527
26010-30000-04071,Pacific Palisades,90272,Brentwood - Pacific Palisades,no,Dwelling - Single Family,2026-08-06,,,In plan check,Quality Review Completed,2026-08-19,Type V-B Construction,Type V (wood-frame),3668.0,450000.0,33.67,yes,16738 W EDGAR ST,34.047,-118.5452
26010-30000-04076,Pacific Palisades,90272,Brentwood - Pacific Palisades,yes,Dwelling - Single Family,2026-08-06,,,In plan check,Quality Review Completed,2026-08-20,Type V-B Construction,Type V (wood-frame),,800000.0,,yes,16677 W CHARMEL LANE,34.0579,-118.5477
26010-10000-03297,Pacific Palisades,90272,Brentwood - Pacific Palisades,yes,,2026-08-07,,,In plan check,Quality Review Completed,2026-08-17,,Not stated,,750000.0,,yes,1103 N LACHMAN LANE,34.0553,-118.5471
26010-10000-03880,Pacific Palisades,90272,Brentwood - Pacific Palisades,yes,Dwelling - Single Family,2026-08-07,,,In plan check,Submitted for Quality Review,2026-09-02,,Not stated,,819434.0,,no,16541 W LAS CASAS PL,34.0501,-118.5423
26010-10000-04008,Brentwood,90049,Brentwood - Pacific Palisades,no,,2026-08-07,,,In plan check,PC Assigned,2026-08-20,,Not stated,,400000.0,,no,721 S BRISTOL AVE,34.0452,-118.4804
26010-10000-04077,Bel Air / Beverly Crest,90077,Bel Air - Beverly Crest,yes,Dwelling - Single Family,2026-08-07,,,In plan check,Quality Review Completed,2026-08-17,Type V-B Construction,Type V (wood-frame),,2500000.0,,no,1709 N ROSCOMARE ROAD,34.1006,-118.463
26010-10000-04080,Pacific Palisades,90272,Brentwood - Pacific Palisades,no,,2026-08-07,,,In plan check,Quality Review Completed,2026-08-21,Type V-B Construction,Type V (wood-frame),,312600.0,,no,544 N VIA DE LA PAZ,34.0393,-118.5289
26010-20000-04087,Pacific Palisades,90272,Brentwood - Pacific Palisades,yes,Dwelling - Single Family,2026-08-07,,,In plan check,Quality Review Completed,2026-08-31,,Not stated,,550000.0,,yes,649 N JACON WAY,34.0481,-118.5476
26010-30000-04088,Pacific Palisades,90272,Brentwood - Pacific Palisades,yes,Condo-Single Family,2026-08-07,,,In plan check,Quality Review Completed,2026-08-24,Type V-B Construction,Type V (wood-frame),3592.0,700000.0,,yes,1498 E PASEO DE ORO,34.0738,-118.5512
26010-30000-04092,Pacific Palisades,90272,Brentwood - Pacific Palisades,no,Dwelling - Single Family,2026-08-07,2026-09-03,,Issued (under construction),Issued,2026-09-03,Type V-B Construction,Type V (wood-frame),1435.2,220000.0,16.25,yes,565 N SWARTHMORE AVE,34.0398,-118.5279
26010-30000-04114,Pacific Palisades,90272,Brentwood - Pacific Palisades,yes,Dwelling - Single Family,2026-08-10,,,In plan check,Quality Review Completed,2026-08-19,Type V-B Construction,Type V (wood-frame),,1200000.0,,yes,15233 W DE PAUW ST,34.0375,-118.525
26014-30000-03056,Pacific Palisades,90272,Brentwood - Pacific Palisades,yes,Dwelling - Single Family,2026-08-10,,,In plan check,Quality Review Completed,2026-08-19,Type V-B Construction,Type V (wood-frame),4833.0,700000.0,33.0,yes,15281 W DE PAUW ST,34.0389,-118.526
26010-10000-03352,Pacific Palisades,90272,Brentwood - Pacific Palisades,no,,2026-08-11,,,In plan check,Verifications in Progress,2026-09-11,,Not stated,,250000.0,,no,15265 W EARLHAM ST,34.0378,-118.5266
26010-10000-03769,Pacific Palisades,90272,Brentwood - Pacific Palisades,yes,,2026-08-11,,,In plan check,Quality Review Completed,2026-08-19,,Not stated,,371410.0,,no,15323 W BESTOR BLVD,34.0513,-118.526
26010-10000-03952,Pacific Palisades,90272,Brentwood - Pacific Palisades,no,Dwelling - Single Family,2026-08-11,,,In plan check,Quality Review Completed,2026-08-25,Type V-B Construction,Type V (wood-frame),,1200000.0,,yes,1010 N GALLOWAY ST,34.0477,-118.5211
26010-10000-03997,Pacific Palisades,90272,Brentwood - Pacific Palisades,no,,2026-08-11,,,In plan check,Quality Review Completed,2026-08-18,,Not stated,,2350000.0,,yes,337 N LOMBARD AVE,34.0363,-118.5276
26010-10000-04079,Pacific Palisades,90272,Brentwood - Pacific Palisades,no,Dwelling - Single Family,2026-08-11,,,In plan check,Quality Review Completed,2026-08-25,Type V-B Construction,Type V (wood-frame),,500000.0,,yes,766 N VIA DE LA PAZ,34.0445,-118.5276
26010-10000-04084,Pacific Palisades,90272,Brentwood - Pacific Palisades,yes,Dwelling - Single Family,2026-08-11,,,In plan check,Quality Review Completed,2026-08-25,Type V-B Construction,Type V (wood-frame),,1300000.0,,yes,723 N RADCLIFFE AVE,34.0437,-118.5306
26010-10000-04113,Pacific Palisades,90272,Brentwood - Pacific Palisades,yes,Dwelling - Single Family,2026-08-11,,,In plan check,Quality Review Completed,2026-08-18,Type V-B Construction,Type V (wood-frame),,1400000.0,,yes,633 N ENCHANTED WAY,34.0498,-118.548
26010-10000-04129,Pacific Palisades,90272,Brentwood - Pacific Palisades,no,Dwelling - Single Family,2026-08-11,,,In plan check,Quality Review Completed,2026-09-02,,Not stated,,500000.0,,no,1101 N GALLOWAY ST,34.0494,-118.5217
26010-10000-04137,Brentwood,90049,Brentwood - Pacific Palisades,no,Dwelling - Single Family,2026-08-11,,,In plan check,Quality Review Completed,2026-08-27,Type V-B Construction,Type V (wood-frame),,300000.0,,no,12307 W DARLINGTON AVE,34.0457,-118.4728
26010-10000-04237,Brentwood,90049,Brentwood - Pacific Palisades,no,,2026-08-11,,,In plan check,Quality Review Completed,2026-08-27,Type V-B Construction,Type V (wood-frame),1200.0,100000.0,,no,12307 W DARLINGTON AVE,34.0457,-118.4728
26010-10000-04267,Pacific Palisades,90272,Brentwood - Pacific Palisades,yes,Accessory Dwelling Unit,2026-08-11,,,In plan check,Quality Review Completed,2026-08-19,,Not stated,,,,no,15323 W BESTOR BLVD,34.0513,-118.526
26010-30000-04131,Pacific Palisades,90272,Brentwood - Pacific Palisades,yes,Dwelling - Single Family,2026-08-11,2026-09-09,,Issued (under construction),Issued,2026-09-09,Type V-B Construction,Type V (wood-frame),3398.0,500000.0,27.25,yes,650-652 N LAS LOMAS AVE,34.0474,-118.5391
26010-30000-04132,Pacific Palisades,90272,Brentwood - Pacific Palisades,yes,Recreation Room,2026-08-11,2026-09-09,,Issued (under construction),Issued,2026-09-09,Type V-B Construction,Type V (wood-frame),200.0,25000.0,16.25,yes,650 N LAS LOMAS AVE,34.0474,-118.5391
26010-30000-04133,Pacific Palisades,90272,Brentwood - Pacific Palisades,no,Dwelling - Single Family,2026-08-11,,,In plan check,Quality Review Completed,2026-08-24,Type V-B Construction,Type V (wood-frame),,300000.0,,yes,837 N CHAUTAUQUA BLVD,34.0447,-118.5176
26010-30000-04134,Pacific Palisades,90272,Brentwood - Pacific Palisades,no,Recreation Room,2026-08-11,,,In plan check,Quality Review Completed,2026-08-24,Type V-B Construction,Type V (wood-frame),,100000.0,,no,837 N CHAUTAUQUA BLVD,34.0447,-118.5176
26010-30000-04138,Pacific Palisades,90272,Brentwood - Pacific Palisades,yes,Dwelling - Single Family,2026-08-11,,,In plan check,Quality Review Completed,2026-08-20,Type V-B Construction,Type V (wood-frame),,870500.0,,yes,503 N MUSKINGUM AVE,34.0425,-118.5388
26010-30000-04141,Pacific Palisades,90272,Brentwood - Pacific Palisades,yes,Dwelling - Single Family,2026-08-11,,,In plan check,Quality Review Completed,2026-08-19,Type V-B Construction,Type V (wood-frame),,552300.0,,yes,1288 N MONUMENT ST,34.0534,-118.5238
26010-20000-04135,Encino / Tarzana,91356,Encino - Tarzana,yes,Miscellaneous Bldg/Structure,2026-08-12,,,In plan check,Quality Review Completed,2026-08-27,Type V-B Construction,Type V (wood-frame),190.0,20000.0,11.0,no,18429 W ST MORITZ DR,34.1458,-118.5337
26010-20000-04156,Bel Air / Beverly Crest,90210,Bel Air - Beverly Crest,yes,Accessory Living Quarters,2026-08-12,,,In plan check,Quality Review Completed,2026-08-17,Type V-B Construction,Type V (wood-frame),,650000.0,,no,46 N BEVERLY PARK CIR,34.1177,-118.4169
26010-20000-04421,Encino / Tarzana,91356,Encino - Tarzana,yes,Patio Cover,2026-08-12,,,In plan check,Quality Review Completed,2026-08-27,Type V-B Construction,Type V (wood-frame),312.0,20000.0,13.67,no,18429 W ST MORITZ DR,34.1458,-118.5337
26010-30000-04152,Pacific Palisades,90272,Brentwood - Pacific Palisades,yes,Dwelling - Single Family,2026-08-12,,,In plan check,Quality Review Completed,2026-08-24,Type V-B Construction,Type V (wood-frame),8006.0,950000.0,28.0,yes,1407 N CHAUTAUQUA BLVD,34.0545,-118.5219
26014-30000-03089,Pacific Palisades,90272,Brentwood - Pacific Palisades,yes,Dwelling - Single Family,2026-08-12,,,In plan check,Quality Review Completed,2026-08-19,Type V-B Construction,Type V (wood-frame),5309.0,1000000.0,,yes,15305 W DE PAUW ST,34.0393,-118.5263
26010-10000-04127,Pacific Palisades,90272,Brentwood - Pacific Palisades,no,Dwelling - Single Family,2026-08-13,,,In plan check,Quality Review Completed,2026-09-08,Type V-B Construction,Type V (wood-frame),,1800000.0,,yes,1018 N FISKE ST,34.0478,-118.5221
26010-20000-04183,Encino / Tarzana,91356,Encino - Tarzana,yes,Accessory Dwelling Unit,2026-08-13,,,In plan check,Corrections Issued,2026-08-20,Type V-B Construction,Type V (wood-frame),499.0,80000.0,13.25,no,19715 W KOMAR DR,34.1541,-118.5624
26010-30000-04188,Pacific Palisades,90272,Brentwood - Pacific Palisades,no,Dwelling - Single Family,2026-08-13,,,In plan check,Quality Review Completed,2026-08-20,Type V-B Construction,Type V (wood-frame),2739.14,600000.0,,yes,415 N EL MEDIO AVE,34.0407,-118.5357
26010-30000-04200,Pacific Palisades,90272,Brentwood - Pacific Palisades,yes,Dwelling - Single Family,2026-08-13,,,In plan check,Quality Review Completed,2026-08-20,Type V-B Construction,Type V (wood-frame),2739.14,500000.0,,yes,15045 W MCKENDREE AVE,34.052,-118.5242
26010-20000-04210,Pacific Palisades,90272,Brentwood - Pacific Palisades,yes,Dwelling - Single Family,2026-08-14,,,In plan check,Quality Review Completed,2026-08-26,Type V-B Construction,Type V (wood-frame),3377.0,600000.0,,yes,16624 W PEQUENO PL,34.0547,-118.5451
26010-30000-04208,Pacific Palisades,90272,Brentwood - Pacific Palisades,yes,Dwelling - Single Family,2026-08-14,,,In plan check,Quality Review Completed,2026-09-03,Type V-B Construction,Type V (wood-frame),6018.24,5000000.0,31.7,yes,17411 W POSETANO ROAD,34.0395,-118.5568
26010-30000-04209,Pacific Palisades,90272,Brentwood - Pacific Palisades,yes,Garage - Private,2026-08-14,,,In plan check,Quality Review Completed,2026-09-03,Type V-B Construction,Type V (wood-frame),708.27,2000000.0,32.67,yes,17411 W POSETANO ROAD,34.0395,-118.5568
26010-30000-04211,Pacific Palisades,90272,Brentwood - Pacific Palisades,no,Dwelling - Single Family,2026-08-14,,,In plan check,Quality Review Completed,2026-08-24,Type V-N Construction,Type V (wood-frame),2950.94,324500.0,,yes,875 N GALLOWAY ST,34.0453,-118.5208
26010-20000-04246,Encino / Tarzana,91436,Encino - Tarzana,yes,Dwelling - Single Family,2026-08-17,,,In plan check,Quality Review Completed,2026-08-27,Type V-B Construction,Type V (wood-frame),,600000.0,,no,3223 N FOND DR,34.1334,-118.4837
26010-30000-04232,Pacific Palisades,90272,Brentwood - Pacific Palisades,no,Dwelling - Single Family,2026-08-17,,,In plan check,Quality Review Completed,2026-08-24,Type V-B Construction,Type V (wood-frame),3982.0,420000.0,25.6,yes,15441 W ALBRIGHT ST,34.0499,-118.5273
26010-30000-04235,Pacific Palisades,90272,Brentwood - Pacific Palisades,no,Dwelling - Single Family,2026-08-17,,,In plan check,Quality Review Completed,2026-08-24,Type V-B Construction,Type V (wood-frame),3379.0,600000.0,,yes,1055 N FISKE ST,34.0487,-118.5226
26010-30000-04239,Pacific Palisades,90272,Brentwood - Pacific Palisades,yes,Dwelling - Single Family,2026-08-17,,,In plan check,Quality Review Completed,2026-08-24,Type V-B Construction,Type V (wood-frame),4988.0,500000.0,29.41,yes,16780 W MONTE HERMOSO DR,34.0691,-118.5536
26010-30000-04242,Pacific Palisades,90272,Brentwood - Pacific Palisades,yes,Accessory Dwelling Unit,2026-08-17,,,In plan check,Quality Review Completed,2026-08-26,Type V-B Construction,Type V (wood-frame),,200000.0,,no,17642 W TRAMONTO DR,34.0419,-118.5603
26010-30000-04250,Pacific Palisades,90272,Brentwood - Pacific Palisades,yes,Accessory Dwelling Unit,2026-08-17,,,In plan check,Quality Review Completed,2026-09-02,Type V-B Construction,Type V (wood-frame),4963.0,750000.0,,yes,16720 W MONTE HERMOSO DR,34.0676,-118.5523
26010-10000-04224,Encino / Tarzana,91316,Encino - Tarzana,no,Accessory Dwelling Unit,2026-08-18,,,In plan check,Corrections Issued,2026-08-21,Type V-B Construction,Type V (wood-frame),770.0,90000.0,14.42,no,17907 W BURBANK BLVD,34.1724,-118.5223
26010-10000-04280,Bel Air / Beverly Crest,90077,Bel Air - Beverly Crest,yes,Accessory Dwelling Unit,2026-08-18,,,In plan check,Corrections Issued,2026-08-24,Type V-B Construction,Type V (wood-frame),800.0,85000.0,16.08,no,15579 W COLLINA STRADA,34.1165,-118.4758
26010-10000-03991,Pacific Palisades,90272,Brentwood - Pacific Palisades,no,,2026-08-19,,,In plan check,Quality Review Completed,2026-08-24,,Not stated,,547000.0,,no,15271 W VIA DE LAS OLAS,34.0354,-118.528
26010-10000-04178,Encino / Tarzana,91316,Encino - Tarzana,yes,Miscellaneous Bldg/Structure,2026-08-19,,,In plan check,Submitted for Quality Review,2026-09-09,Type V-B Construction,Type V (wood-frame),,300000.0,,no,4571 N COMBER AVE,34.1527,-118.5162
26010-10000-04264,Pacific Palisades,90272,Brentwood - Pacific Palisades,no,,2026-08-19,,,In plan check,Quality Review Completed,2026-08-31,Type V-B Construction,Type V (wood-frame),,1500000.0,,no,536 N TAHQUITZ PL,34.0434,-118.5385
26010-10000-04306,Brentwood,90049,Brentwood - Pacific Palisades,no,,2026-08-19,,,In plan check,PC in Progress,2026-09-04,,Not stated,,1050000.0,,no,11450 W AYRSHIRE ROAD,34.0708,-118.4681
26010-30000-04308,Pacific Palisades,90272,Brentwood - Pacific Palisades,yes,Dwelling - Single Family,2026-08-19,,,In plan check,Quality Review Completed,2026-08-28,,Not stated,5076.0,500000.0,24.0,yes,336 N BELLINO DR,34.0455,-118.5615
26014-30000-03216,Pacific Palisades,90272,Brentwood - Pacific Palisades,yes,Dwelling - Single Family,2026-08-19,,,In plan check,Quality Review Completed,2026-08-28,Type V-B Construction,Type V (wood-frame),,550000.0,33.25,yes,622 N PALMERA AVE,34.0461,-118.5387
26010-10000-03268,Pacific Palisades,90272,Brentwood - Pacific Palisades,yes,,2026-08-20,,,In plan check,Quality Review Completed,2026-08-24,,Not stated,,750000.0,,no,664 N JACON WAY,34.049,-118.5471
26010-10000-04021,Bel Air / Beverly Crest,90077,Bel Air - Beverly Crest,yes,,2026-08-20,,,In plan check,Quality Review Completed,2026-09-04,,Not stated,,3250000.0,,no,10430 W BELLAGIO ROAD,34.0814,-118.4379
26010-10000-04110,Pacific Palisades,90272,Brentwood - Pacific Palisades,no,Dwelling - Single Family,2026-08-20,,,In plan check,Quality Review Completed,2026-08-28,Type V-B Construction,Type V (wood-frame),,1000000.0,,yes,1019 N GALLOWAY ST,34.0479,-118.5214
26010-10000-04288,Pacific Palisades,90272,Brentwood - Pacific Palisades,yes,,2026-08-20,,,In plan check,Quality Review Completed,2026-08-24,,Not stated,,1200000.0,,yes,942 N GLENHAVEN DR,34.0522,-118.5454
26010-10000-04296,Pacific Palisades,90272,Brentwood - Pacific Palisades,yes,,2026-08-20,,,In plan check,Submitted for Quality Review,2026-09-02,,Not stated,,1750000.0,,yes,1328 N DUENDE LANE,34.0597,-118.548
26010-10000-04314,Pacific Palisades,90272,Brentwood - Pacific Palisades,no,Dwelling - Single Family,2026-08-20,,,In plan check,Quality Review Completed,2026-09-02,Type III-B Construction,Type III/IV (mixed / heavy timber),,450000.0,28.5,yes,16796 W EDGAR ST,34.0457,-118.5459
26010-10000-04505,Bel Air / Beverly Crest,90077,Bel Air - Beverly Crest,yes,,2026-08-20,,,In plan check,Quality Review Completed,2026-09-04,Type V-B Construction,Type V (wood-frame),,350000.0,,no,10430 W BELLAGIO ROAD,34.0814,-118.4379
26010-10000-04506,Bel Air / Beverly Crest,90077,Bel Air - Beverly Crest,yes,,2026-08-20,,,In plan check,Quality Review Completed,2026-09-04,Type V-B Construction,Type V (wood-frame),,300000.0,,no,10430 W BELLAGIO ROAD,34.0814,-118.4379
26010-10000-04507,Bel Air / Beverly Crest,90077,Bel Air - Beverly Crest,yes,,2026-08-20,,,In plan check,Quality Review Completed,2026-09-04,Type V-B Construction,Type V (wood-frame),,100000.0,,no,10430 W BELLAGIO ROAD,34.0814,-118.4379
26010-20000-04324,Pacific Palisades,90272,Brentwood - Pacific Palisades,yes,Dwelling - Single Family,2026-08-20,,,In plan check,Quality Review Completed,2026-09-03,Type V-B Construction,Type V (wood-frame),,1000000.0,,yes,17840 W PORTO MARINA WAY,34.042,-118.564
26010-10000-03906,Pacific Palisades,90272,Brentwood - Pacific Palisades,no,Dwelling - Single Family,2026-08-21,,,In plan check,Quality Review Completed,2026-09-10,Type V-B Construction,Type V (wood-frame),3112.35,350000.0,,yes,501 N SALERNO DR,34.0439,-118.5469
26010-10000-04193,Pacific Palisades,90272,Brentwood - Pacific Palisades,yes,Dwelling - Single Family,2026-08-21,,,In plan check,Quality Review Completed,2026-09-11,Type V-B Construction,Type V (wood-frame),3626.0,785000.0,,yes,15444 W ALBRIGHT ST,34.0502,-118.5275
26010-10000-04226,Pacific Palisades,90272,Brentwood - Pacific Palisades,yes,Dwelling - Single Family,2026-08-21,,,In plan check,Quality Review Completed,2026-09-03,Type V-B Construction,Type V (wood-frame),,1003125.0,,yes,961 N GLENHAVEN DR,34.0527,-118.5457
26010-10000-04228,Pacific Palisades,90272,Brentwood - Pacific Palisades,no,Dwelling - Single Family,2026-08-21,,,In plan check,Quality Review Completed,2026-08-31,Type V-B Construction,Type V (wood-frame),,515000.0,,yes,641 N SWARTHMORE AVE,34.0414,-118.5277
26010-10000-04344,Pacific Palisades,90272,Brentwood - Pacific Palisades,no,Dwelling - Single Family,2026-08-21,,,In plan check,Quality Review Completed,2026-09-02,Type V-B Construction,Type V (wood-frame),,850000.0,,yes,915 N HARTZELL ST,34.0461,-118.5199
26010-30000-04331,Bel Air / Beverly Crest,90210,Bel Air - Beverly Crest,yes,Miscellaneous Bldg/Structure,2026-08-21,,,In plan check,Quality Review Completed,2026-09-08,Type V-B Construction,Type V (wood-frame),156.0,30000.0,14.0,no,2620 N BENEDICT CANYON DR,34.1206,-118.4362
26010-30000-04343,Pacific Palisades,90272,Brentwood - Pacific Palisades,no,Dwelling - Single Family,2026-08-21,,,In plan check,Quality Review Completed,2026-09-02,Type V-B Construction,Type V (wood-frame),3377.0,1400000.0,,yes,745 N TOYOPA DR,34.0417,-118.5206
26010-10000-04227,Pacific Palisades,90272,Brentwood - Pacific Palisades,no,,2026-08-24,,,In plan check,PC Assigned,2026-08-27,,Not stated,,447131.0,,no,16835 W LIVORNO DR,34.0441,-118.5457
26010-20000-04359,Encino / Tarzana,91316,Encino - Tarzana,yes,Accessory Dwelling Unit,2026-08-24,,,In plan check,Corrections Issued,2026-08-29,Type V-B Construction,Type V (wood-frame),792.0,93000.0,13.66,no,18036 W RODARTE WAY,34.1481,-118.5261
26010-20000-04379,Brentwood,90049,Brentwood - Pacific Palisades,no,Dwelling - Single Family,2026-08-24,,,In plan check,Quality Review Completed,2026-09-04,Type V-B Construction,Type V (wood-frame),,1320000.0,,no,140 S BURLINGAME AVE,34.0556,-118.4908
26010-20000-04380,Brentwood,90049,Brentwood - Pacific Palisades,no,Miscellaneous Bldg/Structure,2026-08-24,,,In plan check,Quality Review Completed,2026-09-04,Type V-B Construction,Type V (wood-frame),349.0,20000.0,13.0,no,140 S BURLINGAME AVE,34.0556,-118.4908
26010-30000-04375,Pacific Palisades,90272,Brentwood - Pacific Palisades,yes,Dwelling - Single Family,2026-08-24,,,In plan check,Quality Review Completed,2026-09-02,Type V-B Construction,Type V (wood-frame),,860000.0,36.0,yes,15307 W WHITFIELD AVE,34.0521,-118.5259
26010-10000-04313,Pacific Palisades,90272,Brentwood - Pacific Palisades,yes,Dwelling - Single Family,2026-08-25,,,In plan check,Quality Review Completed,2026-09-08,Type V-B Construction,Type V (wood-frame),,500000.0,,yes,17108 W AVENIDA DE LA HERRADURA,34.0766,-118.5579
26010-20000-04398,Pacific Palisades,90272,Brentwood - Pacific Palisades,no,Dwelling - Single Family,2026-08-25,,,In plan check,Quality Review Completed,2026-09-11,Type V-B Construction,Type V (wood-frame),10195.46,1300000.0,35.5,no,1491 N CAPRI DR,34.0573,-118.5023
26010-20000-04399,Pacific Palisades,90272,Brentwood - Pacific Palisades,no,Accessory Dwelling Unit,2026-08-25,,,In plan check,Quality Review Completed,2026-09-11,Type V-B Construction,Type V (wood-frame),800.0,100000.0,15.88,no,1491 N CAPRI DR,34.0573,-118.5023
26010-20000-04408,Pacific Palisades,90272,Brentwood - Pacific Palisades,no,Dwelling - Single Family,2026-08-25,,,In plan check,Quality Review Completed,2026-09-03,Type V-B Construction,Type V (wood-frame),3869.0,420000.0,25.5,yes,857 N ILIFF ST,34.0451,-118.5187
26010-20000-04409,Pacific Palisades,90272,Brentwood - Pacific Palisades,no,Patio Cover,2026-08-25,,,In plan check,Quality Review Completed,2026-09-03,Type V-B Construction,Type V (wood-frame),200.0,4500.0,11.91,yes,857 N ILIFF ST,34.0451,-118.5187
26010-30000-04395,Pacific Palisades,90272,Brentwood - Pacific Palisades,no,Dwelling - Single Family,2026-08-25,,,In plan check,Quality Review Completed,2026-09-02,Type V-B Construction,Type V (wood-frame),1209.0,400000.0,14.92,yes,400 N MOUNT HOLYOKE AVE,34.0376,-118.5313
26010-10000-04010,Pacific Palisades,90272,Brentwood - Pacific Palisades,yes,Dwelling - Single Family,2026-08-26,,,In plan check,Quality Review Completed,2026-09-08,Type V-B Construction,Type V (wood-frame),,720000.0,,yes,15201 W DE PAUW ST,34.0364,-118.5252
26010-10000-04036,Pacific Palisades,90272,Brentwood - Pacific Palisades,yes,Dwelling - Single Family,2026-08-26,,,In plan check,Quality Review Completed,2026-09-08,Type V-B Construction,Type V (wood-frame),,1000000.0,,yes,434 N PUERTO DEL MAR,34.0411,-118.5393
26010-10000-04247,Pacific Palisades,90272,Brentwood - Pacific Palisades,yes,,2026-08-26,,,In plan check,Quality Review Completed,2026-09-02,,Not stated,,900000.0,,no,744 N HAVERFORD AVE,34.0442,-118.529
26010-10000-04281,Pacific Palisades,90272,Brentwood - Pacific Palisades,no,Dwelling - Single Family,2026-08-26,,,In plan check,Quality Review Completed,2026-09-01,Type V-B Construction,Type V (wood-frame),,875000.0,,yes,16821 W LIVORNO DR,34.0443,-118.5453
26010-10000-04312,Pacific Palisades,90272,Brentwood - Pacific Palisades,yes,,2026-08-26,,,In plan check,Submitted for Quality Review,2026-09-10,,Not stated,,650000.0,,no,928 N LAS PULGAS ROAD,34.0507,-118.5378
26010-10000-04351,Pacific Palisades,90272,Brentwood - Pacific Palisades,yes,,2026-08-26,,,In plan check,Submitted for Quality Review,2026-09-04,,Not stated,,1500000.0,,no,670 N HAMPDEN PL,34.0418,-118.5266
26010-10000-04353,Pacific Palisades,90272,Brentwood - Pacific Palisades,yes,,2026-08-26,,,In plan check,Quality Review Completed,2026-09-01,Type II-B Construction,Type I/II (non-combustible),,575000.0,,yes,16101 W ALCIMA AVE,34.0508,-118.5354
26010-10000-04369,Pacific Palisades,90272,Brentwood - Pacific Palisades,yes,,2026-08-26,,,In plan check,Quality Review Completed,2026-09-02,,Not stated,,1200000.0,,no,17846 W LECCO LANE,34.0417,-118.5643
26010-10000-04373,Pacific Palisades,90272,Brentwood - Pacific Palisades,no,,2026-08-26,,,In plan check,Quality Review Completed,2026-09-02,,Not stated,,1750000.0,,no,17059 W LIVORNO DR,34.0419,-118.5505
26010-10000-04414,Encino / Tarzana,91436,Encino - Tarzana,no,,2026-08-26,,,In plan check,PC Assigned,2026-09-10,,Not stated,,200000.0,,no,5057 N GAYNOR AVE,34.1612,-118.4806
26010-30000-04429,Pacific Palisades,90272,Brentwood - Pacific Palisades,no,Dwelling - Single Family,2026-08-26,,,In plan check,Quality Review Completed,2026-09-02,Type V-B Construction,Type V (wood-frame),,430000.0,,yes,15871 W ASILOMAR BLVD,34.0402,-118.5354
26010-30000-04430,Pacific Palisades,90272,Brentwood - Pacific Palisades,no,Patio Cover,2026-08-26,,,In plan check,Quality Review Completed,2026-09-02,Type V-B Construction,Type V (wood-frame),,50000.0,12.0,no,15871 W ASILOMAR BLVD,34.0402,-118.5354
26010-30000-04470,Pacific Palisades,90272,Brentwood - Pacific Palisades,no,Miscellaneous Bldg/Structure,2026-08-26,,,In plan check,Quality Review Completed,2026-09-02,Type V-B Construction,Type V (wood-frame),,20000.0,12.0,no,15871 W ASILOMAR BLVD,34.0402,-118.5354
26014-30000-03294,Pacific Palisades,90272,Brentwood - Pacific Palisades,no,Dwelling - Single Family,2026-08-26,,,In plan check,Quality Review Completed,2026-09-03,Type V-B Construction,Type V (wood-frame),,1000000.0,,yes,16759 W EDGAR ST,34.0464,-118.5456
26010-30000-04440,Pacific Palisades,90272,Brentwood - Pacific Palisades,no,Dwelling - Single Family,2026-08-27,,,In plan check,Quality Review Completed,2026-09-03,Type V-B Construction,Type V (wood-frame),,700000.0,,yes,545 N MUSKINGUM PL,34.0432,-118.5379
26010-10000-04287,Pacific Palisades,90272,Brentwood - Pacific Palisades,yes,Dwelling - Single Family,2026-08-28,,,In plan check,Quality Review Completed,2026-09-11,Type V-B Construction,Type V (wood-frame),,1800000.0,,yes,560 N RADCLIFFE AVE,34.04,-118.5311
26010-30000-04634,Pacific Palisades,90272,Brentwood - Pacific Palisades,yes,Accessory Dwelling Unit,2026-08-28,,,In plan check,Quality Review Completed,2026-09-11,Type V-B Construction,Type V (wood-frame),,250000.0,,yes,560 N RADCLIFFE AVE,34.04,-118.5311
26010-10000-04202,Pacific Palisades,90272,Brentwood - Pacific Palisades,yes,Dwelling - Single Family,2026-08-31,,,In plan check,Quality Review Completed,2026-09-11,Type V-B Construction,Type V (wood-frame),,4000000.0,,yes,615 N PALMERA AVE,34.0461,-118.539
26010-10000-04315,Pacific Palisades,90272,Brentwood - Pacific Palisades,yes,,2026-08-31,,,In plan check,Quality Review Completed,2026-09-08,Type V-B Construction,Type V (wood-frame),,500000.0,,yes,687 N HAMPDEN PL,34.0424,-118.5266
26010-10000-04334,Pacific Palisades,90272,Brentwood - Pacific Palisades,yes,Dwelling - Single Family,2026-08-31,,,In plan check,Quality Review Completed,2026-09-08,Type V-B Construction,Type V (wood-frame),2888.15,700000.0,28.83,yes,364 N ARNO WAY,34.0423,-118.5456
26010-10000-04569,Bel Air / Beverly Crest,90077,Bel Air - Beverly Crest,yes,Carport,2026-08-31,,,In plan check,Submitted for Quality Review,2026-09-08,Type V-B Construction,Type V (wood-frame),,300000.0,,no,1704 W STONE CANYON ROAD,34.1041,-118.4592
26010-30000-04482,Pacific Palisades,90272,Brentwood - Pacific Palisades,no,Dwelling - Single Family,2026-08-31,,,In plan check,Quality Review Completed,2026-09-08,Type V-B Construction,Type V (wood-frame),,432100.0,,yes,554 N TAHQUITZ PL,34.0438,-118.5381
26010-10000-04182,Pacific Palisades,90272,Brentwood - Pacific Palisades,no,Dwelling - Single Family,2026-09-01,,,In plan check,Quality Review Completed,2026-09-08,Type V-B Construction,Type V (wood-frame),3304.0,4000000.0,28.0,yes,843 N ILIFF ST,34.0447,-118.5186
26010-10000-04318,Pacific Palisades,90272,Brentwood - Pacific Palisades,no,Dwelling - Single Family,2026-09-01,,,In plan check,Quality Review Completed,2026-09-11,Type V-B Construction,Type V (wood-frame),,500000.0,,yes,500 N SALERNO DR,34.044,-118.5467
26010-10000-04349,Pacific Palisades,90272,Brentwood - Pacific Palisades,yes,,2026-09-01,,,In plan check,PC Assigned,2026-09-03,,Not stated,,1100000.0,,no,16951 W DULCE YNEZ LANE,34.047,-118.5505
26010-10000-04442,Pacific Palisades,90272,Brentwood - Pacific Palisades,yes,Dwelling - Single Family,2026-09-01,,,In plan check,Quality Review Completed,2026-09-11,Type V-B Construction,Type V (wood-frame),,1200000.0,,yes,759 N JACON WAY,34.0507,-118.5468
26010-10000-04523,Encino / Tarzana,91436,Encino - Tarzana,yes,,2026-09-01,,,In plan check,PC Assigned,2026-09-03,,Not stated,,890000.0,,no,16529 W ADLON ROAD,34.1449,-118.4942
26010-10000-04535,Pacific Palisades,90272,Brentwood - Pacific Palisades,no,,2026-09-01,,,In plan check,Quality Review Completed,2026-09-09,,Not stated,,600000.0,,no,14844 W SUNSET BLVD,34.0426,-118.5203
26010-10000-04649,Pacific Palisades,90272,Brentwood - Pacific Palisades,no,Garage - Private,2026-09-01,,,In plan check,Quality Review Completed,2026-09-11,Type V-B Construction,Type V (wood-frame),,100000.0,,yes,500 N SALERNO DR,34.044,-118.5467
26010-10000-04445,Pacific Palisades,90272,Brentwood - Pacific Palisades,yes,Dwelling - Single Family,2026-09-02,,,In plan check,Submitted for Quality Review,2026-09-08,Type V-B Construction,Type V (wood-frame),,722000.0,,yes,744 N JACON WAY,34.0503,-118.5465
26010-10000-04478,Pacific Palisades,90272,Brentwood - Pacific Palisades,no,Dwelling - Single Family,2026-09-02,,,In plan check,Quality Review Completed,2026-09-11,Type V-B Construction,Type V (wood-frame),,160635.0,,yes,15260 W DE PAUW ST,34.0382,-118.5258
26010-10000-04597,Pacific Palisades,90272,Brentwood - Pacific Palisades,no,Carport,2026-09-02,,,In plan check,Quality Review Completed,2026-09-11,Type V-B Construction,Type V (wood-frame),,20000.0,,no,15260 W DE PAUW ST,34.0382,-118.5258
26010-20000-04543,Pacific Palisades,90272,Brentwood - Pacific Palisades,yes,,2026-09-02,,,In plan check,PC Assigned,2026-09-10,,Not stated,,380000.0,,no,17844 W CASTELLAMMARE DR,34.0425,-118.5638
26010-10000-04194,Pacific Palisades,90272,Brentwood - Pacific Palisades,yes,,2026-09-03,,,In plan check,Quality Review Completed,2026-09-10,,Not stated,,800000.0,,yes,294 N BELLINO DR,34.0446,-118.5606
26010-10000-04441,Pacific Palisades,90272,Brentwood - Pacific Palisades,no,Dwelling - Single Family,2026-09-03,,,In plan check,Quality Review Completed,2026-09-10,,Not stated,,1000000.0,,yes,923 N FISKE ST,34.046,-118.522
26010-10000-04596,Pacific Palisades,90272,Brentwood - Pacific Palisades,no,Accessory Dwelling Unit,2026-09-03,,,In plan check,Quality Review Completed,2026-09-10,,Not stated,,,,no,923 N FISKE ST,34.046,-118.522
26010-10000-04555,Pacific Palisades,90272,Brentwood - Pacific Palisades,yes,,2026-09-04,,,In plan check,PC Assigned,2026-09-10,,Not stated,,1000000.0,,no,659 N RADCLIFFE AVE,34.0427,-118.5308
26010-10000-04559,Pacific Palisades,90272,Brentwood - Pacific Palisades,no,Dwelling - Single Family,2026-09-04,,,In plan check,Submitted for Quality Review,2026-09-11,Type V-B Construction,Type V (wood-frame),,450000.0,,yes,17030 W BOLLINGER DR,34.0433,-118.5498
26010-10000-04560,Pacific Palisades,90272,Brentwood - Pacific Palisades,no,Dwelling - Single Family,2026-09-04,,,In plan check,Submitted for Quality Review,2026-09-11,Type V-B Construction,Type V (wood-frame),3415.0,900000.0,26.7,no,1140 N GALLOWAY ST,34.0504,-118.5217
26010-10000-04564,Bel Air / Beverly Crest,90210,Bel Air - Beverly Crest,yes,,2026-09-04,,,In plan check,PC Assigned,2026-09-10,,Not stated,,800000.0,,no,10048 W CIELO DR,34.0944,-118.4317
26010-30000-04571,Pacific Palisades,90272,Brentwood - Pacific Palisades,no,Garage - Private,2026-09-04,,,In plan check,Corrections Issued,2026-09-04,Type V-B Construction,Type V (wood-frame),506.0,20000.0,12.5,yes,843 N HAVERFORD AVE,34.0462,-118.5287
26010-30000-04572,Pacific Palisades,90272,Brentwood - Pacific Palisades,no,,2026-09-04,,,In plan check,PC Assigned,2026-09-10,,Not stated,,300000.0,,no,1040 N ILIFF ST,34.0489,-118.5193
26010-30000-04583,Pacific Palisades,90272,Brentwood - Pacific Palisades,yes,,2026-09-04,,,In plan check,PC Assigned,2026-09-10,,Not stated,,680000.0,,yes,212 N ADERNO WAY,34.0423,-118.5449
26010-10000-04366,Pacific Palisades,90272,Brentwood - Pacific Palisades,no,,2026-09-08,,,In plan check,PC Assigned,2026-09-10,,Not stated,,300000.0,,no,1019 N EMBURY ST,34.0476,-118.5234
26010-10000-04477,Pacific Palisades,90272,Brentwood - Pacific Palisades,yes,,2026-09-08,,,In plan check,PC Assigned,2026-09-10,,Not stated,,500000.0,,no,847 N JACON WAY,34.0522,-118.5471
26010-10000-04557,Pacific Palisades,90272,Brentwood - Pacific Palisades,no,,2026-09-08,,,In plan check,PC Assigned,2026-09-10,,Not stated,,500000.0,,no,527 N LOMBARD AVE,34.0387,-118.5268
26010-10000-04600,Pacific Palisades,90272,Brentwood - Pacific Palisades,yes,,2026-09-08,,,In plan check,PC Assigned,2026-09-10,,Not stated,,650000.0,,no,1365 N GOUCHER ST,34.0542,-118.5227
26010-20000-04599,Encino / Tarzana,91356,Encino - Tarzana,yes,,2026-09-08,,,In plan check,PC Assigned,2026-09-10,,Not stated,,30000.0,,no,4745 N VANALDEN AVE,34.1563,-118.5531
26010-30000-04606,Pacific Palisades,90272,Brentwood - Pacific Palisades,yes,Dwelling - Single Family,2026-09-08,,,In plan check,PC Assigned,2026-09-10,,Not stated,,700000.0,,no,16646 W LINDA TER,34.049,-118.5451
26010-10000-04126,Pacific Palisades,90272,Brentwood - Pacific Palisades,no,,2026-09-09,,,In plan check,PC Assigned,2026-09-10,,Not stated,,473822.0,,no,16827 W LIVORNO DR,34.0442,-118.5455
26010-10000-04352,Pacific Palisades,90272,Brentwood - Pacific Palisades,yes,,2026-09-09,,,In plan check,PC Assigned,2026-09-10,,Not stated,,2200000.0,,no,330 N BELLINO DR,34.0455,-118.5614
26010-10000-04480,Pacific Palisades,90272,Brentwood - Pacific Palisades,no,,2026-09-09,,,In plan check,PC Assigned,2026-09-10,,Not stated,,1200000.0,,no,536 N MUSKINGUM PL,34.0429,-118.5378
26010-10000-04553,Pacific Palisades,90272,Brentwood - Pacific Palisades,yes,,2026-09-09,,,In plan check,PC Assigned,2026-09-10,,Not stated,,900000.0,,no,1039 N LAS PULGAS ROAD,34.0517,-118.5385
26010-10000-04558,Pacific Palisades,90272,Brentwood - Pacific Palisades,yes,,2026-09-09,,,In plan check,PC Assigned,2026-09-10,,Not stated,,600000.0,,no,666 N LAS CASAS AVE,34.0476,-118.5417
26010-10000-04601,Pacific Palisades,90272,Brentwood - Pacific Palisades,yes,,2026-09-09,,,In plan check,PC Assigned,2026-09-10,,Not stated,,795000.0,,no,1877 W MICHAEL LANE,34.0773,-118.5579
26010-10000-04603,Pacific Palisades,90272,Brentwood - Pacific Palisades,no,Dwelling - Single Family,2026-09-09,,,In plan check,PC in Progress,2026-09-11,Type V-B Construction,Type V (wood-frame),,660000.0,,yes,1027 N FISKE ST,34.0479,-118.5224
26010-30000-04622,Pacific Palisades,90272,Brentwood - Pacific Palisades,no,,2026-09-09,,,In plan check,PC Assigned,2026-09-10,,Not stated,,450000.0,,no,844 N FISKE ST,34.0443,-118.5214
26010-30000-04623,Pacific Palisades,90272,Brentwood - Pacific Palisades,no,,2026-09-09,,,In plan check,PC Assigned,2026-09-10,,Not stated,,500000.0,,no,1018 N GALLOWAY ST,34.0479,-118.5211
26010-30000-04625,Pacific Palisades,90272,Brentwood - Pacific Palisades,yes,Dwelling - Single Family,2026-09-09,,,In plan check,PC Assigned,2026-09-10,,Not stated,,400000.0,,yes,946 N BIENVENEDA AVE,34.0517,-118.5398
26010-30000-04626,Pacific Palisades,90272,Brentwood - Pacific Palisades,no,Dwelling - Single Family,2026-09-09,,,In plan check,PC Assigned,2026-09-10,,Not stated,,500000.0,,yes,1159 N MONUMENT ST,34.0506,-118.5252
26010-10000-04192,Pacific Palisades,90272,Brentwood - Pacific Palisades,yes,,2026-09-10,,,In plan check,Submitted,2026-09-10,,Not stated,,750000.0,,no,506 N MOUNT HOLYOKE AVE,34.0388,-118.5309
26010-10000-04602,Pacific Palisades,90272,Brentwood - Pacific Palisades,yes,,2026-09-10,,,In plan check,Submitted,2026-09-10,,Not stated,,250000.0,,no,785 N RADCLIFFE AVE,34.0452,-118.5302
26010-10000-04646,Pacific Palisades,90272,Brentwood - Pacific Palisades,yes,,2026-09-10,,,In plan check,Submitted,2026-09-10,,Not stated,,439890.0,,no,14935 W WHITFIELD AVE,34.052,-118.523
26010-10000-04647,Pacific Palisades,90272,Brentwood - Pacific Palisades,yes,,2026-09-11,,,In plan check,Submitted,2026-09-11,,Not stated,,735000.0,,no,1859 W MICHAEL LANE,34.0776,-118.5583
26010-20000-04689,Pacific Palisades,90272,Brentwood - Pacific Palisades,no,,2026-09-11,,,In plan check,Submitted,2026-09-11,,Not stated,,475000.0,,yes,1142 N HARTZELL ST,34.0505,-118.5207
26010-30000-04676,Pacific Palisades,90272,Brentwood - Pacific Palisades,no,,2026-09-11,,,In plan check,Submitted,2026-09-11,,Not stated,,520000.0,,no,576 N VIA DE LA PAZ,34.04,-118.5287
